RESIDUE,AA,ACC,STRUCTURE
235,W,147,.
236,E,101,B
237,M,22,Ê
238,E,118,Ê
239,R,72,T
240,T,104,T
241,D,37,S
242,I,9,E
243,T,65,E
244,M,62,E
245,K,107,E
246,H,61,E
247,K,87,E
248,L,26,G
249,G,43,G
250,G,78,G
251,G,33,G
252,Q,66,T
253,Y,26,T
254,G,23,S
255,E,75,S
256,V,19,E
257,Y,52,E
258,E,60,E
259,G,0,E
260,V,35,E
261,W,38,E
262,K,104,G
263,K,130,G
264,Y,138,G
265,S,111,T
266,L,67,E
267,T,61,E
268,V,0,E
269,A,12,E
270,V,0,E
271,K,58,E
272,T,17,E
273,L,28,Ê
274,K,65,Ê
275,!,0,Ê
276,D,169,Ê
277,T,80,Ê
278,M,100,S
279,E,92,Ê
280,V,58,H
281,E,145,H
282,E,137,H
283,F,7,H
284,L,67,H
285,K,57,H
286,E,49,H
287,A,2,H
288,A,43,H
289,V,59,H
290,M,27,H
291,K,71,H
292,E,126,T
293,I,33,Ê
294,K,65,Ê
295,H,30,Ê
296,P,91,T
297,N,16,T
298,L,14,B
299,V,27,Ê
300,Q,84,Ê
301,L,13,E
302,L,43,E
303,G,0,E
304,V,0,E
305,C,8,E
306,T,30,Ê
307,R,87,S
308,E,66,S
309,P,86,S
310,P,69,S
311,F,34,Ê
312,Y,22,E
313,I,5,E
314,I,0,E
315,T,21,E
316,E,34,E
317,F,67,Ê
318,M,23,Ê
319,T,71,T
320,Y,120,T
321,G,22,E
322,N,5,E
323,L,0,H
324,L,24,H
325,D,50,H
326,Y,26,H
327,L,0,H
328,R,120,H
329,E,155,H
330,C,26,S
331,N,89,Ê
332,R,140,T
333,Q,166,T
334,E,96,T
335,V,0,S
336,N,69,Ê
337,A,72,H
338,V,74,H
339,V,14,H
340,L,24,H
341,L,32,H
342,Y,75,H
343,M,0,H
344,A,3,H
345,T,11,H
346,Q,8,H
347,I,1,H
348,S,0,H
349,S,20,H
350,A,0,H
351,M,0,H
352,E,62,H
353,Y,59,H
354,L,8,H
355,E,30,H
356,K,94,H
357,K,54,T
358,N,152,T
359,F,58,Ê
360,I,71,Ê
361,H,17,Ê
362,R,137,S
363,D,15,Ê
364,L,0,Ê
365,A,0,S
366,A,0,G
367,R,9,G
368,N,0,G
369,C,0,E
370,L,19,E
371,V,0,E
372,G,2,Ê
373,E,100,G
374,N,145,G
375,H,32,G
376,L,51,Ê
377,V,0,E
378,K,14,E
379,V,1,E
380,A,6,Ê
381,D,76,Ê
382,F,38,Ê
383,G,42,Ê
384,L,4,H
385,S,45,H
386,R,107,H
387,L,51,H
388,M,51,Ê
389,T,-55,Ê
390,G,32,S
391,D,58,S
392,T,47,S
393,Y,5,S
394,T,39,E
395,A,37,E
396,H,30,E
397,A,23,T
398,G,35,T
399,A,39,E
400,K,61,E
401,F,33,E
402,P,7,Ê
403,I,23,G
404,K,33,G
405,W,18,G
406,T,10,S
407,A,1,Ê
408,P,2,H
409,E,19,H
410,S,1,H
411,L,19,H
412,A,7,H
413,Y,149,H
414,N,44,Ê
415,K,134,Ê
416,F,33,Ê
417,S,40,Ê
418,I,34,H
419,K,43,H
420,S,6,H
421,D,2,H
422,V,0,H
423,W,1,H
424,A,5,H
425,F,0,H
426,G,0,H
427,V,0,H
428,L,0,H
429,L,4,H
430,W,3,H
431,E,2,H
432,I,5,H
433,A,18,H
434,T,16,T
435,Y,35,T
436,G,3,S
437,M,106,Ê
438,S,68,Ê
439,P,1,S
440,Y,3,S
441,P,36,T
442,G,39,T
443,I,4,Ê
444,D,36,Ê
445,L,49,G
446,S,63,G
447,Q,14,G
448,V,1,H
449,Y,18,H
450,E,62,H
451,L,4,H
452,L,2,H
453,E,104,H
454,K,92,T
455,D,98,T
456,Y,1,Ê
457,R,11,Ê
458,M,0,Ê
459,E,44,Ê
460,R,113,Ê
461,P,9,Ê
462,E,195,T
463,G,72,T
464,C,5,Ê
465,P,72,Ê
466,E,75,H
467,K,55,H
468,V,13,H
469,Y,36,H
470,E,58,H
471,L,23,H
472,M,0,H
473,R,100,H
474,A,26,H
475,C,0,H
476,W,1,T
477,Q,83,Ê
478,W,90,S
479,N,73,S
480,P,31,G
481,S,85,G
482,D,96,G
483,R,6,S
484,P,15,Ê
485,S,21,Ê
486,F,0,H
487,A,38,H
488,E,122,H
489,I,0,H
490,H,35,H
491,Q,76,H
492,A,35,H
493,F,0,H
494,E,66,H
495,T,89,H
496,M,41,H
497,F,95,Ê
498,Q,194,Ê
,,,Ê
,,,Ê
,,,T
,,,T
,,,B
,,,Ê
,,,Ê
,,,G
,,,G
,,,G
,,,E
,,,E
,,,E
,,,E
,,,E
,,,E
,,,G
,,,G
,,,G
,,,G
,,,T
,,,T
,,,S
,,,S
,,,E
,,,E
,,,E
,,,E
,,,E
,,,E
,,,G
,,,G
,,,G
,,,T
,,,E
,,,E
,,,E
,,,E
,,,E
,,,E
,,,E
,,,Ê
,,,Ê
,,,Ê
,,,Ê
,,,Ê
,,,T
,,,T
,,,H
,,,H
,,,H
,,,H
,,,H
,,,H
,,,H
,,,H
,,,H
,,,H
,,,H
,,,H
,,,T
,,,Ê
,,,Ê
,,,Ê
,,,T
,,,T
,,,B
,,,Ê
,,,Ê
,,,E
,,,E
,,,E
,,,E
,,,E
,,,Ê
,,,S
,,,S
,,,S
,,,S
,,,Ê
,,,E
,,,E
,,,E
,,,E
,,,E
,,,Ê
,,,Ê
,,,T
,,,T
,,,Ê
,,,B
,,,H
,,,H
,,,H
,,,H
,,,H
,,,H
,,,H
,,,S
,,,Ê
,,,T
,,,T
,,,T
,,,S
,,,Ê
,,,H
,,,H
,,,H
,,,H
,,,H
,,,H
,,,H
,,,H
,,,H
,,,H
,,,H
,,,H
,,,H
,,,H
,,,H
,,,H
,,,H
,,,H
,,,H
,,,H
,,,T
,,,T
,,,Ê
,,,Ê
,,,Ê
,,,S
,,,Ê
,,,Ê
,,,S
,,,G
,,,G
,,,G
,,,E
,,,E
,,,E
,,,E
,,,G
,,,G
,,,G
,,,E
,,,E
,,,E
,,,E
,,,Ê
,,,Ê
,,,Ê
,,,Ê
,,,H
,,,H
,,,H
,,,H
,,,Ê
,,,Ê
,,,S
,,,S
,,,S
,,,S
,,,E
,,,E
,,,E
,,,T
,,,T
,,,E
,,,E
,,,E
,,,Ê
,,,G
,,,G
,,,G
,,,S
,,,Ê
,,,H
,,,H
,,,H
,,,H
,,,H
,,,H
,,,Ê
,,,Ê
,,,Ê
,,,Ê
,,,H
,,,H
,,,H
,,,H
,,,H
,,,H
,,,H
,,,H
,,,H
,,,H
,,,H
,,,H
,,,H
,,,H
,,,H
,,,H
,,,T
,,,T
,,,S
,,,Ê
,,,Ê
,,,S
,,,S
,,,T
,,,T
,,,Ê
,,,Ê
,,,G
,,,G
,,,G
,,,H
,,,H
,,,H
,,,H
,,,H
,,,H
,,,T
,,,T
,,,Ê
,,,Ê
,,,Ê
,,,Ê
,,,Ê
,,,Ê
,,,T
,,,T
,,,Ê
,,,Ê
,,,H
,,,H
,,,H
,,,H
,,,H
,,,H
,,,H
,,,H
,,,H
,,,H
,,,T
,,,Ê
,,,S
,,,S
,,,G
,,,G
,,,G
,,,S
,,,Ê
,,,Ê
,,,H
,,,H
,,,H
,,,H
,,,H
,,,H
,,,H
,,,H
,,,H
,,,H
,,,H
,,,H
,,,Ê
,,,Ê
,,,Ê
,,,Ê
,,,S
,,,B
,,,Ê
,,,Ê
,,,G
,,,G
,,,G
,,,E
,,,E
,,,E
,,,E
,,,E
,,,E
,,,S
,,,G
,,,G
,,,G
,,,T
,,,T
,,,S
,,,S
,,,E
,,,E
,,,E
,,,E
,,,E
,,,E
,,,G
,,,G
,,,G
,,,T
,,,E
,,,E
,,,E
,,,E
,,,E
,,,E
,,,E
,,,E
,,,Ê
,,,Ê
,,,Ê
,,,Ê
,,,Ê
,,,S
,,,H
,,,H
,,,H
,,,H
,,,H
,,,H
,,,H
,,,H
,,,H
,,,H
,,,H
,,,H
,,,T
,,,Ê
,,,Ê
,,,Ê
,,,T
,,,T
,,,B
,,,Ê
,,,Ê
,,,E
,,,E
,,,E
,,,E
,,,E
,,,Ê
,,,S
,,,S
,,,S
,,,S
,,,E
,,,E
,,,E
,,,E
,,,E
,,,E
,,,Ê
,,,Ê
,,,T
,,,T
,,,Ê
,,,B
,,,H
,,,H
,,,H
,,,H
,,,H
,,,H
,,,H
,,,S
,,,Ê
,,,T
,,,T
,,,T
,,,S
,,,Ê
,,,H
,,,H
,,,H
,,,H
,,,H
,,,H
,,,H
,,,H
,,,H
,,,H
,,,H
,,,H
,,,H
,,,H
,,,H
,,,H
,,,H
,,,H
,,,H
,,,H
,,,T
,,,T
,,,Ê
,,,Ê
,,,Ê
,,,S
,,,Ê
,,,Ê
,,,S
,,,G
,,,G
,,,G
,,,E
,,,E
,,,E
,,,Ê
,,,G
,,,G
,,,G
,,,Ê
,,,E
,,,E
,,,E
,,,Ê
,,,Ê
,,,Ê
,,,Ê
,,,H
,,,H
,,,H
,,,H
,,,Ê
,,,Ê
,,,Ê
,,,Ê
,,,E
,,,E
,,,E
,,,T
,,,T
,,,E
,,,E
,,,E
,,,Ê
,,,G
,,,G
,,,G
,,,S
,,,Ê
,,,H
,,,H
,,,H
,,,H
,,,H
,,,H
,,,Ê
,,,Ê
,,,Ê
,,,Ê
,,,H
,,,H
,,,H
,,,H
,,,H
,,,H
,,,H
,,,H
,,,H
,,,H
,,,H
,,,H
,,,H
,,,H
,,,H
,,,H
,,,T
,,,T
,,,S
,,,Ê
,,,Ê
,,,S
,,,S
,,,T
,,,T
,,,Ê
,,,Ê
,,,H
,,,H
,,,H
,,,H
,,,H
,,,H
,,,H
,,,H
,,,H
,,,T
,,,T
,,,Ê
,,,Ê
,,,Ê
,,,Ê
,,,Ê
,,,Ê
,,,T
,,,T
,,,Ê
,,,Ê
,,,H
,,,H
,,,H
,,,H
,,,H
,,,H
,,,H
,,,H
,,,H
,,,H
,,,T
,,,Ê
,,,S
,,,S
,,,G
,,,G
,,,G
,,,S
,,,Ê
,,,Ê
,,,H
,,,H
,,,H
,,,H
,,,H
,,,H
,,,H
,,,H
,,,H
,,,H
,,,H
,,,H
,,,Ê
,,,Ê
,,,Ê
,,,Ê
,,,S
,,,B
,,,Ê
,,,Ê
,,,G
,,,G
,,,G
,,,E
,,,E
,,,E
,,,E
,,,E
,,,E
,,,G
,,,G
,,,G
,,,G
,,,T
,,,T
,,,S
,,,S
,,,E
,,,E
,,,E
,,,E
,,,E
,,,E
,,,T
,,,T
,,,T
,,,T
,,,E
,,,E
,,,E
,,,E
,,,E
,,,E
,,,Ê
,,,Ê
,,,Ê
,,,Ê
,,,Ê
,,,Ê
,,,Ê
,,,H
,,,H
,,,H
,,,H
,,,H
,,,H
,,,H
,,,H
,,,H
,,,H
,,,H
,,,H
,,,H
,,,Ê
,,,Ê
,,,Ê
,,,T
,,,T
,,,B
,,,Ê
,,,Ê
,,,E
,,,E
,,,E
,,,E
,,,E
,,,Ê
,,,S
,,,S
,,,S
,,,S
,,,Ê
,,,E
,,,E
,,,E
,,,E
,,,E
,,,Ê
,,,Ê
,,,T
,,,T
,,,E
,,,E
,,,H
,,,H
,,,H
,,,H
,,,H
,,,H
,,,H
,,,S
,,,Ê
,,,T
,,,T
,,,T
,,,S
,,,Ê
,,,H
,,,H
,,,H
,,,H
,,,H
,,,H
,,,H
,,,H
,,,H
,,,H
,,,H
,,,H
,,,H
,,,H
,,,H
,,,H
,,,H
,,,H
,,,H
,,,H
,,,T
,,,T
,,,Ê
,,,Ê
,,,Ê
,,,S
,,,Ê
,,,Ê
,,,S
,,,G
,,,G
,,,G
,,,E
,,,E
,,,E
,,,Ê
,,,G
,,,G
,,,G
,,,Ê
,,,E
,,,E
,,,E
,,,Ê
,,,Ê
,,,Ê
,,,Ê
,,,H
,,,H
,,,H
,,,H
,,,Ê
,,,Ê
,,,S
,,,S
,,,S
,,,S
,,,E
,,,E
,,,E
,,,T
,,,T
,,,E
,,,E
,,,E
,,,Ê
,,,T
,,,T
,,,T
,,,S
,,,Ê
,,,H
,,,H
,,,H
,,,H
,,,H
,,,H
,,,Ê
,,,Ê
,,,Ê
,,,Ê
,,,H
,,,H
,,,H
,,,H
,,,H
,,,H
,,,H
,,,H
,,,H
,,,H
,,,H
,,,H
,,,H
,,,H
,,,H
,,,H
,,,T
,,,T
,,,S
,,,Ê
,,,Ê
,,,S
,,,S
,,,T
,,,T
,,,Ê
,,,Ê
,,,G
,,,G
,,,G
,,,H
,,,H
,,,H
,,,H
,,,H
,,,H
,,,T
,,,T
,,,Ê
,,,Ê
,,,Ê
,,,Ê
,,,Ê
,,,Ê
,,,T
,,,T
,,,Ê
,,,Ê
,,,H
,,,H
,,,H
,,,H
,,,H
,,,H
,,,H
,,,H
,,,H
,,,H
,,,T
,,,Ê
,,,S
,,,S
,,,G
,,,G
,,,G
,,,S
,,,Ê
,,,Ê
,,,H
,,,H
,,,H
,,,H
,,,H
,,,H
,,,H
,,,H
,,,H
,,,H
,,,H
,,,H
,,,Ê