"","Chromosome","Position","rsIDs","Reference","Alternate","Source","Filters...exomes","Filters...genomes","Transcript","HGVS.Consequence","Protein.Consequence","Transcript.Consequence","VEP.Annotation","ClinVar.Clinical.Significance","ClinVar.Variation.ID","Flags","Allele.Count","Allele.Number","Allele.Frequency","Homozygote.Count","Hemizygote.Count","Allele.Count.Other","Allele.Number.Other","Homozygote.Count.Other","Hemizygote.Count.Other","Allele.Count.Latino.Admixed.American","Allele.Number.Latino.Admixed.American","Homozygote.Count.Latino.Admixed.American","Hemizygote.Count.Latino.Admixed.American","Allele.Count.European..Finnish.","Allele.Number.European..Finnish.","Homozygote.Count.European..Finnish.","Hemizygote.Count.European..Finnish.","Allele.Count.Amish","Allele.Number.Amish","Homozygote.Count.Amish","Hemizygote.Count.Amish","Allele.Count.East.Asian","Allele.Number.East.Asian","Homozygote.Count.East.Asian","Hemizygote.Count.East.Asian","Allele.Count.Middle.Eastern","Allele.Number.Middle.Eastern","Homozygote.Count.Middle.Eastern","Hemizygote.Count.Middle.Eastern","Allele.Count.African.African.American","Allele.Number.African.African.American","Homozygote.Count.African.African.American","Hemizygote.Count.African.African.American","Allele.Count.South.Asian","Allele.Number.South.Asian","Homozygote.Count.South.Asian","Hemizygote.Count.South.Asian","Allele.Count.Ashkenazi.Jewish","Allele.Number.Ashkenazi.Jewish","Homozygote.Count.Ashkenazi.Jewish","Hemizygote.Count.Ashkenazi.Jewish","Allele.Count.European..non.Finnish.","Allele.Number.European..non.Finnish.","Homozygote.Count.European..non.Finnish.","Hemizygote.Count.European..non.Finnish.","residue"
"1",9,130835454,"rs369076507","A","C","gnomAD Genomes",NA,"PASS","ENST00000318560.6","p.Glu3Ala","p.Glu3Ala","c.8A>C","missense_variant","",NA,"",3,150898,1.98809792044958e-05,0,0,0,2078,0,0,1,15216,0,0,0,10214,0,0,0,910,0,0,0,5040,0,0,0,314,0,0,0,41164,0,0,0,4774,0,0,0,3452,0,0,2,67736,0,0,3
"2",9,130835455,"rs750562445","G","A","gnomAD Genomes",NA,"PASS","ENST00000318560.6","p.Glu3Glu","p.Glu3Glu","c.9G>A","synonymous_variant","",NA,"",3,151496,1.98025030363838e-05,0,0,0,2084,0,0,0,15244,0,0,0,10328,0,0,0,910,0,0,0,5100,0,0,0,314,0,0,0,41362,0,0,0,4822,0,0,0,3464,0,0,3,67868,0,0,3
"3",9,130835458,"rs1354323829","C","T","gnomAD Genomes",NA,"PASS","ENST00000318560.6","p.Ile4Ile","p.Ile4Ile","c.12C>T","synonymous_variant","",NA,"",6,151454,3.96159890131657e-05,0,0,0,2080,0,0,0,15240,0,0,0,10330,0,0,0,912,0,0,0,5094,0,0,0,316,0,0,6,41330,0,0,0,4814,0,0,0,3464,0,0,0,67874,0,0,4
"4",9,130835462,"rs1012244732","C","G","gnomAD Genomes",NA,"PASS","ENST00000318560.6","p.Leu6Val","p.Leu6Val","c.16C>G","missense_variant","",NA,"",1,151666,6.59343557554099e-06,0,0,0,2080,0,0,0,15262,0,0,0,10386,0,0,0,912,0,0,0,5128,0,0,0,316,0,0,1,41400,0,0,0,4834,0,0,0,3462,0,0,0,67886,0,0,6
"5",9,130835468,"rs1462929343","C","T","gnomAD Genomes",NA,"PASS","ENST00000318560.6","p.Leu8Leu","p.Leu8Leu","c.22C>T","synonymous_variant","",NA,"",1,151648,6.59421818949145e-06,0,0,0,2086,0,0,1,15260,0,0,0,10404,0,0,0,910,0,0,0,5116,0,0,0,316,0,0,0,41368,0,0,0,4826,0,0,0,3460,0,0,0,67902,0,0,8
"6",9,130835481,"rs1367430242","A","C","gnomAD Genomes",NA,"PASS","ENST00000318560.6","p.Lys12Thr","p.Lys12Thr","c.35A>C","missense_variant","",NA,"",1,151712,6.59143640582156e-06,0,0,0,2084,0,0,0,15268,0,0,0,10448,0,0,0,910,0,0,0,5116,0,0,0,314,0,0,0,41372,0,0,0,4824,0,0,0,3466,0,0,1,67910,0,0,12
"7",9,130835483,"rs1228311670","T","C","gnomAD Genomes",NA,"PASS","ENST00000318560.6","p.Ser13Pro","p.Ser13Pro","c.37T>C","missense_variant","",NA,"",1,151508,6.60031153470444e-06,0,0,0,2080,0,0,0,15242,0,0,0,10436,0,0,0,910,0,0,0,5100,0,0,0,316,0,0,0,41280,0,0,0,4818,0,0,0,3458,0,0,1,67868,0,0,13
"8",9,130835485,"rs756167748","C","T","gnomAD Genomes",NA,"PASS","ENST00000318560.6","p.Ser13Ser","p.Ser13Ser","c.39C>T","synonymous_variant","",NA,"",7,151810,4.6110269415717e-05,0,0,0,2080,0,0,5,15264,0,0,0,10464,0,0,0,908,0,0,0,5140,0,0,0,316,0,0,1,41406,0,0,0,4832,0,0,0,3466,0,0,1,67934,0,0,13
"9",9,130835503,"rs373323350","G","A","gnomAD Genomes",NA,"PASS","ENST00000318560.6","p.Ser19Ser","p.Ser19Ser","c.57G>A","synonymous_variant","",NA,"",4,151914,2.63306870992799e-05,0,0,0,2084,0,0,0,15268,0,0,0,10538,0,0,0,910,0,0,0,5150,0,0,0,316,0,0,4,41414,0,0,0,4828,0,0,0,3468,0,0,0,67938,0,0,19
"10",9,130835503,"rs373323350","G","C","gnomAD Genomes",NA,"PASS","ENST00000318560.6","p.Ser19Ser","p.Ser19Ser","c.57G>C","synonymous_variant","",NA,"",1,151914,6.58267177481996e-06,0,0,0,2084,0,0,1,15268,0,0,0,10538,0,0,0,910,0,0,0,5150,0,0,0,316,0,0,0,41414,0,0,0,4828,0,0,0,3468,0,0,0,67938,0,0,19
"11",9,130835505,"rs1306763809","C","T","gnomAD Genomes",NA,"PASS","ENST00000318560.6","p.Ser20Phe","p.Ser20Phe","c.59C>T","missense_variant","",NA,"",1,151954,6.58093896837201e-06,0,0,0,2084,0,0,0,15278,0,0,0,10548,0,0,0,912,0,0,0,5162,0,0,0,316,0,0,0,41394,0,0,0,4826,0,0,0,3466,0,0,1,67968,0,0,20
"12",9,130835521,"","G","A","gnomAD Genomes",NA,"PASS","ENST00000318560.6","p.Leu25Leu","p.Leu25Leu","c.75G>A","synonymous_variant","",NA,"",1,151994,6.57920707396345e-06,0,0,0,2086,0,0,0,15280,0,0,0,10560,0,0,0,908,0,0,0,5170,0,0,0,316,0,0,1,41408,0,0,0,4832,0,0,0,3462,0,0,0,67972,0,0,25
"13",9,130854067,"rs761750284","C","T","gnomAD Genomes",NA,"PASS","ENST00000318560.6","p.Ala28Val","p.Ala28Val","c.83C>T","missense_variant","",NA,"",1,152160,6.5720294426919e-06,0,0,0,2092,0,0,0,15282,0,0,0,10610,0,0,0,912,0,0,0,5196,0,0,0,316,0,0,0,41430,0,0,0,4830,0,0,0,3470,0,0,1,68022,0,0,28
"14",9,130854072,"rs1166841293","C","T","gnomAD Genomes",NA,"PASS","ENST00000318560.6","p.Gln30Ter","p.Gln30Ter","c.88C>T","stop_gained","",NA,"",1,152138,6.57297979466011e-06,0,0,0,2092,0,0,0,15278,0,0,0,10594,0,0,0,912,0,0,0,5202,0,0,0,316,0,0,0,41432,0,0,0,4820,0,0,0,3468,0,0,1,68024,0,0,30
"15",9,130854075,"rs202235231","C","T","gnomAD Genomes",NA,"PASS","ENST00000318560.6","p.Arg31Trp","p.Arg31Trp","c.91C>T","missense_variant","",NA,"",2,152112,1.31482065846219e-05,0,0,0,2088,0,0,0,15264,0,0,0,10612,0,0,0,912,0,0,1,5200,0,0,0,316,0,0,1,41424,0,0,0,4812,0,0,0,3472,0,0,0,68012,0,0,31
"16",9,130854076,"rs368476764","G","A","gnomAD Genomes",NA,"PASS","ENST00000318560.6","p.Arg31Gln","p.Arg31Gln","c.92G>A","missense_variant","Likely benign",1589007,"",10,151792,6.58796247496574e-05,0,0,0,2088,0,0,0,15214,0,0,0,10512,0,0,0,912,0,0,0,5200,0,0,0,316,0,0,3,41300,0,0,4,4802,0,0,0,3470,0,0,3,67978,0,0,31
"17",9,130854077,"","G","A","gnomAD Genomes",NA,"PASS","ENST00000318560.6","p.Arg31Arg","p.Arg31Arg","c.93G>A","synonymous_variant","",NA,"",1,151994,6.57920707396345e-06,0,0,0,2090,0,0,0,15270,0,0,0,10588,0,0,0,910,0,0,0,5194,0,0,0,316,0,0,0,41338,0,0,1,4816,0,0,0,3468,0,0,0,68004,0,0,31
"18",9,130854090,"rs1423422276","G","A","gnomAD Genomes",NA,"PASS","ENST00000318560.6","p.Asp36Asn","p.Asp36Asn","c.106G>A","missense_variant","",NA,"",1,152076,6.57565953865173e-06,0,0,0,2090,0,0,0,15270,0,0,0,10582,0,0,0,912,0,0,0,5196,0,0,0,316,0,0,1,41406,0,0,0,4828,0,0,0,3472,0,0,0,68004,0,0,36
"19",9,130854093,"","T","G","gnomAD Genomes",NA,"PASS","ENST00000318560.6","p.Phe37Val","p.Phe37Val","c.109T>G","missense_variant","Uncertain significance",1469549,"",1,152208,6.56995690108273e-06,0,0,0,2090,0,0,0,15282,0,0,0,10622,0,0,0,912,0,0,0,5202,0,0,1,316,0,0,0,41450,0,0,0,4830,0,0,0,3470,0,0,0,68034,0,0,37
"20",9,130854095,"","T","A","gnomAD Genomes",NA,"PASS","ENST00000318560.6","p.Phe37Leu","p.Phe37Leu","c.111T>A","missense_variant","",NA,"",2,152220,1.31388779398239e-05,0,0,0,2090,0,0,2,15282,0,0,0,10620,0,0,0,912,0,0,0,5202,0,0,0,316,0,0,0,41462,0,0,0,4830,0,0,0,3470,0,0,0,68036,0,0,37
"21",9,130854106,"rs753958092","G","C","gnomAD Genomes",NA,"PASS","ENST00000318560.6","p.Gly41Ala","p.Gly41Ala","c.122G>C","missense_variant","",NA,"",1,152100,6.57462195923734e-06,0,0,0,2092,0,0,0,15264,0,0,0,10598,0,0,0,912,0,0,0,5202,0,0,0,316,0,0,0,41408,0,0,0,4818,0,0,0,3472,0,0,1,68018,0,0,41
"22",9,130854112,"rs61741003","G","A","gnomAD Genomes",NA,"PASS","ENST00000318560.6","p.Ser43Asn","p.Ser43Asn","c.128G>A","missense_variant","Benign",133448,"",254,152142,0.00166949297366934,1,0,5,2092,0,0,15,15274,0,0,0,10600,0,0,0,912,0,0,0,5194,0,0,0,316,0,0,229,41426,1,0,0,4828,0,0,0,3470,0,0,5,68030,0,0,43
"23",9,130854119,"rs765809121","C","T","gnomAD Genomes",NA,"PASS","ENST00000318560.6","p.Ala45Ala","p.Ala45Ala","c.135C>T","synonymous_variant","Likely benign",1663625,"",3,152146,1.97179025409804e-05,0,0,0,2090,0,0,0,15272,0,0,0,10602,0,0,0,912,0,0,0,5200,0,0,0,316,0,0,3,41420,0,0,0,4828,0,0,0,3470,0,0,0,68036,0,0,45
"24",9,130854120,"rs1318764515","G","A","gnomAD Genomes",NA,"PASS","ENST00000318560.6","p.Ala46Thr","p.Ala46Thr","c.136G>A","missense_variant","",NA,"",2,152054,1.31532218816999e-05,0,0,0,2088,0,0,0,15264,0,0,1,10586,0,0,0,912,0,0,0,5192,0,0,0,316,0,0,0,41398,0,0,0,4810,0,0,0,3472,0,0,1,68016,0,0,46
"25",9,130854147,"","C","A","gnomAD Genomes",NA,"PASS","ENST00000318560.6","p.Leu55Ile","p.Leu55Ile","c.163C>A","missense_variant","",NA,"",1,152222,6.56935265598928e-06,0,0,0,2092,0,0,0,15282,0,0,0,10616,0,0,0,912,0,0,0,5206,0,0,0,316,0,0,0,41450,0,0,0,4828,0,0,0,3472,0,0,1,68048,0,0,55
"26",9,130854149,"rs1028031620","C","T","gnomAD Genomes",NA,"PASS","ENST00000318560.6","p.Leu55Leu","p.Leu55Leu","c.165C>T","synonymous_variant","",NA,"",1,152172,6.57151118471204e-06,0,0,0,2092,0,0,0,15268,0,0,0,10614,0,0,0,912,0,0,0,5202,0,0,0,316,0,0,1,41440,0,0,0,4822,0,0,0,3472,0,0,0,68034,0,0,55
"27",9,130854150,"rs369393102","G","A","gnomAD Genomes",NA,"PASS","ENST00000318560.6","p.Ala56Thr","p.Ala56Thr","c.166G>A","missense_variant","",NA,"",1,152110,6.57418973111564e-06,0,0,0,2086,0,0,0,15264,0,0,0,10592,0,0,0,912,0,0,0,5204,0,0,0,316,0,0,0,41412,0,0,0,4818,0,0,0,3470,0,0,1,68036,0,0,56
"28",9,130854153,"rs143047485","G","A","gnomAD Genomes",NA,"PASS","ENST00000318560.6","p.Gly57Arg","p.Gly57Arg","c.169G>A","missense_variant","",NA,"",2,152186,1.31418133074002e-05,0,0,0,2088,0,0,0,15274,0,0,0,10608,0,0,0,912,0,0,0,5206,0,0,0,316,0,0,0,41448,0,0,0,4826,0,0,0,3470,0,0,2,68038,0,0,57
"29",9,130854161,"rs771770653","T","C","gnomAD Genomes",NA,"PASS","ENST00000318560.6","p.Ser59Ser","p.Ser59Ser","c.177T>C","synonymous_variant","",NA,"",4,152120,2.62950302392848e-05,0,0,0,2092,0,0,0,15274,0,0,0,10600,0,0,0,912,0,0,0,5184,0,0,0,316,0,0,0,41430,0,0,0,4812,0,0,0,3472,0,0,4,68028,0,0,59
"30",9,130854167,"rs773005950","T","C","gnomAD Genomes",NA,"PASS","ENST00000318560.6","p.Asn61Asn","p.Asn61Asn","c.183T>C","synonymous_variant","Likely benign",1610840,"",7,152182,4.5997555558476e-05,0,0,0,2092,0,0,0,15288,0,0,0,10614,0,0,0,912,0,0,0,5202,0,0,0,316,0,0,0,41436,0,0,0,4820,0,0,0,3472,0,0,7,68030,0,0,61
"31",9,130854182,"rs372724991","C","T","gnomAD Genomes",NA,"PASS","ENST00000318560.6","p.Phe66Phe","p.Phe66Phe","c.198C>T","synonymous_variant","",NA,"",3,152170,1.97147926660971e-05,0,0,0,2090,0,0,0,15274,0,0,0,10616,0,0,0,912,0,0,0,5196,0,0,0,316,0,0,0,41444,0,0,0,4820,0,0,1,3472,0,0,2,68030,0,0,66
"32",9,130854183,"rs138924193","G","A","gnomAD Genomes",NA,"PASS","ENST00000318560.6","p.Val67Ile","p.Val67Ile","c.199G>A","missense_variant","",NA,"",1,152090,6.57505424419751e-06,0,0,0,2092,0,0,0,15266,0,0,0,10594,0,0,0,910,0,0,0,5200,0,0,0,316,0,0,1,41404,0,0,0,4818,0,0,0,3470,0,0,0,68020,0,0,67
"33",9,130854212,"rs1328785342","A","G","gnomAD Genomes",NA,"PASS","ENST00000318560.6","p.Gly76Gly","p.Gly76Gly","c.228A>G","synonymous_variant","",NA,"",1,152138,6.57297979466011e-06,0,0,0,2090,0,0,0,15290,0,0,0,10612,0,0,0,912,0,0,0,5192,0,0,0,316,0,0,1,41412,0,0,0,4816,0,0,0,3472,0,0,0,68026,0,0,76
"34",9,130854233,"rs111886835","T","G","gnomAD Genomes",NA,"PASS","ENST00000318560.6","p.Thr83Thr","p.Thr83Thr","c.249T>G","synonymous_variant","Benign/Likely benign",719810,"",797,152168,0.00523763209084696,4,0,17,2088,0,0,93,15286,0,0,33,10612,0,0,1,912,0,0,0,5188,0,0,7,316,0,0,46,41450,0,0,32,4824,0,0,128,3466,2,0,440,68026,2,0,83
"35",9,130854233,"","T","C","gnomAD Genomes",NA,"PASS","ENST00000318560.6","p.Thr83Thr","p.Thr83Thr","c.249T>C","synonymous_variant","",NA,"",1,152170,6.57159755536571e-06,0,0,0,2088,0,0,0,15286,0,0,0,10612,0,0,0,912,0,0,0,5188,0,0,0,316,0,0,0,41450,0,0,1,4824,0,0,0,3468,0,0,0,68026,0,0,83
"36",9,130854812,"rs375582718","C","T","gnomAD Genomes",NA,"PASS","ENST00000318560.6","p.Arg89Trp","p.Arg89Trp","c.265C>T","missense_variant","",NA,"",3,152166,1.97153109104531e-05,0,0,1,2088,0,0,0,15276,0,0,0,10608,0,0,0,912,0,0,0,5202,0,0,0,316,0,0,0,41430,0,0,0,4832,0,0,0,3472,0,0,2,68030,0,0,89
"37",9,130854813,"rs764626784","G","A","gnomAD Genomes",NA,"PASS","ENST00000318560.6","p.Arg89Gln","p.Arg89Gln","c.266G>A","missense_variant","",NA,"",3,152150,1.97173841603681e-05,0,0,0,2088,0,0,1,15272,0,0,0,10606,0,0,0,912,0,0,0,5200,0,0,0,314,0,0,2,41438,0,0,0,4826,0,0,0,3472,0,0,0,68022,0,0,89
"38",9,130854814,"rs370776549","G","A","gnomAD Genomes",NA,"PASS","ENST00000318560.6","p.Arg89Arg","p.Arg89Arg","c.267G>A","synonymous_variant","",NA,"",6,152156,3.94332132811062e-05,0,0,0,2086,0,0,0,15276,0,0,0,10594,0,0,0,912,0,0,2,5204,0,0,0,316,0,0,3,41446,0,0,1,4826,0,0,0,3472,0,0,0,68024,0,0,89
"39",9,130854822,"rs1393019333","G","A","gnomAD Genomes",NA,"PASS","ENST00000318560.6","p.Gly92Asp","p.Gly92Asp","c.275G>A","missense_variant","",NA,"",1,152172,6.57151118471204e-06,0,0,0,2092,0,0,0,15274,0,0,0,10610,0,0,0,912,0,0,0,5198,0,0,0,316,0,0,0,41432,0,0,0,4826,0,0,0,3472,0,0,1,68040,0,0,92
"40",9,130854825,"rs368589654","A","G","gnomAD Genomes",NA,"PASS","ENST00000318560.6","p.Tyr93Cys","p.Tyr93Cys","c.278A>G","missense_variant","",NA,"",3,152232,1.97067633611856e-05,0,0,0,2092,0,0,0,15286,0,0,0,10624,0,0,0,912,0,0,0,5200,0,0,0,316,0,0,1,41464,0,0,0,4836,0,0,0,3470,0,0,2,68032,0,0,93
"41",9,130854834,"rs587778016","A","G","gnomAD Genomes",NA,"PASS","ENST00000318560.6","p.Asn96Ser","p.Asn96Ser","c.287A>G","missense_variant","Uncertain significance",133449,"",6,152166,3.94306218209061e-05,0,0,0,2090,0,0,1,15276,0,0,0,10610,0,0,0,912,0,0,4,5190,0,0,0,316,0,0,0,41444,0,0,0,4834,0,0,0,3472,0,0,1,68022,0,0,96
"42",9,130854838,"rs370897942","G","C","gnomAD Genomes",NA,"PASS","ENST00000318560.6","p.Gly97Gly","p.Gly97Gly","c.291G>C","synonymous_variant","",NA,"",3,152178,1.97137562591176e-05,0,0,0,2088,0,0,0,15280,0,0,0,10602,0,0,0,910,0,0,0,5198,0,0,0,316,0,0,0,41434,0,0,0,4834,0,0,0,3470,0,0,3,68046,0,0,97
"43",9,130854864,"rs1365786309","A","G","gnomAD Genomes",NA,"PASS","ENST00000318560.6","p.Asn106Ser","p.Asn106Ser","c.317A>G","missense_variant","",NA,"",1,152186,6.57090665370008e-06,0,0,0,2092,0,0,0,15270,0,0,1,10622,0,0,0,912,0,0,0,5198,0,0,0,316,0,0,0,41444,0,0,0,4828,0,0,0,3470,0,0,0,68034,0,0,106
"44",9,130854892,"rs758308579","C","T","gnomAD Genomes",NA,"PASS","ENST00000318560.6","p.Tyr115Tyr","p.Tyr115Tyr","c.345C>T","synonymous_variant","",NA,"",2,152222,1.31387053119786e-05,0,0,0,2094,0,0,0,15286,0,0,0,10620,0,0,0,912,0,0,0,5204,0,0,0,316,0,0,2,41446,0,0,0,4832,0,0,0,3472,0,0,0,68040,0,0,115
"45",9,130854893,"rs1172072689","A","C","gnomAD Genomes",NA,"PASS","ENST00000318560.6","p.Ile116Leu","p.Ile116Leu","c.346A>C","missense_variant","",NA,"",1,152200,6.57030223390276e-06,0,0,0,2092,0,0,0,15272,0,0,0,10624,0,0,0,912,0,0,0,5202,0,0,0,316,0,0,0,41454,0,0,0,4824,0,0,0,3470,0,0,1,68034,0,0,116
"46",9,130854893,"rs1172072689","A","G","gnomAD Genomes",NA,"PASS","ENST00000318560.6","p.Ile116Val","p.Ile116Val","c.346A>G","missense_variant","",NA,"",2,152200,1.31406044678055e-05,0,0,0,2092,0,0,0,15272,0,0,0,10624,0,0,0,912,0,0,0,5202,0,0,0,316,0,0,2,41454,0,0,0,4824,0,0,0,3470,0,0,0,68034,0,0,116
"47",9,130854898,"rs141072111","G","A","gnomAD Genomes",NA,"PASS","ENST00000318560.6","p.Thr117Thr","p.Thr117Thr","c.351G>A","synonymous_variant","Benign",1536192,"",50,152180,0.000328558286239979,0,0,0,2092,0,0,1,15270,0,0,29,10598,0,0,0,912,0,0,0,5204,0,0,0,316,0,0,4,41454,0,0,0,4826,0,0,0,3472,0,0,16,68036,0,0,117
"48",9,130854900,"rs1417226954","C","A","gnomAD Genomes",NA,"PASS","ENST00000318560.6","p.Pro118Gln","p.Pro118Gln","c.353C>A","missense_variant","",NA,"",1,152200,6.57030223390276e-06,0,0,0,2094,0,0,0,15276,0,0,0,10616,0,0,0,912,0,0,0,5194,0,0,0,316,0,0,1,41460,0,0,0,4818,0,0,0,3472,0,0,0,68042,0,0,118
"49",9,130854913,"rs770884302","G","A","gnomAD Genomes",NA,"PASS","ENST00000318560.6","p.Leu122Leu","p.Leu122Leu","c.366G>A","synonymous_variant","Likely benign",724041,"",2,152204,1.314025912591e-05,0,0,0,2090,0,0,0,15284,0,0,0,10618,0,0,0,912,0,0,0,5198,0,0,0,316,0,0,0,41458,0,0,0,4828,0,0,0,3472,0,0,2,68028,0,0,122
"50",9,130854919,"rs781070135","A","G","gnomAD Genomes",NA,"PASS","ENST00000318560.6","p.Lys124Lys","p.Lys124Lys","c.372A>G","synonymous_variant","",NA,"",2,152180,1.31423314495992e-05,1,0,0,2094,0,0,0,15284,0,0,0,10620,0,0,0,912,0,0,0,5200,0,0,0,316,0,0,0,41432,0,0,2,4830,1,0,0,3472,0,0,0,68020,0,0,124
"51",9,130854921,"","A","G","gnomAD Genomes",NA,"PASS","ENST00000318560.6","p.His125Arg","p.His125Arg","c.374A>G","missense_variant","",NA,"",1,151936,6.58171861836563e-06,0,0,0,2088,0,0,0,15252,0,0,0,10584,0,0,0,912,0,0,0,5184,0,0,0,316,0,0,1,41358,0,0,0,4796,0,0,0,3468,0,0,0,67978,0,0,125
"52",9,130854922,"rs1487913743","C","T","gnomAD Genomes",NA,"PASS","ENST00000318560.6","p.His125His","p.His125His","c.375C>T","synonymous_variant","",NA,"",2,152230,1.31380148459568e-05,0,0,0,2092,0,0,0,15278,0,0,0,10620,0,0,0,912,0,0,0,5204,0,0,0,316,0,0,1,41466,0,0,0,4836,0,0,0,3472,0,0,1,68034,0,0,125
"53",9,130854925,"rs1002305388","C","T","gnomAD Genomes",NA,"PASS","ENST00000318560.6","p.Ser126Ser","p.Ser126Ser","c.378C>T","synonymous_variant","Likely benign",1583885,"",1,152208,6.56995690108273e-06,0,0,0,2094,0,0,0,15276,0,0,0,10618,0,0,0,912,0,0,0,5206,0,0,0,316,0,0,0,41446,0,0,0,4830,0,0,0,3470,0,0,1,68040,0,0,126
"54",9,130854934,"","T","C","gnomAD Genomes",NA,"PASS","ENST00000318560.6","p.His129His","p.His129His","c.387T>C","synonymous_variant","",NA,"",1,152178,6.57125208637254e-06,0,0,0,2094,0,0,0,15278,0,0,0,10622,0,0,0,912,0,0,0,5202,0,0,0,316,0,0,1,41440,0,0,0,4824,0,0,0,3468,0,0,0,68022,0,0,129
"55",9,130854937,"rs746147456","G","A","gnomAD Genomes",NA,"PASS","ENST00000318560.6","p.Gly130Gly","p.Gly130Gly","c.390G>A","synonymous_variant","",NA,"",1,152216,6.56961160456194e-06,0,0,0,2092,0,0,0,15286,0,0,0,10624,0,0,0,912,0,0,0,5202,0,0,0,316,0,0,0,41446,0,0,0,4826,0,0,0,3470,0,0,1,68042,0,0,130
"56",9,130854955,"rs770132360","C","T","gnomAD Genomes",NA,"PASS","ENST00000318560.6","p.Ala136Ala","p.Ala136Ala","c.408C>T","synonymous_variant","",NA,"",3,152198,1.97111657183406e-05,0,0,0,2086,0,0,0,15284,0,0,0,10622,0,0,0,910,0,0,0,5200,0,0,0,316,0,0,1,41456,0,0,0,4826,0,0,0,3470,0,0,2,68028,0,0,136
"57",9,130854956,"rs775748939","G","T","gnomAD Genomes",NA,"PASS","ENST00000318560.6","p.Ala137Ser","p.Ala137Ser","c.409G>T","missense_variant","",NA,"",3,152198,1.97111657183406e-05,0,0,0,2088,0,0,0,15286,0,0,0,10622,0,0,0,912,0,0,0,5200,0,0,0,316,0,0,3,41436,0,0,0,4830,0,0,0,3470,0,0,0,68038,0,0,137
"58",9,130854968,"rs996137245","C","T","gnomAD Genomes",NA,"PASS","ENST00000318560.6","p.Leu141Leu","p.Leu141Leu","c.421C>T","synonymous_variant","",NA,"",1,152184,6.57099300846344e-06,0,0,0,2088,0,0,0,15270,0,0,0,10618,0,0,0,912,0,0,0,5196,0,0,0,316,0,0,0,41446,0,0,0,4832,0,0,0,3470,0,0,1,68036,0,0,141
"59",9,130854973,"rs958337829","C","T","gnomAD Genomes",NA,"PASS","ENST00000318560.6","p.Ser142Ser","p.Ser142Ser","c.426C>T","synonymous_variant","",NA,"",1,152206,6.57004323088446e-06,0,0,0,2088,0,0,0,15284,0,0,0,10616,0,0,0,912,0,0,0,5198,0,0,0,316,0,0,0,41448,0,0,0,4832,0,0,0,3466,0,0,1,68046,0,0,142
"60",9,130854976,"rs199515879","C","T","gnomAD Genomes",NA,"PASS","ENST00000318560.6","p.Ser143Ser","p.Ser143Ser","c.429C>T","synonymous_variant","",NA,"",10,152170,6.57159755536571e-05,0,0,1,2088,0,0,2,15278,0,0,0,10620,0,0,0,912,0,0,2,5198,0,0,0,316,0,0,1,41428,0,0,0,4828,0,0,3,3470,0,0,1,68032,0,0,143
"61",9,130854977,"rs1314838108","G","A","gnomAD Genomes",NA,"PASS","ENST00000318560.6","p.Gly144Arg","p.Gly144Arg","c.430G>A","missense_variant","",NA,"",1,152158,6.57211582696933e-06,0,0,0,2090,0,0,0,15284,0,0,0,10612,0,0,0,910,0,0,0,5200,0,0,0,316,0,0,0,41434,0,0,0,4822,0,0,0,3470,0,0,1,68020,0,0,144
"62",9,130854984,"rs774952482","A","G","gnomAD Genomes",NA,"PASS","ENST00000318560.6","p.Asn146Ser","p.Asn146Ser","c.437A>G","missense_variant","Uncertain significance",1450318,"",2,152198,1.31407771455604e-05,0,0,0,2092,0,0,0,15278,0,0,0,10622,0,0,0,912,0,0,0,5202,0,0,0,316,0,0,1,41452,0,0,0,4830,0,0,0,3470,0,0,1,68024,0,0,146
"63",9,130855033,"rs1234864925","C","T","gnomAD Genomes",NA,"PASS","ENST00000318560.6","p.Ser162Ser","p.Ser162Ser","c.486C>T","synonymous_variant","",NA,"",1,152200,6.57030223390276e-06,0,0,0,2088,0,0,0,15284,0,0,0,10614,0,0,0,912,0,0,0,5202,0,0,0,316,0,0,0,41450,0,0,0,4830,0,0,0,3470,0,0,1,68034,0,0,162
"64",9,130855048,"rs148161029","C","T","gnomAD Genomes",NA,"PASS","ENST00000318560.6","p.Tyr167Tyr","p.Tyr167Tyr","c.501C>T","synonymous_variant","Benign",741431,"",112,152098,0.000736367342108377,0,0,3,2084,0,0,6,15278,0,0,0,10604,0,0,0,912,0,0,0,5202,0,0,0,316,0,0,103,41380,0,0,0,4830,0,0,0,3470,0,0,0,68022,0,0,167
"65",9,130855063,"rs546918599","C","T","gnomAD Genomes",NA,"PASS","ENST00000318560.6","p.Tyr172Tyr","p.Tyr172Tyr","c.516C>T","synonymous_variant","",NA,"",1,152140,6.57289338766925e-06,0,0,0,2090,0,0,0,15270,0,0,0,10614,0,0,0,912,0,0,0,5198,0,0,0,316,0,0,1,41418,0,0,0,4824,0,0,0,3468,0,0,0,68030,0,0,172
"66",9,130855071,"rs1365550756","G","T","gnomAD Genomes",NA,"PASS","ENST00000318560.6","p.Arg175Met","p.Arg175Met","c.524G>T","missense_variant","",NA,"",1,152192,6.57064760302775e-06,0,0,0,2092,0,0,0,15280,0,0,0,10626,0,0,0,912,0,0,0,5200,0,0,0,316,0,0,0,41430,0,0,0,4832,0,0,0,3470,0,0,1,68034,0,0,175
"67",9,130855083,"","C","T","gnomAD Genomes",NA,"PASS","ENST00000318560.6","p.Ala179Val","p.Ala179Val","c.536C>T","missense_variant","",NA,"",1,152214,6.5696979252894e-06,0,0,0,2094,0,0,0,15288,0,0,0,10618,0,0,0,908,0,0,0,5204,0,0,0,316,0,0,1,41454,0,0,0,4828,0,0,0,3466,0,0,0,68038,0,0,179
"68",9,130855091,"rs143666455","G","A","gnomAD Genomes",NA,"PASS","ENST00000318560.6","p.Gly182Ser","p.Gly182Ser","c.544G>A","missense_variant","",NA,"",1,152218,6.56952528610283e-06,0,0,0,2094,0,0,0,15282,0,0,0,10620,0,0,0,910,0,0,0,5198,0,0,0,316,0,0,0,41452,0,0,0,4836,0,0,0,3468,0,0,1,68042,0,0,182
"69",9,130862765,"","C","G","gnomAD Genomes",NA,"PASS","ENST00000318560.6","p.Leu184Leu","p.Leu184Leu","c.552C>G","splice_region_variant","",NA,"",1,151876,6.58431878637836e-06,0,0,0,2084,0,0,1,15262,0,0,0,10596,0,0,0,912,0,0,0,5160,0,0,0,316,0,0,0,41330,0,0,0,4784,0,0,0,3466,0,0,0,67966,0,0,184
"70",9,130862768,"rs1027274279","C","T","gnomAD Genomes",NA,"PASS","ENST00000318560.6","p.Tyr185Tyr","p.Tyr185Tyr","c.555C>T","synonymous_variant","",NA,"",2,151992,1.31585872940681e-05,0,0,0,2090,0,0,0,15260,0,0,0,10604,0,0,0,912,0,0,0,5174,0,0,0,316,0,0,0,41374,0,0,0,4782,0,0,0,3468,0,0,2,68012,0,0,185
"71",9,130862769,"rs756003964","G","A","gnomAD Genomes",NA,"PASS","ENST00000318560.6","p.Val186Ile","p.Val186Ile","c.556G>A","missense_variant","Uncertain significance",1351561,"",1,151910,6.58284510565466e-06,0,0,0,2088,0,0,0,15250,0,0,0,10566,0,0,0,912,0,0,0,5178,0,0,0,316,0,0,1,41330,0,0,0,4798,0,0,0,3464,0,0,0,68008,0,0,186
"72",9,130862774,"rs779645963","C","T","gnomAD Genomes",NA,"PASS","ENST00000318560.6","p.Ser187Ser","p.Ser187Ser","c.561C>T","synonymous_variant","",NA,"",4,152108,2.62971046887738e-05,0,0,0,2086,0,0,0,15274,0,0,0,10616,0,0,0,912,0,0,0,5186,0,0,0,316,0,0,4,41410,0,0,0,4812,0,0,0,3470,0,0,0,68026,0,0,187
"73",9,130862777,"rs1217127851","C","T","gnomAD Genomes",NA,"PASS","ENST00000318560.6","p.Ser188Ser","p.Ser188Ser","c.564C>T","synonymous_variant","",NA,"",1,152064,6.57617845117845e-06,0,0,0,2088,0,0,0,15272,0,0,0,10612,0,0,0,912,0,0,0,5188,0,0,0,316,0,0,1,41392,0,0,0,4792,0,0,0,3466,0,0,0,68026,0,0,188
"74",9,130862778,"rs1174294624","G","A","gnomAD Genomes",NA,"PASS","ENST00000318560.6","p.Glu189Lys","p.Glu189Lys","c.565G>A","missense_variant","",NA,"",1,151928,6.58206518877363e-06,0,0,0,2088,0,0,0,15246,0,0,0,10584,0,0,0,912,0,0,0,5176,0,0,0,316,0,0,0,41350,0,0,0,4798,0,0,0,3468,0,0,1,67990,0,0,189
"75",9,130862778,"","G","T","gnomAD Genomes",NA,"PASS","ENST00000318560.6","p.Glu189Ter","p.Glu189Ter","c.565G>T","stop_gained","",NA,"",1,151928,6.58206518877363e-06,0,0,0,2088,0,0,0,15246,0,0,0,10584,0,0,0,912,0,0,0,5176,0,0,0,316,0,0,1,41350,0,0,0,4798,0,0,0,3468,0,0,0,67990,0,0,189
"76",9,130862784,"rs368646202","C","T","gnomAD Genomes",NA,"PASS","ENST00000318560.6","p.Arg191Cys","p.Arg191Cys","c.571C>T","missense_variant","",NA,"",3,152036,1.97321686968876e-05,0,0,0,2084,0,0,0,15256,0,0,0,10600,0,0,0,912,0,0,0,5186,0,0,0,316,0,0,0,41384,0,0,0,4808,0,0,0,3470,0,0,3,68020,0,0,191
"77",9,130862791,"rs556586112","A","G","gnomAD Genomes",NA,"PASS","ENST00000318560.6","p.Asn193Ser","p.Asn193Ser","c.578A>G","missense_variant","",NA,"",1,151986,6.57955337991657e-06,0,0,0,2088,0,0,0,15264,0,0,0,10598,0,0,0,912,0,0,0,5182,0,0,0,316,0,0,0,41374,0,0,1,4780,0,0,0,3468,0,0,0,68004,0,0,193
"78",9,130862801,"rs146008880","C","T","gnomAD Genomes",NA,"PASS","ENST00000318560.6","p.Ala196Ala","p.Ala196Ala","c.588C>T","synonymous_variant","",NA,"",2,151998,1.31580678693141e-05,0,0,0,2084,0,0,0,15266,0,0,0,10604,0,0,0,912,0,0,0,5176,0,0,0,316,0,0,0,41386,0,0,0,4776,0,0,0,3468,0,0,2,68010,0,0,196
"79",9,130862801,"rs146008880","C","A","gnomAD Genomes",NA,"PASS","ENST00000318560.6","p.Ala196Ala","p.Ala196Ala","c.588C>A","synonymous_variant","",NA,"",2,151998,1.31580678693141e-05,0,0,0,2084,0,0,0,15266,0,0,0,10604,0,0,0,912,0,0,0,5176,0,0,0,316,0,0,2,41386,0,0,0,4776,0,0,0,3468,0,0,0,68010,0,0,196
"80",9,130862802,"rs150134901","G","A","gnomAD Genomes",NA,"PASS","ENST00000318560.6","p.Glu197Lys","p.Glu197Lys","c.589G>A","missense_variant","Benign",1555155,"",46,151802,0.000303026310588793,0,0,2,2084,0,0,3,15224,0,0,0,10552,0,0,0,910,0,0,0,5166,0,0,0,316,0,0,8,41340,0,0,4,4760,0,0,0,3468,0,0,29,67982,0,0,197
"81",9,130862803,"rs776806158","A","G","gnomAD Genomes",NA,"PASS","ENST00000318560.6","p.Glu197Gly","p.Glu197Gly","c.590A>G","missense_variant","",NA,"",1,151254,6.61139540111336e-06,0,0,0,2066,0,0,0,15182,0,0,0,10522,0,0,0,910,0,0,0,5142,0,0,0,316,0,0,0,41102,0,0,0,4726,0,0,0,3466,0,0,1,67822,0,0,197
"82",9,130862805,"rs538889953","T","C","gnomAD Genomes",NA,"PASS","ENST00000318560.6","p.Leu198Leu","p.Leu198Leu","c.592T>C","synonymous_variant","",NA,"",4,150722,2.6538925969666e-05,0,0,0,2070,0,0,0,15128,0,0,0,10396,0,0,0,910,0,0,1,5114,0,0,0,316,0,0,0,40852,0,0,0,4690,0,0,2,3462,0,0,1,67784,0,0,198
"83",9,130862805,"rs538889953","T","G","gnomAD Genomes",NA,"PASS","ENST00000318560.6","p.Leu198Val","p.Leu198Val","c.592T>G","missense_variant","",NA,"",1,150722,6.6347314924165e-06,0,0,0,2070,0,0,0,15128,0,0,0,10396,0,0,0,910,0,0,0,5114,0,0,0,316,0,0,0,40852,0,0,1,4690,0,0,0,3462,0,0,0,67784,0,0,198
"84",9,130862825,"rs1433850226","G","A","gnomAD Genomes",NA,"PASS","ENST00000318560.6","p.Thr204Thr","p.Thr204Thr","c.612G>A","synonymous_variant","",NA,"",1,151874,6.58440549402794e-06,0,0,0,2088,0,0,0,15256,0,0,0,10558,0,0,0,910,0,0,0,5176,0,0,0,316,0,0,0,41332,0,0,0,4764,0,0,0,3472,0,0,1,68002,0,0,204
"85",9,130862831,"rs767096186","C","T","gnomAD Genomes",NA,"PASS","ENST00000318560.6","p.Ala206Ala","p.Ala206Ala","c.618C>T","synonymous_variant","",NA,"",1,152020,6.57808183133798e-06,0,0,0,2086,0,0,0,15256,0,0,0,10602,0,0,0,912,0,0,0,5180,0,0,0,316,0,0,1,41384,0,0,0,4792,0,0,0,3472,0,0,0,68020,0,0,206
"86",9,130862834,"rs372729748","C","T","gnomAD Genomes",NA,"PASS","ENST00000318560.6","p.Asp207Asp","p.Asp207Asp","c.621C>T","synonymous_variant","",NA,"",8,152056,5.26121955069185e-05,0,0,0,2084,0,0,0,15264,0,0,0,10600,0,0,0,912,0,0,5,5182,0,0,0,316,0,0,3,41400,0,0,0,4796,0,0,0,3472,0,0,0,68030,0,0,207
"87",9,130862848,"rs909306692","C","T","gnomAD Genomes",NA,"PASS","ENST00000318560.6","p.Thr212Met","p.Thr212Met","c.635C>T","missense_variant","Uncertain significance",1034374,"",2,152034,1.31549521817488e-05,0,0,0,2086,0,0,0,15262,0,0,0,10606,0,0,0,912,0,0,0,5174,0,0,0,316,0,0,2,41386,0,0,0,4806,0,0,0,3472,0,0,0,68014,0,0,212
"88",9,130862849,"rs766252798","G","A","gnomAD Genomes",NA,"PASS","ENST00000318560.6","p.Thr212Thr","p.Thr212Thr","c.636G>A","synonymous_variant","",NA,"",4,151904,2.63324204760902e-05,0,0,0,2078,0,0,0,15252,0,0,0,10584,0,0,0,910,0,0,0,5172,0,0,0,316,0,0,4,41326,0,0,0,4800,0,0,0,3468,0,0,0,67998,0,0,212
"89",9,130862857,"rs1229072821","A","T","gnomAD Genomes",NA,"PASS","ENST00000318560.6","p.Tyr215Phe","p.Tyr215Phe","c.644A>T","missense_variant","",NA,"",1,151900,6.58327847267939e-06,0,0,0,2078,0,0,0,15252,0,0,0,10578,0,0,0,912,0,0,1,5164,0,0,0,316,0,0,0,41334,0,0,0,4800,0,0,0,3472,0,0,0,67994,0,0,215
"90",9,130862871,"","C","A","gnomAD Genomes",NA,"PASS","ENST00000318560.6","p.Arg220Ser","p.Arg220Ser","c.658C>A","missense_variant","",NA,"",1,152106,6.57436261554442e-06,0,0,0,2088,0,0,1,15278,0,0,0,10606,0,0,0,912,0,0,0,5184,0,0,0,316,0,0,0,41416,0,0,0,4804,0,0,0,3472,0,0,0,68030,0,0,220
"91",9,130862872,"rs56271006","G","T","gnomAD Genomes",NA,"PASS","ENST00000318560.6","p.Arg220Leu","p.Arg220Leu","c.659G>T","missense_variant","",NA,"",1,152060,6.57635144022097e-06,0,0,0,2084,0,0,0,15272,0,0,0,10592,0,0,0,912,0,0,0,5186,0,0,0,316,0,0,0,41380,0,0,0,4816,0,0,0,3468,0,0,1,68034,0,0,220
"92",9,130862879,"rs1221077295","G","A","gnomAD Genomes",NA,"PASS","ENST00000318560.6","p.Lys222Lys","p.Lys222Lys","c.666G>A","synonymous_variant","",NA,"",4,152140,2.6291573550677e-05,0,0,0,2086,0,0,0,15270,0,0,0,10612,0,0,0,912,0,0,0,5192,0,0,0,316,0,0,1,41432,0,0,0,4822,0,0,0,3472,0,0,3,68026,0,0,222
"93",9,130862882,"rs1300133522","C","T","gnomAD Genomes",NA,"PASS","ENST00000318560.6","p.Pro223Pro","p.Pro223Pro","c.669C>T","synonymous_variant","",NA,"",1,152160,6.5720294426919e-06,0,0,0,2088,0,0,0,15286,0,0,0,10626,0,0,0,912,0,0,0,5184,0,0,0,316,0,0,0,41428,0,0,0,4828,0,0,0,3470,0,0,1,68022,0,0,223
"94",9,130862885,"rs778982129","T","C","gnomAD Genomes",NA,"PASS","ENST00000318560.6","p.Thr224Thr","p.Thr224Thr","c.672T>C","synonymous_variant","",NA,"",2,152140,1.31457867753385e-05,0,0,0,2088,0,0,0,15282,0,0,0,10610,0,0,0,912,0,0,1,5192,0,0,0,316,0,0,0,41424,0,0,0,4824,0,0,0,3468,0,0,1,68024,0,0,224
"95",9,130862904,"rs1368288944","A","G","gnomAD Genomes",NA,"PASS","ENST00000318560.6","p.Asn231Asp","p.Asn231Asp","c.691A>G","missense_variant","",NA,"",2,152148,1.31450955648448e-05,0,0,0,2092,0,0,0,15278,0,0,0,10618,0,0,0,912,0,0,0,5188,0,0,0,316,0,0,2,41416,0,0,0,4824,0,0,0,3466,0,0,0,68038,0,0,231
"96",9,130862905,"rs572239604","A","G","gnomAD Genomes",NA,"PASS","ENST00000318560.6","p.Asn231Ser","p.Asn231Ser","c.692A>G","missense_variant","",NA,"",4,152126,2.62939931372678e-05,1,0,0,2088,0,0,0,15274,0,0,0,10620,0,0,0,912,0,0,0,5190,0,0,0,316,0,0,0,41410,0,0,4,4818,1,0,0,3472,0,0,0,68026,0,0,231
"97",9,130862910,"rs1394653602","G","A","gnomAD Genomes",NA,"PASS","ENST00000318560.6","p.Asp233Asn","p.Asp233Asn","c.697G>A","missense_variant","",NA,"",1,152168,6.57168392828978e-06,0,0,0,2088,0,0,1,15290,0,0,0,10616,0,0,0,912,0,0,0,5192,0,0,0,316,0,0,0,41420,0,0,0,4826,0,0,0,3470,0,0,0,68038,0,0,233
"98",9,130862922,"rs376578298","A","G","gnomAD Genomes",NA,"PASS","ENST00000318560.6","p.Met237Val","p.Met237Val","c.709A>G","missense_variant","",NA,"",1,152116,6.57393042152042e-06,0,0,0,2090,0,0,0,15274,0,0,0,10604,0,0,0,912,0,0,0,5180,0,0,0,316,0,0,0,41434,0,0,0,4816,0,0,0,3470,0,0,1,68020,0,0,237
"99",9,130862932,"rs1235886447","C","T","gnomAD Genomes",NA,"PASS","ENST00000318560.6","p.Thr240Met","p.Thr240Met","c.719C>T","missense_variant","Uncertain significance",1477252,"",2,152164,1.3143713361899e-05,0,0,0,2094,0,0,0,15272,0,0,0,10610,0,0,0,912,0,0,0,5194,0,0,0,316,0,0,0,41438,0,0,0,4820,0,0,0,3472,0,0,2,68036,0,0,240
"100",9,130862933,"rs2229069","G","A","gnomAD Genomes",NA,"PASS","ENST00000318560.6","p.Thr240Thr","p.Thr240Thr","c.720G>A","synonymous_variant","Benign",786145,"",1650,152136,0.0108455592364726,28,0,13,2090,0,0,85,15278,2,0,0,10620,0,0,0,912,0,0,0,5196,0,0,2,316,0,0,1517,41406,26,0,2,4818,0,0,5,3470,0,0,26,68030,0,0,240
"101",9,130862940,"rs1158735330","A","T","gnomAD Genomes",NA,"PASS","ENST00000318560.6","p.Thr243Ser","p.Thr243Ser","c.727A>T","missense_variant","",NA,"",2,152164,1.3143713361899e-05,0,0,0,2092,0,0,0,15282,0,0,0,10610,0,0,0,912,0,0,0,5184,0,0,0,316,0,0,0,41442,0,0,0,4824,0,0,0,3472,0,0,2,68030,0,0,243
"102",9,130862953,"rs34549764","A","G","gnomAD Genomes",NA,"PASS","ENST00000318560.6","p.Lys247Arg","p.Lys247Arg","c.740A>G","missense_variant","Benign",133450,"",378,152186,0.00248380271509863,1,0,2,2084,0,0,28,15284,0,0,30,10620,0,0,3,912,0,0,0,5186,0,0,0,316,0,0,18,41458,0,0,1,4826,0,0,2,3472,0,0,294,68028,1,0,247
"103",9,130862957,"rs949364770","G","A","gnomAD Genomes",NA,"PASS","ENST00000318560.6","p.Leu248Leu","p.Leu248Leu","c.744G>A","synonymous_variant","",NA,"",1,152202,6.57021589729439e-06,0,0,0,2090,0,0,0,15288,0,0,0,10626,0,0,0,912,0,0,1,5188,0,0,0,316,0,0,0,41452,0,0,0,4832,0,0,0,3472,0,0,0,68026,0,0,248
"104",9,130862963,"rs781647687","G","A","gnomAD Genomes",NA,"PASS","ENST00000318560.6","p.Gly250Gly","p.Gly250Gly","c.750G>A","synonymous_variant","",NA,"",3,152184,1.97129790253903e-05,0,0,0,2092,0,0,0,15284,0,0,0,10608,0,0,0,912,0,0,0,5186,0,0,0,316,0,0,0,41452,0,0,0,4828,0,0,0,3468,0,0,3,68038,0,0,250
"105",9,130862969,"","G","A","gnomAD Genomes",NA,"PASS","ENST00000318560.6","p.Gln252Gln","p.Gln252Gln","c.756G>A","synonymous_variant","",NA,"",1,152222,6.56935265598928e-06,0,0,0,2094,0,0,0,15292,0,0,0,10628,0,0,0,912,0,0,0,5188,0,0,0,316,0,0,1,41452,0,0,0,4834,0,0,0,3472,0,0,0,68034,0,0,252
"106",9,130862972,"rs574756675","C","T","gnomAD Genomes",NA,"PASS","ENST00000318560.6","p.Tyr253Tyr","p.Tyr253Tyr","c.759C>T","synonymous_variant","",NA,"",7,152104,4.60211434281807e-05,0,0,0,2092,0,0,3,15272,0,0,0,10620,0,0,0,912,0,0,0,5182,0,0,0,316,0,0,2,41406,0,0,1,4818,0,0,0,3472,0,0,1,68014,0,0,253
"107",9,130862984,"rs200984542","C","T","gnomAD Genomes",NA,"PASS","ENST00000318560.6","p.Tyr257Tyr","p.Tyr257Tyr","c.771C>T","synonymous_variant","Benign",1600440,"",10,152070,6.57591898467811e-05,0,0,0,2092,0,0,0,15268,0,0,0,10604,0,0,0,910,0,0,0,5170,0,0,1,316,0,0,0,41404,0,0,1,4818,0,0,6,3470,0,0,2,68018,0,0,257
"108",9,130862990,"rs754813636","C","T","gnomAD Genomes",NA,"PASS","ENST00000318560.6","p.Gly259Gly","p.Gly259Gly","c.777C>T","synonymous_variant","Uncertain significance",1388113,"",8,152064,5.26094276094276e-05,0,0,0,2094,0,0,0,15266,0,0,0,10594,0,0,0,910,0,0,0,5178,0,0,0,316,0,0,7,41406,0,0,0,4828,0,0,0,3468,0,0,1,68004,0,0,259
"109",9,130862991,"rs772834697","G","A","gnomAD Genomes",NA,"PASS","ENST00000318560.6","p.Val260Met","p.Val260Met","c.778G>A","missense_variant","",NA,"",2,152176,1.31426769004311e-05,0,0,0,2092,0,0,0,15286,0,0,0,10620,0,0,0,912,0,0,0,5186,0,0,0,316,0,0,0,41438,0,0,0,4826,0,0,0,3470,0,0,2,68030,0,0,260
"110",9,130863011,"rs766198423","G","C","gnomAD Genomes",NA,"PASS","ENST00000318560.6","p.Leu266Leu","p.Leu266Leu","c.798G>C","synonymous_variant","",NA,"",2,152210,1.31397411470994e-05,0,0,0,2094,0,0,0,15288,0,0,0,10626,0,0,0,912,0,0,0,5188,0,0,0,316,0,0,1,41440,0,0,0,4832,0,0,0,3470,0,0,1,68044,0,0,266
"111",9,130863012,"rs1286639734","A","G","gnomAD Genomes",NA,"PASS","ENST00000318560.6","p.Thr267Ala","p.Thr267Ala","c.799A>G","missense_variant","",NA,"",1,152086,6.57522717409887e-06,0,0,0,2088,0,0,0,15272,0,0,0,10614,0,0,0,912,0,0,0,5182,0,0,0,316,0,0,0,41414,0,0,0,4828,0,0,0,3472,0,0,1,67988,0,0,267
"112",9,130863014,"rs753716371","G","A","gnomAD Genomes",NA,"PASS","ENST00000318560.6","p.Thr267Thr","p.Thr267Thr","c.801G>A","synonymous_variant","",NA,"",1,152160,6.5720294426919e-06,0,0,0,2094,0,0,1,15288,0,0,0,10614,0,0,0,912,0,0,0,5188,0,0,0,316,0,0,0,41430,0,0,0,4822,0,0,0,3470,0,0,0,68026,0,0,267
"113",9,130863020,"rs148722778","C","T","gnomAD Genomes",NA,"PASS","ENST00000318560.6","p.Ala269Ala","p.Ala269Ala","c.807C>T","synonymous_variant","Likely benign",1567710,"",30,152126,0.000197204948529508,0,0,0,2092,0,0,0,15276,0,0,0,10610,0,0,0,912,0,0,1,5190,0,0,0,316,0,0,3,41418,0,0,2,4816,0,0,0,3472,0,0,24,68024,0,0,269
"114",9,130863021,"rs587778017","G","T","gnomAD Genomes",NA,"PASS","ENST00000318560.6","p.Val270Leu","p.Val270Leu","c.808G>T","missense_variant","not provided",133451,"",1,152216,6.56961160456194e-06,0,0,0,2094,0,0,0,15292,0,0,0,10626,0,0,0,912,0,0,0,5188,0,0,0,316,0,0,0,41450,0,0,0,4832,0,0,0,3472,0,0,1,68034,0,0,270
"115",9,130872137,"rs1212787369","C","T","gnomAD Genomes",NA,"PASS","ENST00000318560.6","p.Thr277Thr","p.Thr277Thr","c.831C>T","synonymous_variant","",NA,"",1,152190,6.57073395098232e-06,0,0,0,2092,0,0,0,15276,0,0,0,10608,0,0,0,912,0,0,0,5194,0,0,0,316,0,0,1,41444,0,0,0,4832,0,0,0,3472,0,0,0,68044,0,0,277
"116",9,130872149,"rs141920514","A","G","gnomAD Genomes",NA,"PASS","ENST00000318560.6","p.Glu281Glu","p.Glu281Glu","c.843A>G","synonymous_variant","Benign",724351,"",61,152252,0.000400651551375351,1,0,1,2094,0,0,0,15284,0,0,0,10628,0,0,0,912,0,0,0,5198,0,0,0,316,0,0,58,41474,1,0,0,4834,0,0,0,3472,0,0,2,68040,0,0,281
"117",9,130872164,"rs757310086","A","G","gnomAD Genomes",NA,"PASS","ENST00000318560.6","p.Glu286Glu","p.Glu286Glu","c.858A>G","synonymous_variant","",NA,"",1,152248,6.56823078135673e-06,0,0,0,2092,0,0,0,15286,0,0,0,10630,0,0,0,912,0,0,0,5192,0,0,0,316,0,0,0,41468,0,0,0,4834,0,0,0,3472,0,0,1,68046,0,0,286
"118",9,130872882,"","G","C","gnomAD Genomes",NA,"PASS","ENST00000318560.6","p.Pro310Pro","p.Pro310Pro","c.930G>C","synonymous_variant","",NA,"",1,152194,6.5705612573426e-06,0,0,0,2090,0,0,0,15278,0,0,0,10620,0,0,0,912,0,0,0,5200,0,0,0,316,0,0,0,41450,0,0,1,4826,0,0,0,3470,0,0,0,68032,0,0,310
"119",9,130872882,"rs367767966","G","A","gnomAD Genomes",NA,"PASS","ENST00000318560.6","p.Pro310Pro","p.Pro310Pro","c.930G>A","synonymous_variant","Likely benign",1357715,"",27,152194,0.00017740515394825,0,0,3,2090,0,0,5,15278,0,0,1,10620,0,0,0,912,0,0,1,5200,0,0,0,316,0,0,4,41450,0,0,1,4826,0,0,0,3470,0,0,12,68032,0,0,310
"120",9,130872897,"rs1338400730","T","G","gnomAD Genomes",NA,"PASS","ENST00000318560.6","p.Thr315Thr","p.Thr315Thr","c.945T>G","synonymous_variant","",NA,"",1,152214,6.5696979252894e-06,0,0,0,2094,0,0,0,15282,0,0,0,10624,0,0,0,912,0,0,0,5202,0,0,0,316,0,0,0,41444,0,0,0,4828,0,0,0,3470,0,0,1,68042,0,0,315
"121",9,130872909,"rs754402007","C","T","gnomAD Genomes",NA,"PASS","ENST00000318560.6","p.Thr319Thr","p.Thr319Thr","c.957C>T","synonymous_variant","",NA,"",2,152196,1.31409498278536e-05,0,0,0,2092,0,0,0,15276,0,0,0,10616,0,0,0,912,0,0,0,5202,0,0,0,316,0,0,1,41436,0,0,0,4834,0,0,0,3470,0,0,1,68042,0,0,319
"122",9,130872911,"rs146342596","A","G","gnomAD Genomes",NA,"PASS","ENST00000318560.6","p.Tyr320Cys","p.Tyr320Cys","c.959A>G","missense_variant","",NA,"",3,152168,1.97150517848694e-05,0,0,0,2092,0,0,1,15268,0,0,0,10616,0,0,0,912,0,0,0,5188,0,0,0,316,0,0,0,41442,0,0,0,4826,0,0,0,3468,0,0,2,68040,0,0,320
"123",9,130872912,"rs1458597358","C","T","gnomAD Genomes",NA,"PASS","ENST00000318560.6","p.Tyr320Tyr","p.Tyr320Tyr","c.960C>T","synonymous_variant","",NA,"",1,152196,6.57047491392678e-06,0,0,0,2094,0,0,0,15288,0,0,0,10626,0,0,0,912,0,0,0,5202,0,0,0,316,0,0,0,41432,0,0,0,4824,0,0,0,3472,0,0,1,68030,0,0,320
"124",9,130872918,"rs560587976","C","A","gnomAD Genomes",NA,"PASS","ENST00000318560.6","p.Asn322Lys","p.Asn322Lys","c.966C>A","missense_variant","",NA,"",1,152220,6.56943896991197e-06,0,0,0,2094,0,0,0,15284,0,0,0,10622,0,0,0,912,0,0,0,5198,0,0,0,316,0,0,1,41448,0,0,0,4830,0,0,0,3472,0,0,0,68044,0,0,322
"125",9,130872921,"rs1386882545","C","A","gnomAD Genomes",NA,"PASS","ENST00000318560.6","p.Leu323Leu","p.Leu323Leu","c.969C>A","synonymous_variant","",NA,"",1,152192,6.57064760302775e-06,0,0,0,2092,0,0,0,15278,0,0,0,10612,0,0,0,910,0,0,0,5204,0,0,0,316,0,0,0,41452,0,0,0,4828,0,0,0,3470,0,0,1,68030,0,0,323
"126",9,130872924,"rs1564318931","G","A","gnomAD Genomes",NA,"PASS","ENST00000318560.6","p.Leu324Leu","p.Leu324Leu","c.972G>A","synonymous_variant","",NA,"",1,152174,6.57142481632868e-06,0,0,0,2092,0,0,0,15282,0,0,0,10612,0,0,0,912,0,0,0,5202,0,0,0,316,0,0,1,41450,0,0,0,4818,0,0,0,3470,0,0,0,68020,0,0,324
"127",9,130872943,"rs139597295","A","G","gnomAD Genomes",NA,"PASS","ENST00000318560.6","p.Asn331Asp","p.Asn331Asp","c.991A>G","missense_variant","Uncertain significance",1450798,"",4,152216,2.62784464182478e-05,0,0,0,2092,0,0,0,15286,0,0,0,10622,0,0,0,912,0,0,0,5202,0,0,0,316,0,0,0,41458,0,0,0,4820,0,0,0,3470,0,0,4,68038,0,0,331
"128",9,130872944,"rs144448357","A","T","gnomAD Genomes",NA,"PASS","ENST00000318560.6","p.Asn331Ile","p.Asn331Ile","c.992A>T","missense_variant","",NA,"",2,152176,1.31426769004311e-05,0,0,0,2092,0,0,0,15284,0,0,0,10620,0,0,0,912,0,0,0,5200,0,0,0,316,0,0,1,41410,0,0,0,4828,0,0,0,3472,0,0,1,68042,0,0,331
"129",9,130872944,"rs144448357","A","G","gnomAD Genomes",NA,"PASS","ENST00000318560.6","p.Asn331Ser","p.Asn331Ser","c.992A>G","missense_variant","",NA,"",29,152176,0.000190568815056251,0,0,1,2092,0,0,0,15284,0,0,0,10620,0,0,0,912,0,0,0,5200,0,0,0,316,0,0,26,41410,0,0,0,4828,0,0,0,3472,0,0,2,68042,0,0,331
"130",9,130872944,"rs144448357","A","C","gnomAD Genomes",NA,"PASS","ENST00000318560.6","p.Asn331Thr","p.Asn331Thr","c.992A>C","missense_variant","",NA,"",2,152176,1.31426769004311e-05,0,0,0,2092,0,0,0,15284,0,0,0,10620,0,0,0,912,0,0,0,5200,0,0,0,316,0,0,2,41410,0,0,0,4828,0,0,0,3472,0,0,0,68042,0,0,331
"131",9,130872946,"rs779478267","C","A","gnomAD Genomes",NA,"PASS","ENST00000318560.6","p.Arg332Arg","p.Arg332Arg","c.994C>A","synonymous_variant","",NA,"",1,152180,6.57116572479958e-06,0,0,0,2094,0,0,0,15280,0,0,0,10612,0,0,0,912,0,0,1,5200,0,0,0,316,0,0,0,41434,0,0,0,4822,0,0,0,3472,0,0,0,68038,0,0,332
"132",9,130872947,"rs560686582","G","A","gnomAD Genomes",NA,"PASS","ENST00000318560.6","p.Arg332Gln","p.Arg332Gln","c.995G>A","missense_variant","Benign",1570129,"",15,152172,9.85726677706806e-05,0,0,0,2090,0,0,4,15284,0,0,0,10614,0,0,0,912,0,0,0,5202,0,0,0,316,0,0,9,41422,0,0,0,4822,0,0,0,3472,0,0,2,68038,0,0,332
"133",9,130872960,"rs778612057","C","T","gnomAD Genomes",NA,"PASS","ENST00000318560.6","p.Asn336Asn","p.Asn336Asn","c.1008C>T","synonymous_variant","",NA,"",1,152138,6.57297979466011e-06,0,0,0,2092,0,0,1,15280,0,0,0,10612,0,0,0,912,0,0,0,5194,0,0,0,316,0,0,0,41412,0,0,0,4822,0,0,0,3470,0,0,0,68028,0,0,336
"134",9,130872963,"rs151086552","C","T","gnomAD Genomes",NA,"PASS","ENST00000318560.6","p.Ala337Ala","p.Ala337Ala","c.1011C>T","synonymous_variant","Likely benign",1659764,"",3,152170,1.97147926660971e-05,0,0,0,2092,0,0,0,15286,0,0,0,10608,0,0,0,912,0,0,0,5202,0,0,0,316,0,0,3,41426,0,0,0,4830,0,0,0,3468,0,0,0,68030,0,0,337
"135",9,130872996,"rs771149933","G","A","gnomAD Genomes",NA,"PASS","ENST00000318560.6","p.Ser348Ser","p.Ser348Ser","c.1044G>A","synonymous_variant","",NA,"",4,152172,2.62860447388481e-05,0,0,0,2086,0,0,0,15280,0,0,0,10622,0,0,0,912,0,0,0,5194,0,0,0,316,0,0,2,41424,0,0,0,4828,0,0,0,3470,0,0,2,68040,0,0,348
"136",9,130873010,"rs1362587735","A","C","gnomAD Genomes",NA,"PASS","ENST00000318560.6","p.Tyr353Ser","p.Tyr353Ser","c.1058A>C","missense_variant","",NA,"",1,152132,6.57323902926406e-06,0,0,0,2090,0,0,0,15266,0,0,0,10614,0,0,0,912,0,0,0,5184,0,0,0,316,0,0,0,41424,0,0,0,4820,0,0,1,3472,0,0,0,68034,0,0,353
"137",9,130873018,"","A","G","gnomAD Genomes",NA,"PASS","ENST00000318560.6","p.Lys356Glu","p.Lys356Glu","c.1066A>G","missense_variant","",NA,"",1,152066,6.57609196006997e-06,0,0,0,2090,0,0,0,15266,0,0,0,10608,0,0,0,908,0,0,0,5186,0,0,0,316,0,0,0,41388,0,0,0,4824,0,0,0,3470,0,0,1,68010,0,0,356
"138",9,130873019,"rs371489484","A","G","gnomAD Genomes",NA,"PASS","ENST00000318560.6","p.Lys356Arg","p.Lys356Arg","c.1067A>G","missense_variant","",NA,"",1,152162,6.57194306068532e-06,0,0,0,2090,0,0,0,15274,0,0,0,10622,0,0,0,912,0,0,0,5194,0,0,0,316,0,0,0,41422,0,0,0,4822,0,0,0,3470,0,0,1,68040,0,0,356
"139",9,130874871,"rs1465714867","T","C","gnomAD Genomes",NA,"PASS","ENST00000318560.6","p.Asp363Asp","p.Asp363Asp","c.1089T>C","synonymous_variant","",NA,"",1,152210,6.5698705735497e-06,0,0,0,2090,0,0,0,15290,0,0,0,10618,0,0,0,912,0,0,0,5196,0,0,0,316,0,0,0,41462,0,0,0,4828,0,0,0,3472,0,0,1,68026,0,0,363
"140",9,130874895,"rs1267778737","A","G","gnomAD Genomes",NA,"PASS","ENST00000318560.6","p.Val371Val","p.Val371Val","c.1113A>G","synonymous_variant","",NA,"",1,152200,6.57030223390276e-06,0,0,0,2090,0,0,0,15288,0,0,0,10616,0,0,0,912,0,0,0,5194,0,0,0,316,0,0,0,41460,0,0,0,4832,0,0,0,3470,0,0,1,68022,0,0,371
"141",9,130874901,"rs375188687","G","C","gnomAD Genomes",NA,"PASS","ENST00000318560.6","p.Glu373Asp","p.Glu373Asp","c.1119G>C","missense_variant","",NA,"",1,152214,6.5696979252894e-06,0,0,0,2090,0,0,0,15288,0,0,0,10620,0,0,0,912,0,0,0,5192,0,0,0,316,0,0,0,41458,0,0,0,4832,0,0,1,3470,0,0,0,68036,0,0,373
"142",9,130874919,"rs765993191","A","G","gnomAD Genomes",NA,"PASS","ENST00000318560.6","p.Val379Val","p.Val379Val","c.1137A>G","synonymous_variant","",NA,"",8,152136,5.25845296313824e-05,0,0,0,2090,0,0,0,15278,0,0,0,10600,0,0,0,912,0,0,0,5190,0,0,0,316,0,0,0,41424,0,0,8,4832,0,0,0,3472,0,0,0,68022,0,0,379
"143",9,130874934,"","G","A","gnomAD Genomes",NA,"PASS","ENST00000318560.6","p.Leu384Leu","p.Leu384Leu","c.1152G>A","synonymous_variant","",NA,"",1,152166,6.57177030348435e-06,0,0,0,2090,0,0,0,15282,0,0,0,10608,0,0,0,912,0,0,0,5196,0,0,0,316,0,0,1,41434,0,0,0,4834,0,0,0,3470,0,0,0,68024,0,0,384
"144",9,130874943,"rs764584489","G","A","gnomAD Genomes",NA,"PASS","ENST00000318560.6","p.Leu387Leu","p.Leu387Leu","c.1161G>A","synonymous_variant","",NA,"",1,152170,6.57159755536571e-06,0,0,0,2086,0,0,0,15268,0,0,0,10626,0,0,0,912,0,0,0,5196,0,0,0,314,0,0,1,41428,0,0,0,4828,0,0,0,3472,0,0,0,68040,0,0,387
"145",9,130874962,"","A","G","gnomAD Genomes",NA,"PASS","ENST00000318560.6","p.Thr394Ala","p.Thr394Ala","c.1180A>G","missense_variant","",NA,"",1,152174,6.57142481632868e-06,0,0,0,2090,0,0,0,15282,0,0,0,10608,0,0,0,912,0,0,0,5196,0,0,0,316,0,0,0,41436,0,0,0,4832,0,0,0,3472,0,0,1,68030,0,0,394
"146",9,130874967,"rs1234771762","C","T","gnomAD Genomes",NA,"PASS","ENST00000318560.6","p.Ala395Ala","p.Ala395Ala","c.1185C>T","synonymous_variant","",NA,"",3,152146,1.97179025409804e-05,0,0,0,2086,0,0,0,15276,0,0,0,10598,0,0,0,912,0,0,0,5194,0,0,0,316,0,0,0,41424,0,0,0,4824,0,0,0,3472,0,0,3,68044,0,0,395
"147",9,130874973,"rs777780369","T","G","gnomAD Genomes",NA,"PASS","ENST00000318560.6","p.Ala397Ala","p.Ala397Ala","c.1191T>G","synonymous_variant","",NA,"",1,152222,6.56935265598928e-06,0,0,0,2092,0,0,0,15282,0,0,0,10622,0,0,0,912,0,0,0,5202,0,0,0,316,0,0,1,41448,0,0,0,4832,0,0,0,3472,0,0,0,68044,0,0,397
"148",9,130874976,"rs1482051648","A","C","gnomAD Genomes",NA,"PASS","ENST00000318560.6","p.Gly398Gly","p.Gly398Gly","c.1194A>C","synonymous_variant","",NA,"",1,152150,6.57246138678935e-06,0,0,0,2088,0,0,0,15280,0,0,0,10608,0,0,0,912,0,0,0,5194,0,0,0,316,0,0,1,41434,0,0,0,4822,0,0,0,3468,0,0,0,68028,0,0,398
"149",9,130875000,"","T","C","gnomAD Genomes",NA,"PASS","ENST00000318560.6","p.Thr406Thr","p.Thr406Thr","c.1218T>C","synonymous_variant","",NA,"",1,152230,6.56900742297839e-06,0,0,0,2092,0,0,0,15288,0,0,0,10626,0,0,0,912,0,0,0,5202,0,0,0,316,0,0,1,41456,0,0,0,4820,0,0,0,3472,0,0,0,68046,0,0,406
"150",9,130875006,"rs769680447","C","T","gnomAD Genomes",NA,"PASS","ENST00000318560.6","p.Pro408Pro","p.Pro408Pro","c.1224C>T","synonymous_variant","",NA,"",5,152198,3.2851942863901e-05,0,0,0,2094,0,0,0,15278,0,0,0,10630,0,0,0,912,0,0,0,5202,0,0,0,316,0,0,1,41432,0,0,0,4822,0,0,0,3472,0,0,4,68040,0,0,408
"151",9,130875007,"","G","A","gnomAD Genomes",NA,"PASS","ENST00000318560.6","p.Glu409Lys","p.Glu409Lys","c.1225G>A","missense_variant","",NA,"",1,152228,6.56909372782931e-06,0,0,0,2088,0,0,0,15282,0,0,0,10628,0,0,0,912,0,0,0,5198,0,0,0,316,0,0,1,41456,0,0,0,4828,0,0,0,3470,0,0,0,68050,0,0,409
"152",9,130875023,"rs897182973","A","T","gnomAD Genomes",NA,"PASS","ENST00000318560.6","p.Asn414Ile","p.Asn414Ile","c.1241A>T","missense_variant","",NA,"",1,152248,6.56823078135673e-06,0,0,0,2094,0,0,0,15284,0,0,0,10622,0,0,0,912,0,0,0,5208,0,0,0,316,0,0,1,41474,0,0,0,4828,0,0,0,3470,0,0,0,68040,0,0,414
"153",9,130875042,"rs139838231","C","T","gnomAD Genomes",NA,"PASS","ENST00000318560.6","p.Ser420Ser","p.Ser420Ser","c.1260C>T","synonymous_variant","Likely benign",1558247,"",8,152194,5.25644900587408e-05,0,0,0,2088,0,0,0,15282,0,0,0,10620,0,0,0,912,0,0,1,5198,0,0,0,316,0,0,7,41448,0,0,0,4826,0,0,0,3470,0,0,0,68034,0,0,420
"154",9,130875045,"rs781591331","C","T","gnomAD Genomes",NA,"PASS","ENST00000318560.6","p.Asp421Asp","p.Asp421Asp","c.1263C>T","synonymous_variant","",NA,"",1,152210,6.5698705735497e-06,0,0,0,2092,0,0,0,15280,0,0,0,10620,0,0,0,910,0,0,0,5204,0,0,0,316,0,0,0,41460,0,0,0,4828,0,0,0,3472,0,0,1,68028,0,0,421
"155",9,130875046,"rs867460090","G","A","gnomAD Genomes",NA,"PASS","ENST00000318560.6","p.Val422Ile","p.Val422Ile","c.1264G>A","missense_variant","",NA,"",3,152206,1.97101296926534e-05,0,0,0,2094,0,0,2,15274,0,0,0,10618,0,0,0,912,0,0,0,5202,0,0,0,316,0,0,0,41462,0,0,0,4820,0,0,0,3468,0,0,1,68040,0,0,422
"156",9,130878445,"rs866526771","C","A","gnomAD Genomes",NA,"PASS","ENST00000318560.6","p.Thr434Asn","p.Thr434Asn","c.1301C>A","missense_variant","",NA,"",2,152192,1.31412952060555e-05,0,0,0,2088,0,0,0,15288,0,0,0,10616,0,0,0,908,0,0,0,5196,0,0,0,316,0,0,2,41446,0,0,0,4826,0,0,0,3470,0,0,0,68038,0,0,434
"157",9,130878458,"rs1271993326","C","T","gnomAD Genomes",NA,"PASS","ENST00000318560.6","p.Ser438Ser","p.Ser438Ser","c.1314C>T","synonymous_variant","",NA,"",1,152198,6.57038857278019e-06,0,0,0,2094,0,0,0,15278,0,0,0,10616,0,0,0,912,0,0,0,5204,0,0,0,316,0,0,0,41450,0,0,1,4830,0,0,0,3470,0,0,0,68028,0,0,438
"158",9,130878467,"rs751497466","G","A","gnomAD Genomes",NA,"PASS","ENST00000318560.6","p.Pro441Pro","p.Pro441Pro","c.1323G>A","synonymous_variant","",NA,"",1,152204,6.57012956295498e-06,0,0,0,2094,0,0,0,15280,0,0,0,10616,0,0,0,912,0,0,0,5200,0,0,0,316,0,0,0,41452,0,0,0,4832,0,0,0,3472,0,0,1,68030,0,0,441
"159",9,130878485,"","G","A","gnomAD Genomes",NA,"PASS","ENST00000318560.6","p.Gln447Gln","p.Gln447Gln","c.1341G>A","synonymous_variant","",NA,"",1,152216,6.56961160456194e-06,0,0,0,2092,0,0,0,15284,0,0,0,10612,0,0,0,912,0,0,1,5202,0,0,0,316,0,0,0,41456,0,0,0,4828,0,0,0,3468,0,0,0,68046,0,0,447
"160",9,130878502,"rs1160660119","A","G","gnomAD Genomes",NA,"PASS","ENST00000318560.6","p.Glu453Gly","p.Glu453Gly","c.1358A>G","missense_variant","",NA,"",1,152220,6.56943896991197e-06,0,0,0,2092,0,0,0,15282,0,0,0,10622,0,0,0,912,0,0,0,5206,0,0,0,316,0,0,0,41456,0,0,0,4836,0,0,0,3468,0,0,1,68030,0,0,453
"161",9,130878503,"","G","A","gnomAD Genomes",NA,"PASS","ENST00000318560.6","p.Glu453Glu","p.Glu453Glu","c.1359G>A","synonymous_variant","",NA,"",1,152242,6.56848964149184e-06,0,0,0,2092,0,0,0,15290,0,0,0,10624,0,0,0,912,0,0,0,5206,0,0,0,316,0,0,0,41462,0,0,1,4836,0,0,0,3468,0,0,0,68036,0,0,453
"162",9,130878521,"","G","A","gnomAD Genomes",NA,"PASS","ENST00000318560.6","p.Glu459Glu","p.Glu459Glu","c.1377G>A","synonymous_variant","",NA,"",1,152242,6.56848964149184e-06,0,0,1,2094,0,0,0,15286,0,0,0,10620,0,0,0,910,0,0,0,5204,0,0,0,316,0,0,0,41468,0,0,0,4828,0,0,0,3472,0,0,0,68044,0,0,459
"163",9,130878522,"rs746156716","C","T","gnomAD Genomes",NA,"PASS","ENST00000318560.6","p.Arg460Cys","p.Arg460Cys","c.1378C>T","missense_variant","",NA,"",2,152208,1.31399138021655e-05,0,0,0,2094,0,0,0,15282,0,0,0,10610,0,0,0,912,0,0,0,5202,0,0,0,316,0,0,2,41450,0,0,0,4830,0,0,0,3470,0,0,0,68042,0,0,460
"164",9,130878523,"rs149852028","G","A","gnomAD Genomes",NA,"PASS","ENST00000318560.6","p.Arg460His","p.Arg460His","c.1379G>A","missense_variant","",NA,"",2,152172,1.31430223694241e-05,0,0,0,2092,0,0,0,15278,0,0,0,10594,0,0,0,910,0,0,0,5208,0,0,0,316,0,0,0,41446,0,0,0,4822,0,0,0,3470,0,0,2,68036,0,0,460
"165",9,130878533,"rs780220956","C","T","gnomAD Genomes",NA,"PASS","ENST00000318560.6","p.Gly463Gly","p.Gly463Gly","c.1389C>T","synonymous_variant","",NA,"",10,152224,6.56926634433466e-05,0,0,1,2092,0,0,4,15286,0,0,0,10620,0,0,0,912,0,0,0,5198,0,0,0,316,0,0,5,41458,0,0,0,4830,0,0,0,3470,0,0,0,68042,0,0,463
"166",9,130878551,"rs1475988459","T","C","gnomAD Genomes",NA,"PASS","ENST00000318560.6","p.Tyr469Tyr","p.Tyr469Tyr","c.1407T>C","synonymous_variant","Likely benign",708686,"",2,152224,1.31385326886693e-05,0,0,0,2090,0,0,0,15286,0,0,0,10626,0,0,0,912,0,0,0,5198,0,0,0,316,0,0,2,41456,0,0,0,4832,0,0,0,3470,0,0,0,68038,0,0,469
"167",9,130878561,"rs377657490","C","G","gnomAD Genomes",NA,"PASS","ENST00000318560.6","p.Arg473Gly","p.Arg473Gly","c.1417C>G","missense_variant","not provided",133452,"",4,152204,2.62805182518199e-05,0,0,0,2088,0,0,0,15282,0,0,0,10618,0,0,0,912,0,0,0,5190,0,0,0,316,0,0,4,41458,0,0,0,4822,0,0,0,3472,0,0,0,68046,0,0,473
"168",9,130878562,"rs62638716","G","A","gnomAD Genomes",NA,"PASS","ENST00000318560.6","p.Arg473Gln","p.Arg473Gln","c.1418G>A","missense_variant","Benign",133453,"",428,152202,0.002812052404042,1,0,3,2092,0,0,12,15272,0,0,0,10618,0,0,0,912,0,0,0,5190,0,0,0,316,0,0,413,41456,1,0,0,4824,0,0,0,3472,0,0,0,68050,0,0,473
"169",9,130878566,"rs748589356","A","G","gnomAD Genomes",NA,"PASS","ENST00000318560.6","p.Ala474Ala","p.Ala474Ala","c.1422A>G","splice_region_variant","",NA,"",1,152246,6.5683170658014e-06,0,0,0,2094,0,0,0,15286,0,0,0,10624,0,0,0,912,0,0,0,5196,0,0,0,316,0,0,0,41466,0,0,1,4830,0,0,0,3472,0,0,0,68050,0,0,474
"170",9,130880084,"rs141144135","C","T","gnomAD Genomes",NA,"PASS","ENST00000318560.6","p.Pro480Pro","p.Pro480Pro","c.1440C>T","synonymous_variant","",NA,"",2,152178,1.31425041727451e-05,0,0,0,2094,0,0,0,15280,0,0,0,10612,0,0,0,912,0,0,0,5184,0,0,0,316,0,0,2,41446,0,0,0,4830,0,0,0,3472,0,0,0,68032,0,0,480
"171",9,130880091,"rs1355584861","C","T","gnomAD Genomes",NA,"PASS","ENST00000318560.6","p.Arg483Trp","p.Arg483Trp","c.1447C>T","missense_variant","Uncertain significance",1318941,"",1,152166,6.57177030348435e-06,0,0,0,2094,0,0,0,15280,0,0,0,10616,0,0,0,912,0,0,0,5186,0,0,0,316,0,0,0,41436,0,0,0,4826,0,0,0,3472,0,0,1,68028,0,0,483
"172",9,130880096,"rs1209408810","C","T","gnomAD Genomes",NA,"PASS","ENST00000318560.6","p.Pro484Pro","p.Pro484Pro","c.1452C>T","synonymous_variant","",NA,"",1,152178,6.57125208637254e-06,0,0,0,2090,0,0,0,15284,0,0,0,10622,0,0,0,912,0,0,1,5186,0,0,0,316,0,0,0,41442,0,0,0,4820,0,0,0,3472,0,0,0,68034,0,0,484
"173",9,130880099,"","C","A","gnomAD Genomes",NA,"PASS","ENST00000318560.6","p.Ser485Ser","p.Ser485Ser","c.1455C>A","synonymous_variant","",NA,"",1,152186,6.57090665370008e-06,0,0,0,2092,0,0,0,15284,0,0,0,10622,0,0,0,910,0,0,0,5188,0,0,0,316,0,0,0,41444,0,0,0,4822,0,0,0,3470,0,0,1,68038,0,0,485
"174",9,130880108,"rs541225290","A","C","gnomAD Genomes",NA,"PASS","ENST00000318560.6","p.Glu488Asp","p.Glu488Asp","c.1464A>C","missense_variant","",NA,"",3,152174,1.9714274448986e-05,0,0,0,2090,0,0,0,15280,0,0,0,10622,0,0,0,912,0,0,0,5188,0,0,0,316,0,0,3,41426,0,0,0,4824,0,0,0,3472,0,0,0,68044,0,0,488
"175",9,130880118,"rs1444767486","G","A","gnomAD Genomes",NA,"PASS","ENST00000318560.6","p.Ala492Thr","p.Ala492Thr","c.1474G>A","missense_variant","",NA,"",1,152160,6.5720294426919e-06,0,0,0,2088,0,0,0,15276,0,0,0,10614,0,0,0,912,0,0,0,5180,0,0,0,316,0,0,1,41434,0,0,0,4830,0,0,0,3472,0,0,0,68038,0,0,492
"176",9,130880120,"rs148837636","C","T","gnomAD Genomes",NA,"PASS","ENST00000318560.6","p.Ala492Ala","p.Ala492Ala","c.1476C>T","synonymous_variant","Likely benign",1543109,"",2,152164,1.3143713361899e-05,0,0,0,2090,0,0,0,15278,0,0,0,10624,0,0,0,912,0,0,0,5184,0,0,0,316,0,0,0,41438,0,0,0,4820,0,0,0,3472,0,0,2,68030,0,0,492
"177",9,130880141,"rs2227985","A","G","gnomAD Genomes",NA,"PASS","ENST00000318560.6","p.Glu499Glu","p.Glu499Glu","c.1497A>G","synonymous_variant","Benign",1596488,"",14404,152050,0.0947319960539296,911,0,188,2090,8,0,1112,15266,44,0,344,10616,6,0,53,912,2,0,2,5184,0,0,27,316,1,0,7077,41356,620,0,124,4830,1,0,222,3470,9,0,5255,68010,220,0,499
"178",9,130880144,"rs373691599","C","T","gnomAD Genomes",NA,"PASS","ENST00000318560.6","p.Ser500Ser","p.Ser500Ser","c.1500C>T","synonymous_variant","",NA,"",2,152162,1.31438861213706e-05,0,0,0,2092,0,0,0,15276,0,0,0,10618,0,0,0,912,0,0,0,5182,0,0,0,316,0,0,2,41424,0,0,0,4828,0,0,0,3472,0,0,0,68042,0,0,500
"179",9,130880150,"rs771282386","C","T","gnomAD Genomes",NA,"PASS","ENST00000318560.6","p.Ile502Ile","p.Ile502Ile","c.1506C>T","synonymous_variant","",NA,"",3,152160,1.97160883280757e-05,0,0,1,2092,0,0,0,15270,0,0,0,10612,0,0,0,910,0,0,0,5186,0,0,0,316,0,0,0,41430,0,0,1,4830,0,0,0,3472,0,0,1,68042,0,0,502
"180",9,130880156,"rs145352772","C","T","gnomAD Genomes",NA,"PASS","ENST00000318560.6","p.Asp504Asp","p.Asp504Asp","c.1512C>T","splice_region_variant","Benign",1551522,"",167,152128,0.00109775978123685,0,0,3,2090,0,0,8,15268,0,0,0,10610,0,0,0,912,0,0,1,5194,0,0,1,316,0,0,111,41412,0,0,2,4822,0,0,27,3470,0,0,14,68034,0,0,504
"181",9,130880507,"rs771568840","A","G","gnomAD Genomes",NA,"PASS","ENST00000318560.6","p.Glu507Glu","p.Glu507Glu","c.1521A>G","synonymous_variant","Likely benign",1582399,"",5,152072,3.28791625019727e-05,0,0,0,2094,0,0,4,15264,0,0,0,10610,0,0,0,912,0,0,0,5188,0,0,0,316,0,0,0,41404,0,0,0,4802,0,0,0,3466,0,0,1,68016,0,0,507
"182",9,130880524,"rs773026233","A","G","gnomAD Genomes",NA,"PASS","ENST00000318560.6","p.Gln513Arg","p.Gln513Arg","c.1538A>G","missense_variant","",NA,"",2,152084,1.31506272849215e-05,0,0,0,2092,0,0,2,15250,0,0,0,10602,0,0,0,912,0,0,0,5190,0,0,0,316,0,0,0,41396,0,0,0,4816,0,0,0,3468,0,0,0,68042,0,0,513
"183",9,130880528,"rs568320172","C","T","gnomAD Genomes",NA,"PASS","ENST00000318560.6","p.Gly514Gly","p.Gly514Gly","c.1542C>T","synonymous_variant","",NA,"",2,152106,1.31487252310888e-05,0,0,0,2092,0,0,0,15246,0,0,0,10620,0,0,0,912,0,0,0,5190,0,0,0,316,0,0,1,41406,0,0,0,4826,0,0,0,3470,0,0,1,68028,0,0,514
"184",9,130880529,"rs766145624","G","A","gnomAD Genomes",NA,"PASS","ENST00000318560.6","p.Val515Ile","p.Val515Ile","c.1543G>A","missense_variant","",NA,"",1,152094,6.57488132339211e-06,0,0,0,2092,0,0,1,15254,0,0,0,10614,0,0,0,912,0,0,0,5186,0,0,0,316,0,0,0,41412,0,0,0,4810,0,0,0,3470,0,0,0,68028,0,0,515
"185",9,130880532,"rs759795929","C","T","gnomAD Genomes",NA,"PASS","ENST00000318560.6","p.Arg516Cys","p.Arg516Cys","c.1546C>T","missense_variant","",NA,"",1,152122,6.57367113238059e-06,0,0,0,2090,0,0,0,15258,0,0,0,10622,0,0,0,912,0,0,0,5188,0,0,0,316,0,0,1,41420,0,0,0,4824,0,0,0,3466,0,0,0,68026,0,0,516
"186",9,130880533,"rs765425928","G","A","gnomAD Genomes",NA,"PASS","ENST00000318560.6","p.Arg516His","p.Arg516His","c.1547G>A","missense_variant","",NA,"",1,152108,6.57427617219344e-06,0,0,0,2090,0,0,0,15256,0,0,0,10610,0,0,0,912,0,0,0,5192,0,0,0,316,0,0,0,41406,0,0,0,4818,0,0,0,3468,0,0,1,68040,0,0,516
