"type","alt_start_pos","alt_end_pos","ref","ref_codon","alt","alt_codon","frame_pos","ct","depth","protein_start","protein_end","ref_aa","alt_aa","amino_acids","consequence_terms"
"snp",1170,1171,"G","GGG","A","GGA",2,1,503,390,390,"G","G","G/G","synonymous_variant"
"snp",1188,1189,"T","CAT","G","CAG",2,2,503,396,396,"H","Q","H/Q","missense_variant"
"snp",1190,1191,"C","GCT","G","GGT",1,1,503,397,397,"A","G","A/G","missense_variant"
"snp",1201,1202,"T","TTC","A","ATC",0,2,503,401,401,"F","I","F/I","missense_variant"
"snp",1211,1212,"A","AAA","G","AGA",1,2,503,404,404,"K","R","K/R","missense_variant"
"snp",1237,1238,"T","TAC","C","CAC",0,2,453,413,413,"Y","H","Y/H","missense_variant"
"snp",1240,1241,"A","AAC","C","CAC",0,1,503,414,414,"N","H","N/H","missense_variant"
"snp",1240,1241,"A","AAC","T","TAC",0,4,587,414,414,"N","Y","N/Y","missense_variant"
"snp",1241,1242,"A","AAC","G","AGC",1,1,572,414,414,"N","S","N/S","missense_variant"
"snp",1244,1245,"A","AAG","T","ATG",1,2,449.5,415,415,"K","M","K/M","missense_variant"
"snp",1250,1251,"C","TCC","T","TTC",1,1,503,417,417,"S","F","S/F","missense_variant"
"snp",1252,1253,"A","ATC","T","TTC",0,1,839,418,418,"I","F","I/F","missense_variant"
"snp",1253,1254,"T","ATC","C","ACC",1,1,503,418,418,"I","T","I/T","missense_variant"
"snp",1256,1257,"A","AAG","T","ATG",1,4,671,419,419,"K","M","K/M","missense_variant"
"snp",1259,1260,"C","TCC","G","TGC",1,3,615,420,420,"S","C","S/C","missense_variant"
"snp",1263,1264,"C","GAC","G","GAG",2,1,503,421,421,"D","E","D/E","missense_variant"
"snp",1279,1280,"G","GTA","A","ATA",0,1,503,427,427,"V","I","V/I","missense_variant"
"snp",1283,1284,"T","TTG","G","TGG",1,2,671,428,428,"L","W","L/W","missense_variant"
"snp",1291,1292,"G","GAA","A","AAA",0,1,861,431,431,"E","K","E/K","missense_variant"
"snp",1308,1309,"C","GGC","T","GGT",2,1,839,436,436,"G","G","G/G","synonymous_variant"
"snp",1309,1310,"A","ATG","G","GTG",0,1,864,437,437,"M","V","M/V","missense_variant"
"snp",1310,1311,"T","ATG","A","AAG",1,1,839,437,437,"M","K","M/K","missense_variant"
"snp",1312,1313,"T","TCC","A","ACC",0,1,1067,438,438,"S","T","S/T","missense_variant"
"snp",1313,1314,"C","TCC","T","TTC",1,1,839,438,438,"S","F","S/F","missense_variant"
"snp",1319,1320,"A","TAC","T","TTC",1,1,848,440,440,"Y","F","Y/F","missense_variant"
"snp",1324,1325,"G","GGA","A","AGA",0,2,839,442,442,"G","R","G/R","missense_variant"
"snp",1329,1330,"T","ATT","G","ATG",2,1,839,443,443,"I","M","I/M","missense_variant"
"snp",1330,1331,"G","GAC","C","CAC",0,1,1067,444,444,"D","H","D/H","missense_variant"
"snp",1335,1336,"G","CTG","A","CTA",2,1,839,445,445,"L","L","L/L","synonymous_variant"
"snp",1341,1342,"G","CAG","C","CAC",2,2,839,447,447,"Q","H","Q/H","missense_variant"
"snp",1348,1349,"G","GAG","A","AAG",0,1,839,450,450,"E","K","E/K","missense_variant"
"snp",1349,1350,"A","GAG","T","GTG",1,1,860,450,450,"E","V","E/V","missense_variant"
"snp",1350,1351,"G","GAG","A","GAA",2,1,910,450,450,"E","E","E/E","synonymous_variant"
"snp",1363,1364,"G","GAC","C","CAC",0,3,1067,455,455,"D","H","D/H","missense_variant"
"snp",1366,1367,"T","TAC","C","CAC",0,1,858,456,456,"Y","H","Y/H","missense_variant"
"snp",1372,1373,"A","ATG","C","CTG",0,1,1067,458,458,"M","L","M/L","missense_variant"
"snp",1378,1379,"C","CGC","T","TGC",0,1,1067,460,460,"R","C","R/C","missense_variant"
"snp",1387,1388,"G","GGC","A","AGC",0,1,1080,463,463,"G","S","G/S","missense_variant"
"snp",1387,1388,"G","GGC","T","TGC",0,2,964,463,463,"G","C","G/C","missense_variant"
"snp",1390,1391,"T","TGC","A","AGC",0,1,1067,464,464,"C","S","C/S","missense_variant"
"snp",1391,1392,"G","TGC","T","TTC",1,1,1067,464,464,"C","F","C/F","missense_variant"
"snp",1398,1399,"G","GAG","A","GAA",2,1,910,466,466,"E","E","E/E","synonymous_variant"
"snp",1401,1402,"G","AAG","A","AAA",2,1,1067,467,467,"K","K","K/K","synonymous_variant"
"snp",1479,1480,"T","TTT","C","TTC",2,5,284.4,493,493,"F","F","F/F","synonymous_variant"
"mnv",1180,1183,"ACA","ACA","GTG","GTG",0,1,503,394,394,"T","V","T/V","missense_variant"
"mnv",1181,1183,"CA","ACA","TC","ATC",1,1,503,394,394,"T","I","T/I","missense_variant"
"mnv",1181,1183,"CA","ACA","TG","ATG",1,1,503,394,394,"T","M","T/M","missense_variant"
"mnv",1183,1185,"GC","GCC","TG","TGC",0,1,503,395,395,"A","C","A/C","missense_variant"
"mnv",1186,1189,"CAT","CAT","AGA","AGA",0,3,355.333333333333,396,396,"H","R","H/R","missense_variant"
"mnv",1186,1189,"CAT","CAT","GTG","GTG",0,1,503,396,396,"H","V","H/V","missense_variant"
"mnv",1189,1192,"GCT","GCT","ACC","ACC",0,1,503,397,397,"A","T","A/T","missense_variant"
"mnv",1189,1192,"GCT","GCT","ATC","ATC",0,1,572,397,397,"A","I","A/I","missense_variant"
"mnv",1189,1192,"GCT","GCT","ATG","ATG",0,1,503,397,397,"A","M","A/M","missense_variant"
"mnv",1189,1192,"GCT","GCT","TGG","TGG",0,1,503,397,397,"A","W","A/W","missense_variant"
"mnv",1190,1192,"CT","GCT","AG","GAG",1,1,503,397,397,"A","E","A/E","missense_variant"
"mnv",1193,1195,"GA","GGA","AG","GAG",1,1,503,398,398,"G","E","G/E","missense_variant"
"mnv",1195,1197,"GC","GCC","TG","TGC",0,2,547.5,399,399,"A","C","A/C","missense_variant"
"mnv",1196,1198,"CC","GCC","AG","GAG",1,1,572,399,399,"A","E","A/E","missense_variant"
"mnv",1196,1198,"CC","GCC","GT","GGT",1,1,503,399,399,"A","G","A/G","missense_variant"
"mnv",1199,1201,"AG","AAG","CC","ACC",1,1,503,400,400,"K","T","K/T","missense_variant"
"mnv",1199,1201,"AG","AAG","GA","AGA",1,1,572,400,400,"K","R","K/R","missense_variant"
"mnv",1201,1203,"TT","TTC","CA","CAC",0,1,503,401,401,"F","H","F/H","missense_variant"
"mnv",1201,1204,"TTC","TTC","AGA","AGA",0,1,503,401,401,"F","R","F/R","missense_variant"
"mnv",1201,1204,"TTC","TTC","ATG","ATG",0,1,503,401,401,"F","M","F/M","missense_variant"
"mnv",1201,1204,"TTC","TTC","CTG","CTG",0,2,281.5,401,401,"F","L","F/L","missense_variant"
"mnv",1207,1210,"ATC","ATC","GTG","GTG",0,1,503,403,403,"I","V","I/V","missense_variant"
"mnv",1216,1219,"ACT","ACT","GTG","GTG",0,1,503,406,406,"T","V","T/V","missense_variant"
"mnv",1216,1219,"ACT","ACT","TGC","TGC",0,2,503,406,406,"T","C","T/C","missense_variant"
"mnv",1219,1222,"GCA","GCA","CCT","CCT",0,4,528,407,407,"A","P","A/P","missense_variant"
"mnv",1219,1222,"GCA","GCA","TGC","TGC",0,1,503,407,407,"A","C","A/C","missense_variant"
"mnv",1228,1231,"AGC","AGC","TGG","TGG",0,1,503,410,410,"S","W","S/W","missense_variant"
"mnv",1234,1237,"GCC","GCC","AGA","AGA",0,1,839,412,412,"A","R","A/R","missense_variant"
"mnv",1235,1237,"CC","GCC","TG","GTG",1,1,503,412,412,"A","V","A/V","missense_variant"
"mnv",1237,1240,"TAC","TAC","AAG","AAG",0,1,503,413,413,"Y","K","Y/K","missense_variant"
"mnv",1240,1243,"AAC","AAC","GCT","GCT",0,2,671,414,414,"N","A","N/A","missense_variant"
"mnv",1243,1246,"AAG","AAG","TTC","TTC",0,2,671,415,415,"K","F","K/F","missense_variant"
"mnv",1244,1246,"AG","AAG","GA","AGA",1,1,839,415,415,"K","R","K/R","missense_variant"
"mnv",1244,1246,"AG","AAG","TC","ATC",1,1,839,415,415,"K","I","K/I","missense_variant"
"mnv",1249,1251,"TC","TCC","AA","AAC",0,2,671,417,417,"S","N","S/N","missense_variant"
"mnv",1249,1251,"TC","TCC","CA","CAC",0,1,503,417,417,"S","H","S/H","missense_variant"
"mnv",1249,1252,"TCC","TCC","CAG","CAG",0,1,503,417,417,"S","Q","S/Q","missense_variant"
"mnv",1249,1252,"TCC","TCC","CTG","CTG",0,2,671,417,417,"S","L","S/L","missense_variant"
"mnv",1249,1252,"TCC","TCC","GCT","GCT",0,2,671,417,417,"S","A","S/A","missense_variant"
"mnv",1249,1252,"TCC","TCC","GGT","GGT",0,1,839,417,417,"S","G","S/G","missense_variant"
"mnv",1252,1254,"AT","ATC","TA","TAC",0,2,503,418,418,"I","Y","I/Y","missense_variant"
"mnv",1252,1254,"AT","ATC","TG","TGC",0,2,449.5,418,418,"I","C","I/C","missense_variant"
"mnv",1252,1255,"ATC","ATC","GAG","GAG",0,2,671,418,418,"I","E","I/E","missense_variant"
"mnv",1255,1257,"AA","AAG","TG","TGG",0,2,705.5,419,419,"K","W","K/W","missense_variant"
"mnv",1255,1258,"AAG","AAG","CAC","CAC",0,1,839,419,419,"K","H","K/H","missense_variant"
"mnv",1255,1258,"AAG","AAG","GCT","GCT",0,1,601,419,419,"K","A","K/A","missense_variant"
"mnv",1255,1258,"AAG","AAG","GGT","GGT",0,1,503,419,419,"K","G","K/G","missense_variant"
"mnv",1255,1258,"AAG","AAG","TAC","TAC",0,1,503,419,419,"K","Y","K/Y","missense_variant"
"mnv",1255,1258,"AAG","AAG","TTC","TTC",0,2,281.5,419,419,"K","F","K/F","missense_variant"
"mnv",1256,1258,"AG","AAG","CC","ACC",1,1,503,419,419,"K","T","K/T","missense_variant"
"mnv",1258,1261,"TCC","TCC","GGT","GGT",0,2,671,420,420,"S","G","S/G","missense_variant"
"mnv",1264,1266,"GT","GTC","AC","ACC",0,2,705.5,422,422,"V","T","V/T","missense_variant"
"mnv",1264,1266,"GT","GTC","AG","AGC",0,4,560.25,422,422,"V","S","V/S","missense_variant"
"mnv",1264,1266,"GT","GTC","TG","TGC",0,3,615,422,422,"V","C","V/C","missense_variant"
"mnv",1264,1267,"GTC","GTC","ATG","ATG",0,1,839,422,422,"V","M","V/M","missense_variant"
"mnv",1265,1267,"TC","GTC","CT","GCT",1,3,663,422,422,"V","A","V/A","missense_variant"
"mnv",1270,1273,"GCA","GCA","AGC","AGC",0,1,839,424,424,"A","S","A/S","missense_variant"
"mnv",1271,1273,"CA","GCA","GT","GGT",1,3,727,424,424,"A","G","A/G","missense_variant"
"mnv",1273,1275,"TT","TTT","GC","GCT",0,1,503,425,425,"F","A","F/A","missense_variant"
"mnv",1273,1276,"TTT","TTT","CTG","CTG",0,3,503,425,425,"F","L","F/L","missense_variant"
"mnv",1274,1276,"TT","TTT","GG","TGG",1,1,572,425,425,"F","W","F/W","missense_variant"
"mnv",1279,1282,"GTA","GTA","ACC","ACC",0,1,503,427,427,"V","T","V/T","missense_variant"
"mnv",1285,1287,"CT","CTT","GA","GAT",0,1,503,429,429,"L","D","L/D","missense_variant"
"mnv",1285,1287,"CT","CTT","GC","GCT",0,1,60,429,429,"L","A","L/A","missense_variant"
"mnv",1285,1288,"CTT","CTT","GTG","GTG",0,1,503,429,429,"L","V","L/V","missense_variant"
"mnv",1285,1288,"CTT","CTT","TTC","TTC",0,1,839,429,429,"L","F","L/F","missense_variant"
"mnv",1289,1291,"GG","TGG","AC","TAC",1,4,688.25,430,430,"W","Y","W/Y","missense_variant"
"mnv",1289,1291,"GG","TGG","TC","TTC",1,2,671,430,430,"W","F","W/F","missense_variant"
"mnv",1294,1297,"ATT","ATT","CAC","CAC",0,1,625,432,432,"I","H","I/H","missense_variant"
"mnv",1294,1297,"ATT","ATT","CAG","CAG",0,1,839,432,432,"I","Q","I/Q","missense_variant"
"mnv",1294,1297,"ATT","ATT","GAG","GAG",0,1,839,432,432,"I","E","I/E","missense_variant"
"mnv",1295,1297,"TT","ATT","AC","AAC",1,1,1067,432,432,"I","N","I/N","missense_variant"
"mnv",1297,1300,"GCT","GCT","ATC","ATC",0,1,839,433,433,"A","I","A/I","missense_variant"
"mnv",1297,1300,"GCT","GCT","CAC","CAC",0,1,839,433,433,"A","H","A/H","missense_variant"
"mnv",1297,1300,"GCT","GCT","TAC","TAC",0,1,839,433,433,"A","Y","A/Y","missense_variant"
"mnv",1297,1300,"GCT","GCT","TGC","TGC",0,1,839,433,433,"A","C","A/C","missense_variant"
"mnv",1298,1300,"CT","GCT","AG","GAG",1,1,1067,433,433,"A","E","A/E","missense_variant"
"mnv",1300,1302,"AC","ACC","TG","TGC",0,1,1067,434,434,"T","C","T/C","missense_variant"
"mnv",1303,1306,"TAT","TAT","AAG","AAG",0,1,910,435,435,"Y","K","Y/K","missense_variant"
"mnv",1303,1306,"TAT","TAT","ATG","ATG",0,1,839,435,435,"Y","M","Y/M","missense_variant"
"mnv",1303,1306,"TAT","TAT","CAG","CAG",0,1,839,435,435,"Y","Q","Y/Q","missense_variant"
"mnv",1309,1312,"ATG","ATG","GAT","GAT",0,2,953,437,437,"M","D","M/D","missense_variant"
"mnv",1310,1312,"TG","ATG","GC","AGC",1,1,1067,437,437,"M","S","M/S","missense_variant"
"mnv",1312,1314,"TC","TCC","AT","ATC",0,1,1067,438,438,"S","I","S/I","missense_variant"
"mnv",1312,1315,"TCC","TCC","GAT","GAT",0,1,839,438,438,"S","D","S/D","missense_variant"
"mnv",1313,1315,"CC","TCC","GG","TGG",1,1,1067,438,438,"S","W","S/W","missense_variant"
"mnv",1318,1321,"TAC","TAC","ATG","ATG",0,1,839,440,440,"Y","M","Y/M","missense_variant"
"mnv",1319,1321,"AC","TAC","GG","TGG",1,1,839,440,440,"Y","W","Y/W","missense_variant"
"mnv",1321,1323,"CC","CCG","AA","AAG",0,1,861,441,441,"P","K","P/K","missense_variant"
"mnv",1321,1324,"CCG","CCG","GCT","GCT",0,1,839,441,441,"P","A","P/A","missense_variant"
"mnv",1321,1324,"CCG","CCG","TGC","TGC",0,1,839,441,441,"P","C","P/C","missense_variant"
"mnv",1324,1327,"GGA","GGA","AAC","AAC",0,2,843,442,442,"G","N","G/N","missense_variant"
"mnv",1324,1327,"GGA","GGA","AAG","AAG",0,1,861,442,442,"G","K","G/K","missense_variant"
"mnv",1324,1327,"GGA","GGA","ACC","ACC",0,2,959,442,442,"G","T","G/T","missense_variant"
"mnv",1324,1327,"GGA","GGA","AGC","AGC",0,1,1067,442,442,"G","S","G/S","missense_variant"
"mnv",1324,1327,"GGA","GGA","CAC","CAC",0,1,854,442,442,"G","H","G/H","missense_variant"
"mnv",1324,1327,"GGA","GGA","CAG","CAG",0,1,839,442,442,"G","Q","G/Q","missense_variant"
"mnv",1324,1327,"GGA","GGA","CTG","CTG",0,2,839,442,442,"G","L","G/L","missense_variant"
"mnv",1324,1327,"GGA","GGA","TAC","TAC",0,1,839,442,442,"G","Y","G/Y","missense_variant"
"mnv",1324,1327,"GGA","GGA","TGG","TGG",0,2,839,442,442,"G","W","G/W","missense_variant"
"mnv",1324,1327,"GGA","GGA","TTC","TTC",0,1,625,442,442,"G","F","G/F","missense_variant"
"mnv",1325,1327,"GA","GGA","CT","GCT",1,2,845.5,442,442,"G","A","G/A","missense_variant"
"mnv",1327,1330,"ATT","ATT","GTG","GTG",0,2,839,443,443,"I","V","I/V","missense_variant"
"mnv",1327,1330,"ATT","ATT","TGC","TGC",0,2,843.5,443,443,"I","C","I/C","missense_variant"
"mnv",1328,1330,"TT","ATT","GA","AGA",1,1,839,443,443,"I","R","I/R","missense_variant"
"mnv",1330,1332,"GA","GAC","AT","ATC",0,1,839,444,444,"D","I","D/I","missense_variant"
"mnv",1330,1333,"GAC","GAC","AAG","AAG",0,1,839,444,444,"D","K","D/K","missense_variant"
"mnv",1330,1333,"GAC","GAC","CAG","CAG",0,2,839,444,444,"D","Q","D/Q","missense_variant"
"mnv",1330,1333,"GAC","GAC","CCT","CCT",0,1,839,444,444,"D","P","D/P","missense_variant"
"mnv",1330,1333,"GAC","GAC","TGG","TGG",0,2,861.5,444,444,"D","W","D/W","missense_variant"
"mnv",1331,1333,"AC","GAC","GT","GGT",1,1,839,444,444,"D","G","D/G","missense_variant"
"mnv",1334,1336,"TG","CTG","CT","CCT",1,1,839,445,445,"L","P","L/P","missense_variant"
"mnv",1336,1339,"TCC","TCC","CAG","CAG",0,1,839,446,446,"S","Q","S/Q","missense_variant"
"mnv",1336,1339,"TCC","TCC","CCT","CCT",0,2,953,446,446,"S","P","S/P","missense_variant"
"mnv",1336,1339,"TCC","TCC","CTG","CTG",0,2,839,446,446,"S","L","S/L","missense_variant"
"mnv",1337,1339,"CC","TCC","GG","TGG",1,2,953,446,446,"S","W","S/W","missense_variant"
"mnv",1339,1341,"CA","CAG","AT","ATG",0,1,1067,447,447,"Q","M","Q/M","missense_variant"
"mnv",1339,1341,"CA","CAG","TG","TGG",0,1,839,447,447,"Q","W","Q/W","missense_variant"
"mnv",1339,1342,"CAG","CAG","ACC","ACC",0,1,839,447,447,"Q","T","Q/T","missense_variant"
"mnv",1339,1342,"CAG","CAG","AGC","AGC",0,3,862.666666666667,447,447,"Q","S","Q/S","missense_variant"
"mnv",1339,1342,"CAG","CAG","ATC","ATC",0,3,915,447,447,"Q","I","Q/I","missense_variant"
"mnv",1339,1342,"CAG","CAG","GCT","GCT",0,2,844.5,447,447,"Q","A","Q/A","missense_variant"
"mnv",1339,1342,"CAG","CAG","TAC","TAC",0,1,839,447,447,"Q","Y","Q/Y","missense_variant"
"mnv",1339,1342,"CAG","CAG","TGC","TGC",0,2,953,447,447,"Q","C","Q/C","missense_variant"
"mnv",1342,1345,"GTG","GTG","ACC","ACC",0,1,1067,448,448,"V","T","V/T","missense_variant"
"mnv",1342,1345,"GTG","GTG","ATC","ATC",0,1,839,448,448,"V","I","V/I","missense_variant"
"mnv",1342,1345,"GTG","GTG","TTC","TTC",0,1,910,448,448,"V","F","V/F","missense_variant"
"mnv",1346,1348,"AT","TAT","TC","TTC",1,2,885.5,449,449,"Y","F","Y/F","missense_variant"
"mnv",1349,1351,"AG","GAG","CT","GCT",1,1,1067,450,450,"E","A","E/A","missense_variant"
"mnv",1351,1353,"CT","CTG","TG","TGG",0,1,861,451,451,"L","W","L/W","missense_variant"
"mnv",1354,1357,"CTA","CTA","ATC","ATC",0,1,861,452,452,"L","I","L/I","missense_variant"
"mnv",1357,1360,"GAG","GAG","TAC","TAC",0,1,1067,453,453,"E","Y","E/Y","missense_variant"
"mnv",1358,1360,"AG","GAG","CT","GCT",1,1,1067,453,453,"E","A","E/A","missense_variant"
"mnv",1363,1365,"GA","GAC","AC","ACC",0,2,1074.5,455,455,"D","T","D/T","missense_variant"
"mnv",1363,1365,"GA","GAC","TG","TGC",0,1,1067,455,455,"D","C","D/C","missense_variant"
"mnv",1366,1369,"TAC","TAC","GAT","GAT",0,1,1067,456,456,"Y","D","Y/D","missense_variant"
"mnv",1366,1369,"TAC","TAC","GTG","GTG",0,1,1067,456,456,"Y","V","Y/V","missense_variant"
"mnv",1375,1377,"GA","GAG","AT","ATG",0,3,1014.66666666667,459,459,"E","M","E/M","missense_variant"
"mnv",1375,1377,"GA","GAG","CT","CTG",0,1,1067,459,459,"E","L","E/L","missense_variant"
"mnv",1375,1378,"GAG","GAG","AAC","AAC",0,1,1067,459,459,"E","N","E/N","missense_variant"
"mnv",1375,1378,"GAG","GAG","AGC","AGC",0,2,887,459,459,"E","S","E/S","missense_variant"
"mnv",1375,1378,"GAG","GAG","ATC","ATC",0,1,1067,459,459,"E","I","E/I","missense_variant"
"mnv",1375,1378,"GAG","GAG","TGC","TGC",0,1,1067,459,459,"E","C","E/C","missense_variant"
"mnv",1375,1378,"GAG","GAG","TTC","TTC",0,3,947,459,459,"E","F","E/F","missense_variant"
"mnv",1378,1380,"CG","CGC","AA","AAC",0,1,1067,460,460,"R","N","R/N","missense_variant"
"mnv",1378,1380,"CG","CGC","AT","ATC",0,1,910,460,460,"R","I","R/I","missense_variant"
"mnv",1378,1380,"CG","CGC","TT","TTC",0,2,1074.5,460,460,"R","F","R/F","missense_variant"
"mnv",1378,1381,"CGC","CGC","GCT","GCT",0,1,1067,460,460,"R","A","R/A","missense_variant"
"mnv",1378,1381,"CGC","CGC","GGT","GGT",0,1,910,460,460,"R","G","R/G","missense_variant"
"mnv",1378,1381,"CGC","CGC","GTG","GTG",0,1,1067,460,460,"R","V","R/V","missense_variant"
"mnv",1379,1381,"GC","CGC","AG","CAG",1,1,1067,460,460,"R","Q","R/Q","missense_variant"
"mnv",1381,1384,"CCA","CCA","AAG","AAG",0,1,910,461,461,"P","K","P/K","missense_variant"
"mnv",1381,1384,"CCA","CCA","ACC","ACC",0,3,1067,461,461,"P","T","P/T","missense_variant"
"mnv",1381,1384,"CCA","CCA","ATG","ATG",0,1,1067,461,461,"P","M","P/M","missense_variant"
"mnv",1381,1384,"CCA","CCA","TGG","TGG",0,2,1067,461,461,"P","W","P/W","missense_variant"
"mnv",1381,1384,"CCA","CCA","TTC","TTC",0,3,1067,461,461,"P","F","P/F","missense_variant"
"mnv",1384,1387,"GAA","GAA","AGC","AGC",0,1,1067,462,462,"E","S","E/S","missense_variant"
"mnv",1384,1387,"GAA","GAA","ATC","ATC",0,1,1067,462,462,"E","I","E/I","missense_variant"
"mnv",1384,1387,"GAA","GAA","CAC","CAC",0,3,1067,462,462,"E","H","E/H","missense_variant"
"mnv",1384,1387,"GAA","GAA","CAG","CAG",0,2,957,462,462,"E","Q","E/Q","missense_variant"
"mnv",1384,1387,"GAA","GAA","CCT","CCT",0,1,1067,462,462,"E","P","E/P","missense_variant"
"mnv",1384,1387,"GAA","GAA","TGG","TGG",0,1,1067,462,462,"E","W","E/W","missense_variant"
"mnv",1385,1387,"AA","GAA","CT","GCT",1,1,1067,462,462,"E","A","E/A","missense_variant"
"mnv",1387,1389,"GG","GGC","AA","AAC",0,2,1067,463,463,"G","N","G/N","missense_variant"
"mnv",1387,1389,"GG","GGC","AC","ACC",0,2,1067,463,463,"G","T","G/T","missense_variant"
"mnv",1387,1389,"GG","GGC","AT","ATC",0,1,1067,463,463,"G","I","G/I","missense_variant"
"mnv",1387,1389,"GG","GGC","CA","CAC",0,4,1027.75,463,463,"G","H","G/H","missense_variant"
"mnv",1387,1389,"GG","GGC","TA","TAC",0,1,862,463,463,"G","Y","G/Y","missense_variant"
"mnv",1387,1389,"GG","GGC","TT","TTC",0,2,988.5,463,463,"G","F","G/F","missense_variant"
"mnv",1387,1390,"GGC","GGC","ATG","ATG",0,2,1067,463,463,"G","M","G/M","missense_variant"
"mnv",1387,1390,"GGC","GGC","CAG","CAG",0,1,910,463,463,"G","Q","G/Q","missense_variant"
"mnv",1387,1390,"GGC","GGC","CCT","CCT",0,4,1027.75,463,463,"G","P","G/P","missense_variant"
"mnv",1387,1390,"GGC","GGC","CTG","CTG",0,3,1067,463,463,"G","L","G/L","missense_variant"
"mnv",1387,1390,"GGC","GGC","TGG","TGG",0,4,1027.75,463,463,"G","W","G/W","missense_variant"
"mnv",1388,1390,"GC","GGC","AT","GAT",1,2,1067,463,463,"G","D","G/D","missense_variant"
"mnv",1388,1390,"GC","GGC","CT","GCT",1,1,910,463,463,"G","A","G/A","missense_variant"
"mnv",1388,1390,"GC","GGC","TG","GTG",1,2,1067,463,463,"G","V","G/V","missense_variant"
"mnv",1390,1392,"TG","TGC","AA","AAC",0,1,910,464,464,"C","N","C/N","missense_variant"
"mnv",1390,1392,"TG","TGC","AT","ATC",0,1,1067,464,464,"C","I","C/I","missense_variant"
"mnv",1390,1393,"TGC","TGC","ATG","ATG",0,3,946.666666666667,464,464,"C","M","C/M","missense_variant"
"mnv",1393,1396,"CCA","CCA","AAC","AAC",0,1,1067,465,465,"P","N","P/N","missense_variant"
"mnv",1393,1396,"CCA","CCA","AAG","AAG",0,3,1014.66666666667,465,465,"P","K","P/K","missense_variant"
"mnv",1393,1396,"CCA","CCA","AGC","AGC",0,1,1067,465,465,"P","S","P/S","missense_variant"
"mnv",1393,1396,"CCA","CCA","ATC","ATC",0,1,1067,465,465,"P","I","P/I","missense_variant"
"mnv",1393,1396,"CCA","CCA","GAG","GAG",0,2,1067,465,465,"P","E","P/E","missense_variant"
"mnv",1393,1396,"CCA","CCA","TAC","TAC",0,2,988.5,465,465,"P","Y","P/Y","missense_variant"
"mnv",1393,1396,"CCA","CCA","TGG","TGG",0,4,988.5,465,465,"P","W","P/W","missense_variant"
"mnv",1393,1396,"CCA","CCA","TTC","TTC",0,1,1067,465,465,"P","F","P/F","missense_variant"
"mnv",1394,1396,"CA","CCA","AC","CAC",1,1,1067,465,465,"P","H","P/H","missense_variant"
"mnv",1394,1396,"CA","CCA","AG","CAG",1,1,1067,465,465,"P","Q","P/Q","missense_variant"
