pos,ref,ref_codon,alt,alt_codon,frame_pos,depth,protein_start,protein_end,amino_acids,consequence_terms,cigar,seq,mdz,n_nuc,ct,type
1358,G,GAG,T,GAT,2,502,466,466,E/D,missense_variant,133M,AGAAGGACTACCGCATGGAGCGCCCAGAAGGCTGCCCAGATAAGGTCTATGAACTCATGCGAGCATGTTGGCAGTGGAATCCCTCTGACCGGCCCTCCTTTGCTGAAATCCACCAAGCCTTTGAAACAATGTT,40G92,1,2,snp
1358,G,GAG,T,GAT,2,502,466,466,E/D,missense_variant,133M,AGAAGGACTACCGCATGGAGCGCCCAGAAGGCTGCCCAGATAAGGTCTATGAACTCATGCGAGCATGTTGGCAGTGGAATCCCTCTGACCGGCCCTCCTTTGCTGAAATCCACCAAGCCTTTGAAACAATGTT,40G92,1,2,snp
1358,A,AAG,C,CAG,0,485,467,467,K/Q,missense_variant,133M,AGAAGGACTACCGCATGGAGCGCCCAGAAGGCTGCCCAGAGCAGGTCTATGAACTCATGCGAGCATGTTGGCAGTGGAATCCCTCTGACCGGCCCTCCTTTGCTGAAATCCACCAAGCCTTTGAAACAATGTT,41A91,1,1,snp
1358,G,AAG,C,AAC,2,485,467,467,K/N,missense_variant,133M,AGAAGGACTACCGCATGGAGCGCCCAGAAGGCTGCCCAGAGAACGTCTATGAACTCATGCGAGCATGTTGGCAGTGGAATCCCTCTGACCGGCCCTCCTTTGCTGAAATCCACCAAGCCTTTGAAACAATGTT,43G89,1,1,snp
1358,G,GTC,T,TTC,0,485,468,468,V/F,missense_variant,133M,AGAAGGACTACCGCATGGAGCGCCCAGAAGGCTGCCCAGAGAAGTTCTATGAACTCATGCGAGCATGTTGGCAGTGGAATCCCTCTGACCGGCCCTCCTTTGCTGAAATCCACCAAGCCTTTGAAACAATGTT,44G88,1,2,snp
1358,G,GTC,T,TTC,0,485,468,468,V/F,missense_variant,133M,AGAAGGACTACCGCATGGAGCGCCCAGAAGGCTGCCCAGAGAAGTTCTATGAACTCATGCGAGCATGTTGGCAGTGGAATCCCTCTGACCGGCCCTCCTTTGCTGAAATCCACCAAGCCTTTGAAACAATGTT,44G88,1,2,snp
1358,T,TAT,G,GAT,0,485,469,469,Y/D,missense_variant,133M,AGAAGGACTACCGCATGGAGCGCCCAGAAGGCTGCCCAGAGAAGGTCGATGAACTCATGCGAGCATGTTGGCAGTGGAATCCCTCTGACCGGCCCTCCTTTGCTGAAATCCACCAAGCCTTTGAAACAATGTT,47T85,1,1,snp
1358,C,CTC,A,ATC,0,485,471,471,L/I,missense_variant,133M,AGAAGGACTACCGCATGGAGCGCCCAGAAGGCTGCCCAGAGAAGGTCTATGAAATCATGCGAGCATGTTGGCAGTGGAATCCCTCTGACCGGCCCTCCTTTGCTGAAATCCACCAAGCCTTTGAAACAATGTT,53C79,1,1,snp
1358,A,ATG,C,CTG,0,485,472,472,M/L,missense_variant,133M,AGAAGGACTACCGCATGGAGCGCCCAGAAGGCTGCCCAGAGAAGGTCTATGAACTCCTGCGAGCATGTTGGCAGTGGAATCCCTCTGACCGGCCCTCCTTTGCTGAAATCCACCAAGCCTTTGAAACAATGTT,56A76,1,1,snp
1358,G,ATG,C,ATC,2,485,472,472,M/I,missense_variant,133M,AGAAGGACTACCGCATGGAGCGCCCAGAAGGCTGCCCAGAGAAGGTCTATGAACTCATCCGAGCATGTTGGCAGTGGAATCCCTCTGACCGGCCCTCCTTTGCTGAAATCCACCAAGCCTTTGAAACAATGTT,58G74,1,1,snp
1358,C,CAG,G,GAG,0,485,477,477,Q/E,missense_variant,133M,AGAAGGACTACCGCATGGAGCGCCCAGAAGGCTGCCCAGAGAAGGTCTATGAACTCATGCGAGCATGTTGGGAGTGGAATCCCTCTGACCGGCCCTCCTTTGCTGAAATCCACCAAGCCTTTGAAACAATGTT,71C61,1,1,snp
1358,G,CAG,C,CAC,2,485,477,477,Q/H,missense_variant,133M,AGAAGGACTACCGCATGGAGCGCCCAGAAGGCTGCCCAGAGAAGGTCTATGAACTCATGCGAGCATGTTGGCACTGGAATCCCTCTGACCGGCCCTCCTTTGCTGAAATCCACCAAGCCTTTGAAACAATGTT,73G59,1,2,snp
1358,G,CAG,C,CAC,2,485,477,477,Q/H,missense_variant,133M,AGAAGGACTACCGCATGGAGCGCCCAGAAGGCTGCCCAGAGAAGGTCTATGAACTCATGCGAGCATGTTGGCACTGGAATCCCTCTGACCGGCCCTCCTTTGCTGAAATCCACCAAGCCTTTGAAACAATGTT,73G59,1,2,snp
1358,T,TCT,C,CCT,0,485,481,481,S/P,missense_variant,133M,AGAAGGACTACCGCATGGAGCGCCCAGAAGGCTGCCCAGAGAAGGTCTATGAACTCATGCGAGCATGTTGGCAGTGGAATCCCCCTGACCGGCCCTCCTTTGCTGAAATCCACCAAGCCTTTGAAACAATGTT,83T49,1,2,snp
1358,T,TCT,C,CCT,0,485,481,481,S/P,missense_variant,133M,AGAAGGACTACCGCATGGAGCGCCCAGAAGGCTGCCCAGAGAAGGTCTATGAACTCATGCGAGCATGTTGGCAGTGGAATCCCCCTGACCGGCCCTCCTTTGCTGAAATCCACCAAGCCTTTGAAACAATGTT,83T49,1,2,snp
1358,G,GAC,T,TAC,0,485,482,482,D/Y,missense_variant,133M,AGAAGGACTACCGCATGGAGCGCCCAGAAGGCTGCCCAGAGAAGGTCTATGAACTCATGCGAGCATGTTGGCAGTGGAATCCCTCTTACCGGCCCTCCTTTGCTGAAATCCACCAAGCCTTTGAAACAATGTT,86G46,1,1,snp
1358,T,TCC,A,ACC,0,485,485,485,S/T,missense_variant,133M,AGAAGGACTACCGCATGGAGCGCCCAGAAGGCTGCCCAGAGAAGGTCTATGAACTCATGCGAGCATGTTGGCAGTGGAATCCCTCTGACCGGCCCACCTTTGCTGAAATCCACCAAGCCTTTGAAACAATGTT,95T37,1,3,snp
1358,T,TCC,A,ACC,0,485,485,485,S/T,missense_variant,133M,AGAAGGACTACCGCATGGAGCGCCCAGAAGGCTGCCCAGAGAAGGTCTATGAACTCATGCGAGCATGTTGGCAGTGGAATCCCTCTGACCGGCCCACCTTTGCTGAAATCCACCAAGCCTTTGAAACAATGTT,95T37,1,3,snp
1358,T,TCC,A,ACC,0,485,485,485,S/T,missense_variant,133M,AGAAGGACTACCGCATGGAGCGCCCAGAAGGCTGCCCAGAGAAGGTCTATGAACTCATGCGAGCATGTTGGCAGTGGAATCCCTCTGACCGGCCCACCTTTGCTGAAATCCACCAAGCCTTTGAAACAATGTT,95T37,1,3,snp
1358,C,TCC,T,TTC,1,485,485,485,S/F,missense_variant,133M,AGAAGGACTACCGCATGGAGCGCCCAGAAGGCTGCCCAGAGAAGGTCTATGAACTCATGCGAGCATGTTGGCAGTGGAATCCCTCTGACCGGCCCTTCTTTGCTGAAATCCACCAAGCCTTTGAAACAATGTT,96C36,1,7,snp
1358,C,TCC,T,TTC,1,485,485,485,S/F,missense_variant,133M,AGAAGGACTACCGCATGGAGCGCCCAGAAGGCTGCCCAGAGAAGGTCTATGAACTCATGCGAGCATGTTGGCAGTGGAATCCCTCTGACCGGCCCTTCTTTGCTGAAATCCACCAAGCCTTTGAAACAATGTT,96C36,1,7,snp
1358,C,TCC,T,TTC,1,485,485,485,S/F,missense_variant,133M,AGAAGGACTACCGCATGGAGCGCCCAGAAGGCTGCCCAGAGAAGGTCTATGAACTCATGCGAGCATGTTGGCAGTGGAATCCCTCTGACCGGCCCTTCTTTGCTGAAATCCACCAAGCCTTTGAAACAATGTT,96C36,1,7,snp
1358,C,TCC,T,TTC,1,485,485,485,S/F,missense_variant,133M,AGAAGGACTACCGCATGGAGCGCCCAGAAGGCTGCCCAGAGAAGGTCTATGAACTCATGCGAGCATGTTGGCAGTGGAATCCCTCTGACCGGCCCTTCTTTGCTGAAATCCACCAAGCCTTTGAAACAATGTT,96C36,1,7,snp
1358,C,TCC,T,TTC,1,485,485,485,S/F,missense_variant,133M,AGAAGGACTACCGCATGGAGCGCCCAGAAGGCTGCCCAGAGAAGGTCTATGAACTCATGCGAGCATGTTGGCAGTGGAATCCCTCTGACCGGCCCTTCTTTGCTGAAATCCACCAAGCCTTTGAAACAATGTT,96C36,1,7,snp
1358,C,TCC,T,TTC,1,485,485,485,S/F,missense_variant,133M,AGAAGGACTACCGCATGGAGCGCCCAGAAGGCTGCCCAGAGAAGGTCTATGAACTCATGCGAGCATGTTGGCAGTGGAATCCCTCTGACCGGCCCTTCTTTGCTGAAATCCACCAAGCCTTTGAAACAATGTT,96C36,1,7,snp
1358,C,TCC,T,TTC,1,485,485,485,S/F,missense_variant,133M,AGAAGGACTACCGCATGGAGCGCCCAGAAGGCTGCCCAGAGAAGGTCTATGAACTCATGCGAGCATGTTGGCAGTGGAATCCCTCTGACCGGCCCTTCTTTGCTGAAATCCACCAAGCCTTTGAAACAATGTT,96C36,1,7,snp
1358,T,TTT,C,TCT,1,503,486,486,F/S,missense_variant,133M,AGAAGGACTACCGCATGGAGCGCCCAGAAGGCTGCCCAGAGAAGGTCTATGAACTCATGCGAGCATGTTGGCAGTGGAATCCCTCTGACCGGCCCTCCTCTGCTGAAATCCACCAAGCCTTTGAAACAATGTT,99T33,1,2,snp
1358,T,TTT,C,TCT,1,503,486,486,F/S,missense_variant,133M,AGAAGGACTACCGCATGGAGCGCCCAGAAGGCTGCCCAGAGAAGGTCTATGAACTCATGCGAGCATGTTGGCAGTGGAATCCCTCTGACCGGCCCTCCTCTGCTGAAATCCACCAAGCCTTTGAAACAATGTT,99T33,1,2,snp
1358,G,GCT,C,CCT,0,501,487,487,A/P,missense_variant,133M,AGAAGGACTACCGCATGGAGCGCCCAGAAGGCTGCCCAGAGAAGGTCTATGAACTCATGCGAGCATGTTGGCAGTGGAATCCCTCTGACCGGCCCTCCTTTCCTGAAATCCACCAAGCCTTTGAAACAATGTT,101G31,1,2,snp
1358,G,GCT,C,CCT,0,501,487,487,A/P,missense_variant,133M,AGAAGGACTACCGCATGGAGCGCCCAGAAGGCTGCCCAGAGAAGGTCTATGAACTCATGCGAGCATGTTGGCAGTGGAATCCCTCTGACCGGCCCTCCTTTCCTGAAATCCACCAAGCCTTTGAAACAATGTT,101G31,1,2,snp
1357,C,GCT,A,GAT,1,501,487,487,A/D,missense_variant,133M,GAGAAGGACTACCGCATGGAGCGCCCAGAAGGCTGCCCAGAGAAGGTCTATGAACTCATGCGAGCATGTTGGCAGTGGAATCCCTCTGACCGGCCCTCCTTTGATGAAATCCACCAAGCCTTTGAAACAATGT,103C29,1,3,snp
1358,C,GCT,A,GAT,1,501,487,487,A/D,missense_variant,133M,AGAAGGACTACCGCATGGAGCGCCCAGAAGGCTGCCCAGAGAAGGTCTATGAACTCATGCGAGCATGTTGGCAGTGGAATCCCTCTGACCGGCCCTCCTTTGATGAAATCCACCAAGCCTTTGAAACAATGTT,102C30,1,3,snp
1358,C,GCT,A,GAT,1,501,487,487,A/D,missense_variant,133M,AGAAGGACTACCGCATGGAGCGCCCAGAAGGCTGCCCAGAGAAGGTCTATGAACTCATGCGAGCATGTTGGCAGTGGAATCCCTCTGACCGGCCCTCCTTTGATGAAATCCACCAAGCCTTTGAAACAATGTT,102C30,1,3,snp
1358,A,ATC,G,GTC,0,901,489,489,I/V,missense_variant,133M,AGAAGGACTACCGCATGGAGCGCCCAGAAGGCTGCCCAGAGAAGGTCTATGAACTCATGCGAGCATGTTGGCAGTGGAATCCCTCTGACCGGCCCTCCTTTGCTGAAGTCCACCAAGCCTTTGAAACAATGTT,107A25,1,2,snp
1460,A,ATC,G,GTC,0,901,489,489,I/V,missense_variant,133M,CTGAAGTCCACCAAGCCTTTGAAACAATGTTCCAGGAATCCAGTATCTCAGACGAAGTGGAAAAGGAGCTGGGGAAACAAGGCGTCCGTGGGGCTGTGAGTACCTTGCTGCAGGCCCCAGAGCTGCCCACCAA,5A127,1,2,snp
1461,T,ATC,A,AAC,1,901,489,489,I/N,missense_variant,133M,TGAAAACCACCAAGCCTTTGAAACAATGTTCCAGGAATCCAGTATCTCAGACGAAGTGGAAAAGGAGCTGGGGAAACAAGGCGTCCGTGGGGCTGTGAGTACCTTGCTGCAGGCCCCAGAGCTGCCCACCAAG,5T127,1,2,snp
1358,T,ATC,A,AAC,1,901,489,489,I/N,missense_variant,133M,AGAAGGACTACCGCATGGAGCGCCCAGAAGGCTGCCCAGAGAAGGTCTATGAACTCATGCGAGCATGTTGGCAGTGGAATCCCTCTGACCGGCCCTCCTTTGCTGAAAACCACCAAGCCTTTGAAACAATGTT,108T24,1,2,snp
1460,C,ATC,G,ATG,2,901,489,489,I/M,missense_variant,133M,CTGAAATGCACCAAGCCTTTGAAACAATGTTCCAGGAATCCAGTATCTCAGACGAAGTGGAAAAGGAGCTGGGGAAACAAGGCGTCCGTGGGGCTGTGAGTACCTTGCTGCAGGCCCCAGAGCTGCCCACCAA,7C125,1,1,snp
1358,A,CAA,C,CAC,2,901,491,491,Q/H,missense_variant,133M,AGAAGGACTACCGCATGGAGCGCCCAGAAGGCTGCCCAGAGAAGGTCTATGAACTCATGCGAGCATGTTGGCAGTGGAATCCCTCTGACCGGCCCTCCTTTGCTGAAATCCACCACGCCTTTGAAACAATGTT,115A17,1,2,snp
1460,A,CAA,C,CAC,2,901,491,491,Q/H,missense_variant,133M,CTGAAATCCACCACGCCTTTGAAACAATGTTCCAGGAATCCAGTATCTCAGACGAAGTGGAAAAGGAGCTGGGGAAACAAGGCGTCCGTGGGGCTGTGAGTACCTTGCTGCAGGCCCCAGAGCTGCCCACCAA,13A119,1,2,snp
1460,C,GCC,T,GCT,2,901,492,492,A/A,synonymous_variant,133M,CTGAAATCCACCAAGCTTTTGAAACAATGTTCCAGGAATCCAGTATCTCAGACGAAGTGGAAAAGGAGCTGGGGAAACAAGGCGTCCGTGGGGCTGTGAGTACCTTGCTGCAGGCCCCAGAGCTGCCCACCAA,16C116,1,1,snp
1455,T,TTT,C,TTC,2,955,493,493,F/F,synonymous_variant,133M,CTTTGCTGAAATCCACCAAGCCTTCGAAACAATGTTCCAGGAATCCAGTATCTCAGACGAAGTGGAAAAGGAGCTGGGGAAACAAGGCGTCCGTGGGGCTGTGAGTACCTTGCTGCAGGCCCCAGAGCTGCCC,24T108,1,26,snp
1461,T,TTT,C,TTC,2,955,493,493,F/F,synonymous_variant,133M,TGAAATCCACCAAGCCTTCGAAACAATGTTCCAGGAATCCAGTATCTCAGACGAAGTGGAAAAGGAGCTGGGGAAACAAGGCGTCCGTGGGGCTGTGAGTACCTTGCTGCAGGCCCCAGAGCTGCCCACCAAG,18T114,1,26,snp
1461,T,TTT,C,TTC,2,955,493,493,F/F,synonymous_variant,133M,TGAAATCCACCAAGCCTTCGAAACAATGTTCCAGGAATCCAGTATCTCAGACGAAGTGGAAAAGGAGCTGGGGAAACAAGGCGTCCGTGGGGCTGTGAGTACCTTGCTGCAGGCCCCAGAGCTGCCCACCAAG,18T114,1,26,snp
1459,T,TTT,C,TTC,2,955,493,493,F/F,synonymous_variant,133M,GCTGAAATCCACCAAGCCTTCGAAACAATGTTCCAGGAATCCAGTATCTCAGACGAAGTGGAAAAGGAGCTGGGGAAACAAGGCGTCCGTGGGGCTGTGAGTACCTTGCTGCAGGCCCCAGAGCTGCCCACCA,20T112,1,26,snp
1461,T,TTT,C,TTC,2,955,493,493,F/F,synonymous_variant,133M,TGAAATCCACCAAGCCTTCGAAACAATGTTCCAGGAATCCAGTATCTCAGACGAAGTGGAAAAGGAGCTGGGGAAACAAGGCGTCCGTGGGGCTGTGAGTACCTTGCTGCAGGCCCCAGAGCTGCCCACCAAG,18T114,1,26,snp
1460,T,TTT,C,TTC,2,955,493,493,F/F,synonymous_variant,133M,CTGAAATCCACCAAGCCTTCGAAACAATGTTCCAGGAATCCAGTATCTCAGACGAAGTGGAAAAGGAGCTGGGGAAACAAGGCGTCCGTGGGGCTGTGAGTACCTTGCTGCAGGCCCCAGAGCTGCCCACCAA,19T113,1,26,snp
1460,T,TTT,C,TTC,2,955,493,493,F/F,synonymous_variant,133M,CTGAAATCCACCAAGCCTTCGAAACAATGTTCCAGGAATCCAGTATCTCAGACGAAGTGGAAAAGGAGCTGGGGAAACAAGGCGTCCGTGGGGCTGTGAGTACCTTGCTGCAGGCCCCAGAGCTGCCCACCAA,19T113,1,26,snp
1460,T,TTT,C,TTC,2,955,493,493,F/F,synonymous_variant,133M,CTGAAATCCACCAAGCCTTCGAAACAATGTTCCAGGAATCCAGTATCTCAGACGAAGTGGAAAAGGAGCTGGGGAAACAAGGCGTCCGTGGGGCTGTGAGTACCTTGCTGCAGGCCCCAGAGCTGCCCACCAA,19T113,1,26,snp
1460,T,TTT,C,TTC,2,955,493,493,F/F,synonymous_variant,133M,CTGAAATCCACCAAGCCTTCGAAACAATGTTCCAGGAATCCAGTATCTCAGACGAAGTGGAAAAGGAGCTGGGGAAACAAGGCGTCCGTGGGGCTGTGAGTACCTTGCTGCAGGCCCCAGAGCTGCCCACCAA,19T113,1,26,snp
1460,T,TTT,C,TTC,2,955,493,493,F/F,synonymous_variant,133M,CTGAAATCCACCAAGCCTTCGAAACAATGTTCCAGGAATCCAGTATCTCAGACGAAGTGGAAAAGGAGCTGGGGAAACAAGGCGTCCGTGGGGCTGTGAGTACCTTGCTGCAGGCCCCAGAGCTGCCCACCAA,19T113,1,26,snp
1449,T,TTT,C,TTC,2,955,493,493,F/F,synonymous_variant,133M,GCCCTCCTTTGCTGAAATCCACCAAGCCTTCGAAACAATGTTCCAGGAATCCAGTATCTCAGACGAAGTGGAAAAGGAGCTGGGGAAACAAGGCGTCCGTGGGGCTGTGAGTACCTTGCTGCAGGCCCCAGAG,30T102,1,26,snp
1461,T,TTT,C,TTC,2,955,493,493,F/F,synonymous_variant,133M,TGAAATCCACCAAGCCTTCGAAACAATGTTCCAGGAATCCAGTATCTCAGACGAAGTGGAAAAGGAGCTGGGGAAACAAGGCGTCCGTGGGGCTGTGAGTACCTTGCTGCAGGCCCCAGAGCTGCCCACCAAG,18T114,1,26,snp
1461,T,TTT,C,TTC,2,955,493,493,F/F,synonymous_variant,133M,TGAAATCCACCAAGCCTTCGAAACAATGTTCCAGGAATCCAGTATCTCAGACGAAGTGGAAAAGGAGCTGGGGAAACAAGGCGTCCGTGGGGCTGTGAGTACCTTGCTGCAGGCCCCAGAGCTGCCCACCAAG,18T114,1,26,snp
1456,T,TTT,C,TTC,2,955,493,493,F/F,synonymous_variant,133M,TTTGCTGAAATCCACCAAGCCTTCGAAACAATGTTCCAGGAATCCAGTATCTCAGACGAAGTGGAAAAGGAGCTGGGGAAACAAGGCGTCCGTGGGGCTGTGAGTACCTTGCTGCAGGCCCCAGAGCTGCCCA,23T109,1,26,snp
1465,T,TTT,C,TTC,2,955,493,493,F/F,synonymous_variant,4S129M,TGCTATCCACCAAGCCTTCGAAACAATGTTCCAGGAATCCAGTATCTCAGACGAAGTGGAAAAGGAGCTGGGGAAACAAGGCGTCCGTGGGGCTGTGAGTACCTTGCTGCAGGCCCCAGAGCTGCCCACCAAG,14T114,1,26,snp
1460,T,TTT,C,TTC,2,955,493,493,F/F,synonymous_variant,133M,CTGAAATCCACCAAGCCTTCGAAACAATGTTCCAGGAATCCAGTATCTCAGACGAAGTGGAAAAGGAGCTGGGGAAACAAGGCGTCCGTGGGGCTGTGAGTACCTTGCTGCAGGCCCCAGAGCTGCCCACCAA,19T113,1,26,snp
1461,T,TTT,C,TTC,2,955,493,493,F/F,synonymous_variant,133M,TGAAATCCACCAAGCCTTCGAAACAATGTTCCAGGAATCCAGTATCTCAGACGAAGTGGAAAAGGAGCTGGGGAAACAAGGCGTCCGTGGGGCTGTGAGTACCTTGCTGCAGGCCCCAGAGCTGCCCACCAAG,18T114,1,26,snp
1464,T,TTT,C,TTC,2,955,493,493,F/F,synonymous_variant,130M3S,AATCCACCAAGCCTTCGAAACAATGTTCCAGGAATCCAGTATCTCAGACGAAGTGGAAAAGGAGCTGGGGAAACAAGGCGTCCGTGGGGCTGTGAGTACCTTGCTGCAGGCCCCAGAGCTGCCCACCAAGTAC,15T114,1,26,snp
1461,T,TTT,C,TTC,2,955,493,493,F/F,synonymous_variant,133M,TGAAATCCACCAAGCCTTCGAAACAATGTTCCAGGAATCCAGTATCTCAGACGAAGTGGAAAAGGAGCTGGGGAAACAAGGCGTCCGTGGGGCTGTGAGTACCTTGCTGCAGGCCCCAGAGCTGCCCACCAAG,18T114,1,26,snp
1460,T,TTT,C,TTC,2,955,493,493,F/F,synonymous_variant,133M,CTGAAATCCACCAAGCCTTCGAAACAATGTTCCAGGAATCCAGTATCTCAGACGAAGTGGAAAAGGAGCTGGGGAAACAAGGCGTCCGTGGGGCTGTGAGTACCTTGCTGCAGGCCCCAGAGCTGCCCACCAA,19T113,1,26,snp
1461,T,TTT,C,TTC,2,955,493,493,F/F,synonymous_variant,133M,TGAAATCCACCAAGCCTTCGAAACAATGTTCCAGGAATCCAGTATCTCAGACGAAGTGGAAAAGGAGCTGGGGAAACAAGGCGTCCGTGGGGCTGTGAGTACCTTGCTGCAGGCCCCAGAGCTGCCCACCAAG,18T114,1,26,snp
1461,T,TTT,C,TTC,2,955,493,493,F/F,synonymous_variant,133M,TGAAATCCACCAAGCCTTCGAAACAATGTTCCAGGAATCCAGTATCTCAGACGAAGTGGAAAAGGAGCTGGGGAAACAAGGCGTCCGTGGGGCTGTGAGTACCTTGCTGCAGGCCCCAGAGCTGCCCACCAAG,18T114,1,26,snp
1461,T,TTT,C,TTC,2,955,493,493,F/F,synonymous_variant,133M,TGAAATCCACCAAGCCTTCGAAACAATGTTCCAGGAATCCAGTATCTCAGACGAAGTGGAAAAGGAGCTGGGGAAACAAGGCGTCCGTGGGGCTGTGAGTACCTTGCTGCAGGCCCCAGAGCTGCCCACCAAG,18T114,1,26,snp
1461,T,TTT,C,TTC,2,955,493,493,F/F,synonymous_variant,133M,TGAAATCCACCAAGCCTTCGAAACAATGTTCCAGGAATCCAGTATCTCAGACGAAGTGGAAAAGGAGCTGGGGAAACAAGGCGTCCGTGGGGCTGTGAGTACCTTGCTGCAGGCCCCAGAGCTGCCCACCAAG,18T114,1,26,snp
1461,T,TTT,C,TTC,2,955,493,493,F/F,synonymous_variant,133M,TGAAATCCACCAAGCCTTCGAAACAATGTTCCAGGAATCCAGTATCTCAGACGAAGTGGAAAAGGAGCTGGGGAAACAAGGCGTCCGTGGGGCTGTGAGTACCTTGCTGCAGGCCCCAGAGCTGCCCACCAAG,18T114,1,26,snp
1465,T,TTT,C,TTC,2,955,493,493,F/F,synonymous_variant,5S128M,CTGCTATCCACCAAGCCTTCGAAACAATGTTCCAGGAATCCAGTATCTCAGACGAAGTGGAAAAGGAGCTGGGGAAACAAGGCGTCCGTGGGGCTGTGAGTACCTTGCTGCAGGCCCCAGAGCTGCCCACCAA,14T113,1,26,snp
1358,G,GAA,A,AAA,0,485,494,494,E/K,missense_variant,133M,AGAAGGACTACCGCATGGAGCGCCCAGAAGGCTGCCCAGAGAAGGTCTATGAACTCATGCGAGCATGTTGGCAGTGGAATCCCTCTGACCGGCCCTCCTTTGCTGAAATCCACCAAGCCTTTAAAACAATGTT,122G10,1,2,snp
1358,G,GAA,A,AAA,0,485,494,494,E/K,missense_variant,133M,AGAAGGACTACCGCATGGAGCGCCCAGAAGGCTGCCCAGAGAAGGTCTATGAACTCATGCGAGCATGTTGGCAGTGGAATCCCTCTGACCGGCCCTCCTTTGCTGAAATCCACCAAGCCTTTAAAACAATGTT,122G10,1,2,snp
1460,C,CAG,A,AAG,0,901,498,498,Q/K,missense_variant,133M,CTGAAATCCACCAAGCCTTTGAAACAATGTTCAAGGAATCCAGTATCTCAGACGAAGTGGAAAAGGAGCTGGGGAAACAAGGCGTCCGTGGGGCTGTGAGTACCTTGCTGCAGGCCCCAGAGCTGCCCACCAA,32C100,1,1,snp
1460,G,CAG,C,CAC,2,901,498,498,Q/H,missense_variant,133M,CTGAAATCCACCAAGCCTTTGAAACAATGTTCCACGAATCCAGTATCTCAGACGAAGTGGAAAAGGAGCTGGGGAAACAAGGCGTCCGTGGGGCTGTGAGTACCTTGCTGCAGGCCCCAGAGCTGCCCACCAA,34G98,1,1,snp
1460,G,GAA,A,AAA,0,901,499,499,E/K,missense_variant,133M,CTGAAATCCACCAAGCCTTTGAAACAATGTTCCAGAAATCCAGTATCTCAGACGAAGTGGAAAAGGAGCTGGGGAAACAAGGCGTCCGTGGGGCTGTGAGTACCTTGCTGCAGGCCCCAGAGCTGCCCACCAA,35G97,1,1,snp
1461,T,ATC,A,AAC,1,901,502,502,I/N,missense_variant,133M,TGAAATCCACCAAGCCTTTGAAACAATGTTCCAGGAATCCAGTAACTCAGACGAAGTGGAAAAGGAGCTGGGGAAACAAGGCGTCCGTGGGGCTGTGAGTACCTTGCTGCAGGCCCCAGAGCTGCCCACCAAG,44T88,1,1,snp
1461,G,GAC,A,AAC,0,901,504,504,D/N,missense_variant,133M,TGAAATCCACCAAGCCTTTGAAACAATGTTCCAGGAATCCAGTATCTCAAACGAAGTGGAAAAGGAGCTGGGGAAACAAGGCGTCCGTGGGGCTGTGAGTACCTTGCTGCAGGCCCCAGAGCTGCCCACCAAG,49G83,1,1,snp
1461,G,GAA,A,AAA,0,901,505,505,E/K,missense_variant,133M,TGAAATCCACCAAGCCTTTGAAACAATGTTCCAGGAATCCAGTATCTCAGACAAAGTGGAAAAGGAGCTGGGGAAACAAGGCGTCCGTGGGGCTGTGAGTACCTTGCTGCAGGCCCCAGAGCTGCCCACCAAG,52G80,1,1,snp
1461,A,GAA,C,GCA,1,901,505,505,E/A,missense_variant,133M,TGAAATCCACCAAGCCTTTGAAACAATGTTCCAGGAATCCAGTATCTCAGACGCAGTGGAAAAGGAGCTGGGGAAACAAGGCGTCCGTGGGGCTGTGAGTACCTTGCTGCAGGCCCCAGAGCTGCCCACCAAG,53A79,1,1,snp
1460,G,GTG,A,ATG,0,901,506,506,V/M,missense_variant,133M,CTGAAATCCACCAAGCCTTTGAAACAATGTTCCAGGAATCCAGTATCTCAGACGAAATGGAAAAGGAGCTGGGGAAACAAGGCGTCCGTGGGGCTGTGAGTACCTTGCTGCAGGCCCCAGAGCTGCCCACCAA,56G76,1,3,snp
1461,G,GTG,A,ATG,0,901,506,506,V/M,missense_variant,133M,TGAAATCCACCAAGCCTTTGAAACAATGTTCCAGGAATCCAGTATCTCAGACGAAATGGAAAAGGAGCTGGGGAAACAAGGCGTCCGTGGGGCTGTGAGTACCTTGCTGCAGGCCCCAGAGCTGCCCACCAAG,55G77,1,3,snp
1461,G,GTG,A,ATG,0,901,506,506,V/M,missense_variant,133M,TGAAATCCACCAAGCCTTTGAAACAATGTTCCAGGAATCCAGTATCTCAGACGAAATGGAAAAGGAGCTGGGGAAACAAGGCGTCCGTGGGGCTGTGAGTACCTTGCTGCAGGCCCCAGAGCTGCCCACCAAG,55G77,1,3,snp
1461,G,GAA,A,AAA,0,901,507,507,E/K,missense_variant,133M,TGAAATCCACCAAGCCTTTGAAACAATGTTCCAGGAATCCAGTATCTCAGACGAAGTGAAAAAGGAGCTGGGGAAACAAGGCGTCCGTGGGGCTGTGAGTACCTTGCTGCAGGCCCCAGAGCTGCCCACCAAG,58G74,1,3,snp
1461,G,GAA,A,AAA,0,901,507,507,E/K,missense_variant,133M,TGAAATCCACCAAGCCTTTGAAACAATGTTCCAGGAATCCAGTATCTCAGACGAAGTGAAAAAGGAGCTGGGGAAACAAGGCGTCCGTGGGGCTGTGAGTACCTTGCTGCAGGCCCCAGAGCTGCCCACCAAG,58G74,1,3,snp
1461,G,GAA,A,AAA,0,901,507,507,E/K,missense_variant,133M,TGAAATCCACCAAGCCTTTGAAACAATGTTCCAGGAATCCAGTATCTCAGACGAAGTGAAAAAGGAGCTGGGGAAACAAGGCGTCCGTGGGGCTGTGAGTACCTTGCTGCAGGCCCCAGAGCTGCCCACCAAG,58G74,1,3,snp
1456,G,AAG,C,AAC,2,901,508,508,K/N,missense_variant,133M,TTTGCTGAAATCCACCAAGCCTTTGAAACAATGTTCCAGGAATCCAGTATCTCAGACGAAGTGGAAAACGAGCTGGGGAAACAAGGCGTCCGTGGGGCTGTGAGTACCTTGCTGCAGGCCCCAGAGCTGCCCA,68G64,1,1,snp
1461,G,GAG,C,CAG,0,901,509,509,E/Q,missense_variant,133M,TGAAATCCACCAAGCCTTTGAAACAATGTTCCAGGAATCCAGTATCTCAGACGAAGTGGAAAAGCAGCTGGGGAAACAAGGCGTCCGTGGGGCTGTGAGTACCTTGCTGCAGGCCCCAGAGCTGCCCACCAAG,64G68,1,1,snp
1455,G,GAG,C,GAC,2,901,509,509,E/D,missense_variant,133M,CTTTGCTGAAATCCACCAAGCCTTTGAAACAATGTTCCAGGAATCCAGTATCTCAGACGAAGTGGAAAAGGACCTGGGGAAACAAGGCGTCCGTGGGGCTGTGAGTACCTTGCTGCAGGCCCCAGAGCTGCCC,72G60,1,2,snp
1461,G,GAG,C,GAC,2,901,509,509,E/D,missense_variant,133M,TGAAATCCACCAAGCCTTTGAAACAATGTTCCAGGAATCCAGTATCTCAGACGAAGTGGAAAAGGACCTGGGGAAACAAGGCGTCCGTGGGGCTGTGAGTACCTTGCTGCAGGCCCCAGAGCTGCCCACCAAG,66G66,1,2,snp
1465,G,CTG,A,CTA,2,955,510,510,L/L,synonymous_variant,4S129M,TAACATCCACCAAGCCTTTGAAACAATGTTCCAGGAATCCAGTATCTCAGACGAAGTGGAAAAGGAGCTAGGGAAACAAGGCGTCCGTGGGGCTGTGAGTACCTTGCTGCAGGCCCCAGAGCTGCCCACCAAG,65G63,1,1,snp
1461,T,GCT,C,GCC,2,901,518,518,A/A,synonymous_variant,133M,TGAAATCCACCAAGCCTTTGAAACAATGTTCCAGGAATCCAGTATCTCAGACGAAGTGGAAAAGGAGCTGGGGAAACAAGGCGTCCGTGGGGCCGTGAGTACCTTGCTGCAGGCCCCAGAGCTGCCCACCAAG,93T39,1,1,snp
1358,GA,GAG,AT,ATG,0,502,466,466,E/M,missense_variant,133M,AGAAGGACTACCGCATGGAGCGCCCAGAAGGCTGCCCAATGAAGGTCTATGAACTCATGCGAGCATGTTGGCAGTGGAATCCCTCTGACCGGCCCTCCTTTGCTGAAATCCACCAAGCCTTTGAAACAATGTT,38G0A93,2,1,mnv
1357,GA,GAG,TG,TGG,0,502,466,466,E/W,missense_variant,133M,GAGAAGGACTACCGCATGGAGCGCCCAGAAGGCTGCCCATGGAAGGTCTATGAACTCATGCGAGCATGTTGGCAGTGGAATCCCTCTGACCGGCCCTCCTTTGCTGAAATCCACCAAGCCTTTGAAACAATGT,39G0A92,2,1,mnv
1358,GAG,GAG,CCT,CCT,0,502,466,466,E/P,missense_variant,133M,AGAAGGACTACCGCATGGAGCGCCCAGAAGGCTGCCCACCTAAGGTCTATGAACTCATGCGAGCATGTTGGCAGTGGAATCCCTCTGACCGGCCCTCCTTTGCTGAAATCCACCAAGCCTTTGAAACAATGTT,38G0A0G92,3,3,mnv
1358,GAG,GAG,CCT,CCT,0,502,466,466,E/P,missense_variant,133M,AGAAGGACTACCGCATGGAGCGCCCAGAAGGCTGCCCACCTAAGGTCTATGAACTCATGCGAGCATGTTGGCAGTGGAATCCCTCTGACCGGCCCTCCTTTGCTGAAATCCACCAAGCCTTTGAAACAATGTT,38G0A0G92,3,3,mnv
1369,GAG,GAG,CCT,CCT,0,502,466,466,E/P,missense_variant,133M,CGCATGGAGCGCCCAGAAGGCTGCCCACCTAAGGTCTATGAACTCATGCGAGCATGTTGGCAGTGGAATCCCTCTGACCGGCCCTCCTTTGCTGAAATCCACCAAGCCTTTGAAACAATGTTCCAGGAATCCA,27G0A0G103,3,3,mnv
1357,GAG,GAG,TTC,TTC,0,502,466,466,E/F,missense_variant,133M,GAGAAGGACTACCGCATGGAGCGCCCAGAAGGCTGCCCATTCAAGGTCTATGAACTCATGCGAGCATGTTGGCAGTGGAATCCCTCTGACCGGCCCTCCTTTGCTGAAATCCACCAAGCCTTTGAAACAATGT,39G0A0G91,3,1,mnv
1358,AA,AAG,TG,TGG,0,485,467,467,K/W,missense_variant,133M,AGAAGGACTACCGCATGGAGCGCCCAGAAGGCTGCCCAGAGTGGGTCTATGAACTCATGCGAGCATGTTGGCAGTGGAATCCCTCTGACCGGCCCTCCTTTGCTGAAATCCACCAAGCCTTTGAAACAATGTT,41A0A90,2,1,mnv
1358,GT,GTC,AG,AGC,0,485,468,468,V/S,missense_variant,133M,AGAAGGACTACCGCATGGAGCGCCCAGAAGGCTGCCCAGAGAAGAGCTATGAACTCATGCGAGCATGTTGGCAGTGGAATCCCTCTGACCGGCCCTCCTTTGCTGAAATCCACCAAGCCTTTGAAACAATGTT,44G0T87,2,1,mnv
1358,GT,GTC,CA,CAC,0,485,468,468,V/H,missense_variant,133M,AGAAGGACTACCGCATGGAGCGCCCAGAAGGCTGCCCAGAGAAGCACTATGAACTCATGCGAGCATGTTGGCAGTGGAATCCCTCTGACCGGCCCTCCTTTGCTGAAATCCACCAAGCCTTTGAAACAATGTT,44G0T87,2,1,mnv
1358,GTC,GTC,ATG,ATG,0,485,468,468,V/M,missense_variant,133M,AGAAGGACTACCGCATGGAGCGCCCAGAAGGCTGCCCAGAGAAGATGTATGAACTCATGCGAGCATGTTGGCAGTGGAATCCCTCTGACCGGCCCTCCTTTGCTGAAATCCACCAAGCCTTTGAAACAATGTT,44G1C86,2,1,mnv
1358,GTC,GTC,CAG,CAG,0,485,468,468,V/Q,missense_variant,133M,AGAAGGACTACCGCATGGAGCGCCCAGAAGGCTGCCCAGAGAAGCAGTATGAACTCATGCGAGCATGTTGGCAGTGGAATCCCTCTGACCGGCCCTCCTTTGCTGAAATCCACCAAGCCTTTGAAACAATGTT,44G0T0C86,3,1,mnv
1358,TC,GTC,CT,GCT,1,485,468,468,V/A,missense_variant,133M,AGAAGGACTACCGCATGGAGCGCCCAGAAGGCTGCCCAGAGAAGGCTTATGAACTCATGCGAGCATGTTGGCAGTGGAATCCCTCTGACCGGCCCTCCTTTGCTGAAATCCACCAAGCCTTTGAAACAATGTT,45T0C86,2,2,mnv
1358,TC,GTC,CT,GCT,1,485,468,468,V/A,missense_variant,133M,AGAAGGACTACCGCATGGAGCGCCCAGAAGGCTGCCCAGAGAAGGCTTATGAACTCATGCGAGCATGTTGGCAGTGGAATCCCTCTGACCGGCCCTCCTTTGCTGAAATCCACCAAGCCTTTGAAACAATGTT,45T0C86,2,2,mnv
1358,TC,GTC,GT,GGT,1,485,468,468,V/G,missense_variant,133M,AGAAGGACTACCGCATGGAGCGCCCAGAAGGCTGCCCAGAGAAGGGTTATGAACTCATGCGAGCATGTTGGCAGTGGAATCCCTCTGACCGGCCCTCCTTTGCTGAAATCCACCAAGCCTTTGAAACAATGTT,45T0C86,2,1,mnv
1358,TA,TAT,GC,GCT,0,485,469,469,Y/A,missense_variant,133M,AGAAGGACTACCGCATGGAGCGCCCAGAAGGCTGCCCAGAGAAGGTCGCTGAACTCATGCGAGCATGTTGGCAGTGGAATCCCTCTGACCGGCCCTCCTTTGCTGAAATCCACCAAGCCTTTGAAACAATGTT,47T0A84,2,1,mnv
1358,TAT,TAT,CAC,CAC,0,485,469,469,Y/H,missense_variant,133M,AGAAGGACTACCGCATGGAGCGCCCAGAAGGCTGCCCAGAGAAGGTCCACGAACTCATGCGAGCATGTTGGCAGTGGAATCCCTCTGACCGGCCCTCCTTTGCTGAAATCCACCAAGCCTTTGAAACAATGTT,47T1T83,2,1,mnv
1357,TAT,TAT,GTG,GTG,0,485,469,469,Y/V,missense_variant,133M,GAGAAGGACTACCGCATGGAGCGCCCAGAAGGCTGCCCAGAGAAGGTCGTGGAACTCATGCGAGCATGTTGGCAGTGGAATCCCTCTGACCGGCCCTCCTTTGCTGAAATCCACCAAGCCTTTGAAACAATGT,48T0A0T82,3,2,mnv
1358,TAT,TAT,GTG,GTG,0,485,469,469,Y/V,missense_variant,133M,AGAAGGACTACCGCATGGAGCGCCCAGAAGGCTGCCCAGAGAAGGTCGTGGAACTCATGCGAGCATGTTGGCAGTGGAATCCCTCTGACCGGCCCTCCTTTGCTGAAATCCACCAAGCCTTTGAAACAATGTT,47T0A0T83,3,2,mnv
1358,GA,GAA,AG,AGA,0,501,470,470,E/R,missense_variant,133M,AGAAGGACTACCGCATGGAGCGCCCAGAAGGCTGCCCAGAGAAGGTCTATAGACTCATGCGAGCATGTTGGCAGTGGAATCCCTCTGACCGGCCCTCCTTTGCTGAAATCCACCAAGCCTTTGAAACAATGTT,50G0A81,2,1,mnv
1358,GAA,GAA,ACC,ACC,0,501,470,470,E/T,missense_variant,133M,AGAAGGACTACCGCATGGAGCGCCCAGAAGGCTGCCCAGAGAAGGTCTATACCCTCATGCGAGCATGTTGGCAGTGGAATCCCTCTGACCGGCCCTCCTTTGCTGAAATCCACCAAGCCTTTGAAACAATGTT,50G0A0A80,3,1,mnv
1358,GAA,GAA,AGC,AGC,0,501,470,470,E/S,missense_variant,133M,AGAAGGACTACCGCATGGAGCGCCCAGAAGGCTGCCCAGAGAAGGTCTATAGCCTCATGCGAGCATGTTGGCAGTGGAATCCCTCTGACCGGCCCTCCTTTGCTGAAATCCACCAAGCCTTTGAAACAATGTT,50G0A0A80,3,2,mnv
1358,GAA,GAA,AGC,AGC,0,501,470,470,E/S,missense_variant,133M,AGAAGGACTACCGCATGGAGCGCCCAGAAGGCTGCCCAGAGAAGGTCTATAGCCTCATGCGAGCATGTTGGCAGTGGAATCCCTCTGACCGGCCCTCCTTTGCTGAAATCCACCAAGCCTTTGAAACAATGTT,50G0A0A80,3,2,mnv
1359,GAA,GAA,ATG,ATG,0,501,470,470,E/M,missense_variant,133M,GAAGGACTACCGCATGGAGCGCCCAGAAGGCTGCCCAGAGAAGGTCTATATGCTCATGCGAGCATGTTGGCAGTGGAATCCCTCTGACCGGCCCTCCTTTGCTGAAATCCACCAAGCCTTTGAAACAATGTTC,49G0A0A81,3,1,mnv
1358,GAA,GAA,CCT,CCT,0,501,470,470,E/P,missense_variant,133M,AGAAGGACTACCGCATGGAGCGCCCAGAAGGCTGCCCAGAGAAGGTCTATCCTCTCATGCGAGCATGTTGGCAGTGGAATCCCTCTGACCGGCCCTCCTTTGCTGAAATCCACCAAGCCTTTGAAACAATGTT,50G0A0A80,3,2,mnv
1358,GAA,GAA,CCT,CCT,0,501,470,470,E/P,missense_variant,133M,AGAAGGACTACCGCATGGAGCGCCCAGAAGGCTGCCCAGAGAAGGTCTATCCTCTCATGCGAGCATGTTGGCAGTGGAATCCCTCTGACCGGCCCTCCTTTGCTGAAATCCACCAAGCCTTTGAAACAATGTT,50G0A0A80,3,2,mnv
1358,GAA,GAA,TGT,TGT,0,501,470,470,E/C,missense_variant,133M,AGAAGGACTACCGCATGGAGCGCCCAGAAGGCTGCCCAGAGAAGGTCTATTGTCTCATGCGAGCATGTTGGCAGTGGAATCCCTCTGACCGGCCCTCCTTTGCTGAAATCCACCAAGCCTTTGAAACAATGTT,50G0A0A80,3,1,mnv
1358,AA,GAA,CT,GCT,1,501,470,470,E/A,missense_variant,133M,AGAAGGACTACCGCATGGAGCGCCCAGAAGGCTGCCCAGAGAAGGTCTATGCTCTCATGCGAGCATGTTGGCAGTGGAATCCCTCTGACCGGCCCTCCTTTGCTGAAATCCACCAAGCCTTTGAAACAATGTT,51A0A80,2,1,mnv
1358,CT,CTC,TA,TAC,0,485,471,471,L/Y,missense_variant,133M,AGAAGGACTACCGCATGGAGCGCCCAGAAGGCTGCCCAGAGAAGGTCTATGAATACATGCGAGCATGTTGGCAGTGGAATCCCTCTGACCGGCCCTCCTTTGCTGAAATCCACCAAGCCTTTGAAACAATGTT,53C0T78,2,3,mnv
1358,CT,CTC,TA,TAC,0,485,471,471,L/Y,missense_variant,133M,AGAAGGACTACCGCATGGAGCGCCCAGAAGGCTGCCCAGAGAAGGTCTATGAATACATGCGAGCATGTTGGCAGTGGAATCCCTCTGACCGGCCCTCCTTTGCTGAAATCCACCAAGCCTTTGAAACAATGTT,53C0T78,2,3,mnv
1358,CT,CTC,TA,TAC,0,485,471,471,L/Y,missense_variant,133M,AGAAGGACTACCGCATGGAGCGCCCAGAAGGCTGCCCAGAGAAGGTCTATGAATACATGCGAGCATGTTGGCAGTGGAATCCCTCTGACCGGCCCTCCTTTGCTGAAATCCACCAAGCCTTTGAAACAATGTT,53C0T78,2,3,mnv
1357,CT,CTC,TG,TGC,0,485,471,471,L/C,missense_variant,133M,GAGAAGGACTACCGCATGGAGCGCCCAGAAGGCTGCCCAGAGAAGGTCTATGAATGCATGCGAGCATGTTGGCAGTGGAATCCCTCTGACCGGCCCTCCTTTGCTGAAATCCACCAAGCCTTTGAAACAATGT,54C0T77,2,1,mnv
1358,CTC,CTC,AGA,AGA,0,485,471,471,L/R,missense_variant,133M,AGAAGGACTACCGCATGGAGCGCCCAGAAGGCTGCCCAGAGAAGGTCTATGAAAGAATGCGAGCATGTTGGCAGTGGAATCCCTCTGACCGGCCCTCCTTTGCTGAAATCCACCAAGCCTTTGAAACAATGTT,53C0T0C77,3,1,mnv
1358,CTC,CTC,ATG,ATG,0,485,471,471,L/M,missense_variant,133M,AGAAGGACTACCGCATGGAGCGCCCAGAAGGCTGCCCAGAGAAGGTCTATGAAATGATGCGAGCATGTTGGCAGTGGAATCCCTCTGACCGGCCCTCCTTTGCTGAAATCCACCAAGCCTTTGAAACAATGTT,53C1C77,2,1,mnv
1358,CTC,CTC,GAG,GAG,0,485,471,471,L/E,missense_variant,133M,AGAAGGACTACCGCATGGAGCGCCCAGAAGGCTGCCCAGAGAAGGTCTATGAAGAGATGCGAGCATGTTGGCAGTGGAATCCCTCTGACCGGCCCTCCTTTGCTGAAATCCACCAAGCCTTTGAAACAATGTT,53C0T0C77,3,1,mnv
1358,CTC,CTC,GCT,GCT,0,485,471,471,L/A,missense_variant,133M,AGAAGGACTACCGCATGGAGCGCCCAGAAGGCTGCCCAGAGAAGGTCTATGAAGCTATGCGAGCATGTTGGCAGTGGAATCCCTCTGACCGGCCCTCCTTTGCTGAAATCCACCAAGCCTTTGAAACAATGTT,53C0T0C77,3,1,mnv
1358,CTC,CTC,GTG,GTG,0,485,471,471,L/V,missense_variant,133M,AGAAGGACTACCGCATGGAGCGCCCAGAAGGCTGCCCAGAGAAGGTCTATGAAGTGATGCGAGCATGTTGGCAGTGGAATCCCTCTGACCGGCCCTCCTTTGCTGAAATCCACCAAGCCTTTGAAACAATGTT,53C1C77,2,1,mnv
1358,TC,CTC,AG,CAG,1,485,471,471,L/Q,missense_variant,133M,AGAAGGACTACCGCATGGAGCGCCCAGAAGGCTGCCCAGAGAAGGTCTATGAACAGATGCGAGCATGTTGGCAGTGGAATCCCTCTGACCGGCCCTCCTTTGCTGAAATCCACCAAGCCTTTGAAACAATGTT,54T0C77,2,1,mnv
1358,TC,CTC,CT,CCT,1,485,471,471,L/P,missense_variant,133M,AGAAGGACTACCGCATGGAGCGCCCAGAAGGCTGCCCAGAGAAGGTCTATGAACCTATGCGAGCATGTTGGCAGTGGAATCCCTCTGACCGGCCCTCCTTTGCTGAAATCCACCAAGCCTTTGAAACAATGTT,54T0C77,2,1,mnv
1357,ATG,ATG,TGC,TGC,0,485,472,472,M/C,missense_variant,133M,GAGAAGGACTACCGCATGGAGCGCCCAGAAGGCTGCCCAGAGAAGGTCTATGAACTCTGCCGAGCATGTTGGCAGTGGAATCCCTCTGACCGGCCCTCCTTTGCTGAAATCCACCAAGCCTTTGAAACAATGT,57A0T0G73,3,1,mnv
1358,TG,ATG,CC,ACC,1,485,472,472,M/T,missense_variant,133M,AGAAGGACTACCGCATGGAGCGCCCAGAAGGCTGCCCAGAGAAGGTCTATGAACTCACCCGAGCATGTTGGCAGTGGAATCCCTCTGACCGGCCCTCCTTTGCTGAAATCCACCAAGCCTTTGAAACAATGTT,57T0G74,2,2,mnv
1358,TG,ATG,CC,ACC,1,485,472,472,M/T,missense_variant,133M,AGAAGGACTACCGCATGGAGCGCCCAGAAGGCTGCCCAGAGAAGGTCTATGAACTCACCCGAGCATGTTGGCAGTGGAATCCCTCTGACCGGCCCTCCTTTGCTGAAATCCACCAAGCCTTTGAAACAATGTT,57T0G74,2,2,mnv
1358,CGA,CGA,AAG,AAG,0,485,473,473,R/K,missense_variant,133M,AGAAGGACTACCGCATGGAGCGCCCAGAAGGCTGCCCAGAGAAGGTCTATGAACTCATGAAGGCATGTTGGCAGTGGAATCCCTCTGACCGGCCCTCCTTTGCTGAAATCCACCAAGCCTTTGAAACAATGTT,59C0G0A71,3,2,mnv
1358,CGA,CGA,AAG,AAG,0,485,473,473,R/K,missense_variant,133M,AGAAGGACTACCGCATGGAGCGCCCAGAAGGCTGCCCAGAGAAGGTCTATGAACTCATGAAGGCATGTTGGCAGTGGAATCCCTCTGACCGGCCCTCCTTTGCTGAAATCCACCAAGCCTTTGAAACAATGTT,59C0G0A71,3,2,mnv
1358,CGA,CGA,TAT,TAT,0,485,473,473,R/Y,missense_variant,133M,AGAAGGACTACCGCATGGAGCGCCCAGAAGGCTGCCCAGAGAAGGTCTATGAACTCATGTATGCATGTTGGCAGTGGAATCCCTCTGACCGGCCCTCCTTTGCTGAAATCCACCAAGCCTTTGAAACAATGTT,59C0G0A71,3,1,mnv
1358,GCA,GCA,ACC,ACC,0,485,474,474,A/T,missense_variant,133M,AGAAGGACTACCGCATGGAGCGCCCAGAAGGCTGCCCAGAGAAGGTCTATGAACTCATGCGAACCTGTTGGCAGTGGAATCCCTCTGACCGGCCCTCCTTTGCTGAAATCCACCAAGCCTTTGAAACAATGTT,62G1A68,2,2,mnv
1358,GCA,GCA,ACC,ACC,0,485,474,474,A/T,missense_variant,133M,AGAAGGACTACCGCATGGAGCGCCCAGAAGGCTGCCCAGAGAAGGTCTATGAACTCATGCGAACCTGTTGGCAGTGGAATCCCTCTGACCGGCCCTCCTTTGCTGAAATCCACCAAGCCTTTGAAACAATGTT,62G1A68,2,2,mnv
1358,GCA,GCA,AGC,AGC,0,485,474,474,A/S,missense_variant,133M,AGAAGGACTACCGCATGGAGCGCCCAGAAGGCTGCCCAGAGAAGGTCTATGAACTCATGCGAAGCTGTTGGCAGTGGAATCCCTCTGACCGGCCCTCCTTTGCTGAAATCCACCAAGCCTTTGAAACAATGTT,62G0C0A68,3,1,mnv
1358,GCA,GCA,ATC,ATC,0,485,474,474,A/I,missense_variant,133M,AGAAGGACTACCGCATGGAGCGCCCAGAAGGCTGCCCAGAGAAGGTCTATGAACTCATGCGAATCTGTTGGCAGTGGAATCCCTCTGACCGGCCCTCCTTTGCTGAAATCCACCAAGCCTTTGAAACAATGTT,62G0C0A68,3,1,mnv
1358,GCA,GCA,ATG,ATG,0,485,474,474,A/M,missense_variant,133M,AGAAGGACTACCGCATGGAGCGCCCAGAAGGCTGCCCAGAGAAGGTCTATGAACTCATGCGAATGTGTTGGCAGTGGAATCCCTCTGACCGGCCCTCCTTTGCTGAAATCCACCAAGCCTTTGAAACAATGTT,62G0C0A68,3,1,mnv
1358,GCA,GCA,CAC,CAC,0,485,474,474,A/H,missense_variant,133M,AGAAGGACTACCGCATGGAGCGCCCAGAAGGCTGCCCAGAGAAGGTCTATGAACTCATGCGACACTGTTGGCAGTGGAATCCCTCTGACCGGCCCTCCTTTGCTGAAATCCACCAAGCCTTTGAAACAATGTT,62G0C0A68,3,2,mnv
1358,GCA,GCA,CAC,CAC,0,485,474,474,A/H,missense_variant,133M,AGAAGGACTACCGCATGGAGCGCCCAGAAGGCTGCCCAGAGAAGGTCTATGAACTCATGCGACACTGTTGGCAGTGGAATCCCTCTGACCGGCCCTCCTTTGCTGAAATCCACCAAGCCTTTGAAACAATGTT,62G0C0A68,3,2,mnv
1358,GCA,GCA,CAG,CAG,0,485,474,474,A/Q,missense_variant,133M,AGAAGGACTACCGCATGGAGCGCCCAGAAGGCTGCCCAGAGAAGGTCTATGAACTCATGCGACAGTGTTGGCAGTGGAATCCCTCTGACCGGCCCTCCTTTGCTGAAATCCACCAAGCCTTTGAAACAATGTT,62G0C0A68,3,1,mnv
1358,GCA,GCA,CTG,CTG,0,485,474,474,A/L,missense_variant,133M,AGAAGGACTACCGCATGGAGCGCCCAGAAGGCTGCCCAGAGAAGGTCTATGAACTCATGCGACTGTGTTGGCAGTGGAATCCCTCTGACCGGCCCTCCTTTGCTGAAATCCACCAAGCCTTTGAAACAATGTT,62G0C0A68,3,1,mnv
1358,GCA,GCA,TTC,TTC,0,485,474,474,A/F,missense_variant,133M,AGAAGGACTACCGCATGGAGCGCCCAGAAGGCTGCCCAGAGAAGGTCTATGAACTCATGCGATTCTGTTGGCAGTGGAATCCCTCTGACCGGCCCTCCTTTGCTGAAATCCACCAAGCCTTTGAAACAATGTT,62G0C0A68,3,2,mnv
1358,GCA,GCA,TTC,TTC,0,485,474,474,A/F,missense_variant,133M,AGAAGGACTACCGCATGGAGCGCCCAGAAGGCTGCCCAGAGAAGGTCTATGAACTCATGCGATTCTGTTGGCAGTGGAATCCCTCTGACCGGCCCTCCTTTGCTGAAATCCACCAAGCCTTTGAAACAATGTT,62G0C0A68,3,2,mnv
1358,TGT,TGT,AGC,AGC,0,485,475,475,C/S,missense_variant,133M,AGAAGGACTACCGCATGGAGCGCCCAGAAGGCTGCCCAGAGAAGGTCTATGAACTCATGCGAGCAAGCTGGCAGTGGAATCCCTCTGACCGGCCCTCCTTTGCTGAAATCCACCAAGCCTTTGAAACAATGTT,65T1T65,2,1,mnv
1357,TGT,TGT,ATG,ATG,0,485,475,475,C/M,missense_variant,133M,GAGAAGGACTACCGCATGGAGCGCCCAGAAGGCTGCCCAGAGAAGGTCTATGAACTCATGCGAGCAATGTGGCAGTGGAATCCCTCTGACCGGCCCTCCTTTGCTGAAATCCACCAAGCCTTTGAAACAATGT,66T0G0T64,3,4,mnv
1358,TGT,TGT,ATG,ATG,0,485,475,475,C/M,missense_variant,133M,AGAAGGACTACCGCATGGAGCGCCCAGAAGGCTGCCCAGAGAAGGTCTATGAACTCATGCGAGCAATGTGGCAGTGGAATCCCTCTGACCGGCCCTCCTTTGCTGAAATCCACCAAGCCTTTGAAACAATGTT,65T0G0T65,3,4,mnv
1358,TGT,TGT,ATG,ATG,0,485,475,475,C/M,missense_variant,133M,AGAAGGACTACCGCATGGAGCGCCCAGAAGGCTGCCCAGAGAAGGTCTATGAACTCATGCGAGCAATGTGGCAGTGGAATCCCTCTGACCGGCCCTCCTTTGCTGAAATCCACCAAGCCTTTGAAACAATGTT,65T0G0T65,3,4,mnv
1358,TGT,TGT,ATG,ATG,0,485,475,475,C/M,missense_variant,133M,AGAAGGACTACCGCATGGAGCGCCCAGAAGGCTGCCCAGAGAAGGTCTATGAACTCATGCGAGCAATGTGGCAGTGGAATCCCTCTGACCGGCCCTCCTTTGCTGAAATCCACCAAGCCTTTGAAACAATGTT,65T0G0T65,3,4,mnv
1358,CAG,CAG,AAC,AAC,0,485,477,477,Q/N,missense_variant,133M,AGAAGGACTACCGCATGGAGCGCCCAGAAGGCTGCCCAGAGAAGGTCTATGAACTCATGCGAGCATGTTGGAACTGGAATCCCTCTGACCGGCCCTCCTTTGCTGAAATCCACCAAGCCTTTGAAACAATGTT,71C1G59,2,1,mnv
1358,CAG,CAG,TTC,TTC,0,485,477,477,Q/F,missense_variant,133M,AGAAGGACTACCGCATGGAGCGCCCAGAAGGCTGCCCAGAGAAGGTCTATGAACTCATGCGAGCATGTTGGTTCTGGAATCCCTCTGACCGGCCCTCCTTTGCTGAAATCCACCAAGCCTTTGAAACAATGTT,71C0A0G59,3,1,mnv
1357,TG,TGG,AT,ATG,0,485,478,478,W/M,missense_variant,133M,GAGAAGGACTACCGCATGGAGCGCCCAGAAGGCTGCCCAGAGAAGGTCTATGAACTCATGCGAGCATGTTGGCAGATGAATCCCTCTGACCGGCCCTCCTTTGCTGAAATCCACCAAGCCTTTGAAACAATGT,75T0G56,2,2,mnv
1358,TG,TGG,AT,ATG,0,485,478,478,W/M,missense_variant,133M,AGAAGGACTACCGCATGGAGCGCCCAGAAGGCTGCCCAGAGAAGGTCTATGAACTCATGCGAGCATGTTGGCAGATGAATCCCTCTGACCGGCCCTCCTTTGCTGAAATCCACCAAGCCTTTGAAACAATGTT,74T0G57,2,2,mnv
1358,TGG,TGG,AGA,AGA,0,485,478,478,W/R,missense_variant,133M,AGAAGGACTACCGCATGGAGCGCCCAGAAGGCTGCCCAGAGAAGGTCTATGAACTCATGCGAGCATGTTGGCAGAGAAATCCCTCTGACCGGCCCTCCTTTGCTGAAATCCACCAAGCCTTTGAAACAATGTT,74T1G56,2,5,mnv
1358,TGG,TGG,AGA,AGA,0,485,478,478,W/R,missense_variant,133M,AGAAGGACTACCGCATGGAGCGCCCAGAAGGCTGCCCAGAGAAGGTCTATGAACTCATGCGAGCATGTTGGCAGAGAAATCCCTCTGACCGGCCCTCCTTTGCTGAAATCCACCAAGCCTTTGAAACAATGTT,74T1G56,2,5,mnv
1358,TGG,TGG,AGA,AGA,0,485,478,478,W/R,missense_variant,133M,AGAAGGACTACCGCATGGAGCGCCCAGAAGGCTGCCCAGAGAAGGTCTATGAACTCATGCGAGCATGTTGGCAGAGAAATCCCTCTGACCGGCCCTCCTTTGCTGAAATCCACCAAGCCTTTGAAACAATGTT,74T1G56,2,5,mnv
1358,TGG,TGG,AGA,AGA,0,485,478,478,W/R,missense_variant,133M,AGAAGGACTACCGCATGGAGCGCCCAGAAGGCTGCCCAGAGAAGGTCTATGAACTCATGCGAGCATGTTGGCAGAGAAATCCCTCTGACCGGCCCTCCTTTGCTGAAATCCACCAAGCCTTTGAAACAATGTT,74T1G56,2,5,mnv
1358,TGG,TGG,AGA,AGA,0,485,478,478,W/R,missense_variant,133M,AGAAGGACTACCGCATGGAGCGCCCAGAAGGCTGCCCAGAGAAGGTCTATGAACTCATGCGAGCATGTTGGCAGAGAAATCCCTCTGACCGGCCCTCCTTTGCTGAAATCCACCAAGCCTTTGAAACAATGTT,74T1G56,2,5,mnv
1358,TGG,TGG,AGC,AGC,0,485,478,478,W/S,missense_variant,133M,AGAAGGACTACCGCATGGAGCGCCCAGAAGGCTGCCCAGAGAAGGTCTATGAACTCATGCGAGCATGTTGGCAGAGCAATCCCTCTGACCGGCCCTCCTTTGCTGAAATCCACCAAGCCTTTGAAACAATGTT,74T1G56,2,1,mnv
1358,TGG,TGG,CAC,CAC,0,485,478,478,W/H,missense_variant,133M,AGAAGGACTACCGCATGGAGCGCCCAGAAGGCTGCCCAGAGAAGGTCTATGAACTCATGCGAGCATGTTGGCAGCACAATCCCTCTGACCGGCCCTCCTTTGCTGAAATCCACCAAGCCTTTGAAACAATGTT,74T0G0G56,3,1,mnv
1358,TGG,TGG,GCT,GCT,0,485,478,478,W/A,missense_variant,133M,AGAAGGACTACCGCATGGAGCGCCCAGAAGGCTGCCCAGAGAAGGTCTATGAACTCATGCGAGCATGTTGGCAGGCTAATCCCTCTGACCGGCCCTCCTTTGCTGAAATCCACCAAGCCTTTGAAACAATGTT,74T0G0G56,3,1,mnv
1358,GG,TGG,AC,TAC,1,485,478,478,W/Y,missense_variant,133M,AGAAGGACTACCGCATGGAGCGCCCAGAAGGCTGCCCAGAGAAGGTCTATGAACTCATGCGAGCATGTTGGCAGTACAATCCCTCTGACCGGCCCTCCTTTGCTGAAATCCACCAAGCCTTTGAAACAATGTT,75G0G56,2,2,mnv
1358,GG,TGG,AC,TAC,1,485,478,478,W/Y,missense_variant,133M,AGAAGGACTACCGCATGGAGCGCCCAGAAGGCTGCCCAGAGAAGGTCTATGAACTCATGCGAGCATGTTGGCAGTACAATCCCTCTGACCGGCCCTCCTTTGCTGAAATCCACCAAGCCTTTGAAACAATGTT,75G0G56,2,2,mnv
1358,AA,AAT,GC,GCT,0,485,479,479,,missense_variant,133M,AGAAGGACTACCGCATGGAGCGCCCAGAAGGCTGCCCAGAGAAGGTCTATGAACTCATGCGAGCATGTTGGCAGTGGGCTCCCTCTGACCGGCCCTCCTTTGCTGAAATCCACCAAGCCTTTGAAACAATGTT,77A0A54,2,3,mnv
1358,AA,AAT,GC,GCT,0,485,479,479,,missense_variant,133M,AGAAGGACTACCGCATGGAGCGCCCAGAAGGCTGCCCAGAGAAGGTCTATGAACTCATGCGAGCATGTTGGCAGTGGGCTCCCTCTGACCGGCCCTCCTTTGCTGAAATCCACCAAGCCTTTGAAACAATGTT,77A0A54,2,3,mnv
1358,AA,AAT,GC,GCT,0,485,479,479,,missense_variant,133M,AGAAGGACTACCGCATGGAGCGCCCAGAAGGCTGCCCAGAGAAGGTCTATGAACTCATGCGAGCATGTTGGCAGTGGGCTCCCTCTGACCGGCCCTCCTTTGCTGAAATCCACCAAGCCTTTGAAACAATGTT,77A0A54,2,3,mnv
1358,AAT,AAT,CAG,CAG,0,485,479,479,N/Q,missense_variant,133M,AGAAGGACTACCGCATGGAGCGCCCAGAAGGCTGCCCAGAGAAGGTCTATGAACTCATGCGAGCATGTTGGCAGTGGCAGCTCTCTGACCGGCCCTCCTTTGCTGAAATCCACCAAGCCTTTGAAACAATGTT,77A1T1C51,3,1,mnv
1358,AAT,AAT,CTG,CTG,0,485,479,479,N/L,missense_variant,133M,AGAAGGACTACCGCATGGAGCGCCCAGAAGGCTGCCCAGAGAAGGTCTATGAACTCATGCGAGCATGTTGGCAGTGGCTGCCCTCTGACCGGCCCTCCTTTGCTGAAATCCACCAAGCCTTTGAAACAATGTT,77A0A0T53,3,2,mnv
1358,AAT,AAT,CTG,CTG,0,485,479,479,N/L,missense_variant,133M,AGAAGGACTACCGCATGGAGCGCCCAGAAGGCTGCCCAGAGAAGGTCTATGAACTCATGCGAGCATGTTGGCAGTGGCTGCCCTCTGACCGGCCCTCCTTTGCTGAAATCCACCAAGCCTTTGAAACAATGTT,77A0A0T53,3,2,mnv
1358,AAT,AAT,GTG,GTG,0,485,479,479,N/V,missense_variant,133M,AGAAGGACTACCGCATGGAGCGCCCAGAAGGCTGCCCAGAGAAGGTCTATGAACTCATGCGAGCATGTTGGCAGTGGGTGCCCTCTGACCGGCCCTCCTTTGCTGAAATCCACCAAGCCTTTGAAACAATGTT,77A0A0T53,3,1,mnv
1358,AT,AAT,CC,ACC,1,485,479,479,N/T,missense_variant,133M,AGAAGGACTACCGCATGGAGCGCCCAGAAGGCTGCCCAGAGAAGGTCTATGAACTCATGCGAGCATGTTGGCAGTGGACCCCCTCTGACCGGCCCTCCTTTGCTGAAATCCACCAAGCCTTTGAAACAATGTT,78A0T53,2,1,mnv
1358,AT,AAT,GA,AGA,1,485,479,479,N/R,missense_variant,133M,AGAAGGACTACCGCATGGAGCGCCCAGAAGGCTGCCCAGAGAAGGTCTATGAACTCATGCGAGCATGTTGGCAGTGGAGACCCTCTGACCGGCCCTCCTTTGCTGAAATCCACCAAGCCTTTGAAACAATGTT,78A0T53,2,3,mnv
1358,AT,AAT,GA,AGA,1,485,479,479,N/R,missense_variant,133M,AGAAGGACTACCGCATGGAGCGCCCAGAAGGCTGCCCAGAGAAGGTCTATGAACTCATGCGAGCATGTTGGCAGTGGAGACCCTCTGACCGGCCCTCCTTTGCTGAAATCCACCAAGCCTTTGAAACAATGTT,78A0T53,2,3,mnv
1358,AT,AAT,GA,AGA,1,485,479,479,N/R,missense_variant,133M,AGAAGGACTACCGCATGGAGCGCCCAGAAGGCTGCCCAGAGAAGGTCTATGAACTCATGCGAGCATGTTGGCAGTGGAGACCCTCTGACCGGCCCTCCTTTGCTGAAATCCACCAAGCCTTTGAAACAATGTT,78A0T53,2,3,mnv
1358,AT,AAT,TC,ATC,1,485,479,479,N/I,missense_variant,133M,AGAAGGACTACCGCATGGAGCGCCCAGAAGGCTGCCCAGAGAAGGTCTATGAACTCATGCGAGCATGTTGGCAGTGGATCCCCTCTGACCGGCCCTCCTTTGCTGAAATCCACCAAGCCTTTGAAACAATGTT,78A0T53,2,3,mnv
1358,AT,AAT,TC,ATC,1,485,479,479,N/I,missense_variant,133M,AGAAGGACTACCGCATGGAGCGCCCAGAAGGCTGCCCAGAGAAGGTCTATGAACTCATGCGAGCATGTTGGCAGTGGATCCCCTCTGACCGGCCCTCCTTTGCTGAAATCCACCAAGCCTTTGAAACAATGTT,78A0T53,2,3,mnv
1358,AT,AAT,TC,ATC,1,485,479,479,N/I,missense_variant,133M,AGAAGGACTACCGCATGGAGCGCCCAGAAGGCTGCCCAGAGAAGGTCTATGAACTCATGCGAGCATGTTGGCAGTGGATCCCCTCTGACCGGCCCTCCTTTGCTGAAATCCACCAAGCCTTTGAAACAATGTT,78A0T53,2,3,mnv
1358,AT,AAT,TG,ATG,1,485,479,479,N/M,missense_variant,133M,AGAAGGACTACCGCATGGAGCGCCCAGAAGGCTGCCCAGAGAAGGTCTATGAACTCATGCGAGCATGTTGGCAGTGGATGCCCTCTGACCGGCCCTCCTTTGCTGAAATCCACCAAGCCTTTGAAACAATGTT,78A0T53,2,1,mnv
1358,CC,CCC,AA,AAC,0,507,480,480,P/N,missense_variant,133M,AGAAGGACTACCGCATGGAGCGCCCAGAAGGCTGCCCAGAGAAGGTCTATGAACTCATGCGAGCATGTTGGCAGTGGAATAACTCTGACCGGCCCTCCTTTGCTGAAATCCACCAAGCCTTTGAAACAATGTT,80C0C51,2,1,mnv
1358,CC,CCC,AG,AGC,0,507,480,480,P/S,missense_variant,133M,AGAAGGACTACCGCATGGAGCGCCCAGAAGGCTGCCCAGAGAAGGTCTATGAACTCATGCGAGCATGTTGGCAGTGGAATAGCTCTGACCGGCCCTCCTTTGCTGAAATCCACCAAGCCTTTGAAACAATGTT,80C0C51,2,4,mnv
1358,CC,CCC,AG,AGC,0,507,480,480,P/S,missense_variant,133M,AGAAGGACTACCGCATGGAGCGCCCAGAAGGCTGCCCAGAGAAGGTCTATGAACTCATGCGAGCATGTTGGCAGTGGAATAGCTCTGACCGGCCCTCCTTTGCTGAAATCCACCAAGCCTTTGAAACAATGTT,80C0C51,2,4,mnv
1358,CC,CCC,AG,AGC,0,507,480,480,P/S,missense_variant,133M,AGAAGGACTACCGCATGGAGCGCCCAGAAGGCTGCCCAGAGAAGGTCTATGAACTCATGCGAGCATGTTGGCAGTGGAATAGCTCTGACCGGCCCTCCTTTGCTGAAATCCACCAAGCCTTTGAAACAATGTT,80C0C51,2,4,mnv
1428,CC,CCC,AG,AGC,0,507,480,480,P/S,missense_variant,133M,GCAGTGGAATAGCTCTGACCGGCCCTCCTTTGCTGAAATCCACCAAGCCTTTGAAACAATGTTCCAGGAATCCAGTATCTCAGACGAAGTGGAAAAGGAGCTGGGGAAACAAGGCGTCCGTGGGGCTGTGAGT,10C0C121,2,4,mnv
1358,CC,CCC,AT,ATC,0,507,480,480,P/I,missense_variant,133M,AGAAGGACTACCGCATGGAGCGCCCAGAAGGCTGCCCAGAGAAGGTCTATGAACTCATGCGAGCATGTTGGCAGTGGAATATCTCTGACCGGCCCTCCTTTGCTGAAATCCACCAAGCCTTTGAAACAATGTT,80C0C51,2,2,mnv
1358,CC,CCC,AT,ATC,0,507,480,480,P/I,missense_variant,133M,AGAAGGACTACCGCATGGAGCGCCCAGAAGGCTGCCCAGAGAAGGTCTATGAACTCATGCGAGCATGTTGGCAGTGGAATATCTCTGACCGGCCCTCCTTTGCTGAAATCCACCAAGCCTTTGAAACAATGTT,80C0C51,2,2,mnv
1358,CC,CCC,TG,TGC,0,507,480,480,P/C,missense_variant,133M,AGAAGGACTACCGCATGGAGCGCCCAGAAGGCTGCCCAGAGAAGGTCTATGAACTCATGCGAGCATGTTGGCAGTGGAATTGCTCTGACCGGCCCTCCTTTGCTGAAATCCACCAAGCCTTTGAAACAATGTT,80C0C51,2,1,mnv
1358,CCC,CCC,AGA,AGA,0,507,480,480,P/R,missense_variant,133M,AGAAGGACTACCGCATGGAGCGCCCAGAAGGCTGCCCAGAGAAGGTCTATGAACTCATGCGAGCATGTTGGCAGTGGAATAGATCTGACCGGCCCTCCTTTGCTGAAATCCACCAAGCCTTTGAAACAATGTT,80C0C0C50,3,2,mnv
1358,CCC,CCC,AGA,AGA,0,507,480,480,P/R,missense_variant,133M,AGAAGGACTACCGCATGGAGCGCCCAGAAGGCTGCCCAGAGAAGGTCTATGAACTCATGCGAGCATGTTGGCAGTGGAATAGATCTGACCGGCCCTCCTTTGCTGAAATCCACCAAGCCTTTGAAACAATGTT,80C0C0C50,3,2,mnv
1358,CCC,CCC,ATG,ATG,0,507,480,480,P/M,missense_variant,133M,AGAAGGACTACCGCATGGAGCGCCCAGAAGGCTGCCCAGAGAAGGTCTATGAACTCATGCGAGCATGTTGGCAGTGGAATATGTCTGACCGGCCCTCCTTTGCTGAAATCCACCAAGCCTTTGAAACAATGTT,80C0C0C50,3,2,mnv
1359,CCC,CCC,ATG,ATG,0,507,480,480,P/M,missense_variant,133M,GAAGGACTACCGCATGGAGCGCCCAGAAGGCTGCCCAGAGAAGGTCTATGAACTCATGCGAGCATGTTGGCAGTGGAATATGTCTGACCGGCCCTCCTTTGCTGAAATCCACCAAGCCTTTGAAACAATGTTC,79C0C0C51,3,2,mnv
1358,CCC,CCC,GCT,GCT,0,507,480,480,P/A,missense_variant,133M,AGAAGGACTACCGCATGGAGCGCCCAGAAGGCTGCCCAGAGAAGGTCTATGAACTCATGCGAGCATGTTGGCAGTGGAATGCTTCTGACCGGCCCTCCTTTGCTGAAATCCACCAAGCCTTTGAAACAATGTT,80C1C50,2,2,mnv
1358,CCC,CCC,GCT,GCT,0,507,480,480,P/A,missense_variant,133M,AGAAGGACTACCGCATGGAGCGCCCAGAAGGCTGCCCAGAGAAGGTCTATGAACTCATGCGAGCATGTTGGCAGTGGAATGCTTCTGACCGGCCCTCCTTTGCTGAAATCCACCAAGCCTTTGAAACAATGTT,80C1C50,2,2,mnv
1358,CCC,CCC,GGT,GGT,0,507,480,480,P/G,missense_variant,133M,AGAAGGACTACCGCATGGAGCGCCCAGAAGGCTGCCCAGAGAAGGTCTATGAACTCATGCGAGCATGTTGGCAGTGGAATGGTTCTGACCGGCCCTCCTTTGCTGAAATCCACCAAGCCTTTGAAACAATGTT,80C0C0C50,3,2,mnv
1359,CCC,CCC,GGT,GGT,0,507,480,480,P/G,missense_variant,133M,GAAGGACTACCGCATGGAGCGCCCAGAAGGCTGCCCAGAGAAGGTCTATGAACTCATGCGAGCATGTTGGCAGTGGAATGGTTCTGACCGGCCCTCCTTTGCTGAAATCCACCAAGCCTTTGAAACAATGTTC,79C0C0C51,3,2,mnv
1357,CCC,CCC,GTG,GTG,0,507,480,480,P/V,missense_variant,133M,GAGAAGGACTACCGCATGGAGCGCCCAGAAGGCTGCCCAGAGAAGGTCTATGAACTCATGCGAGCATGTTGGCAGTGGAATGTGTCTGACCGGCCCTCCTTTGCTGAAATCCACCAAGCCTTTGAAACAATGT,81C0C0C49,3,1,mnv
1358,CCC,CCC,TGG,TGG,0,507,480,480,P/W,missense_variant,133M,AGAAGGACTACCGCATGGAGCGCCCAGAAGGCTGCCCAGAGAAGGTCTATGAACTCATGCGAGCATGTTGGCAGTGGAATTGGTCTGACCGGCCCTCCTTTGCTGAAATCCACCAAGCCTTTGAAACAATGTT,80C0C0C50,3,1,mnv
1358,CC,CCC,TG,CTG,1,507,480,480,P/L,missense_variant,133M,AGAAGGACTACCGCATGGAGCGCCCAGAAGGCTGCCCAGAGAAGGTCTATGAACTCATGCGAGCATGTTGGCAGTGGAATCTGTCTGACCGGCCCTCCTTTGCTGAAATCCACCAAGCCTTTGAAACAATGTT,81C0C50,2,1,mnv
1358,TCT,TCT,AAG,AAG,0,485,481,481,S/K,missense_variant,133M,AGAAGGACTACCGCATGGAGCGCCCAGAAGGCTGCCCAGAGAAGGTCTATGAACTCATGCGAGCATGTTGGCAGTGGAATCCCAAGGACCGGCCCTCCTTTGCTGAAATCCACCAAGCCTTTGAAACAATGTT,83T0C0T47,3,2,mnv
1358,TCT,TCT,AAG,AAG,0,485,481,481,S/K,missense_variant,133M,AGAAGGACTACCGCATGGAGCGCCCAGAAGGCTGCCCAGAGAAGGTCTATGAACTCATGCGAGCATGTTGGCAGTGGAATCCCAAGGACCGGCCCTCCTTTGCTGAAATCCACCAAGCCTTTGAAACAATGTT,83T0C0T47,3,2,mnv
1357,TCT,TCT,CAC,CAC,0,485,481,481,S/H,missense_variant,133M,GAGAAGGACTACCGCATGGAGCGCCCAGAAGGCTGCCCAGAGAAGGTCTATGAACTCATGCGAGCATGTTGGCAGTGGAATCCCCACGACCGGCCCTCCTTTGCTGAAATCCACCAAGCCTTTGAAACAATGT,84T0C0T46,3,1,mnv
1357,GA,GAC,TG,TGC,0,485,482,482,D/C,missense_variant,133M,GAGAAGGACTACCGCATGGAGCGCCCAGAAGGCTGCCCAGAGAAGGTCTATGAACTCATGCGAGCATGTTGGCAGTGGAATCCCTCTTGCCGGCCCTCCTTTGCTGAAATCCACCAAGCCTTTGAAACAATGT,87G0A44,2,1,mnv
1358,GA,GAC,TT,TTC,0,485,482,482,D/F,missense_variant,133M,AGAAGGACTACCGCATGGAGCGCCCAGAAGGCTGCCCAGAGAAGGTCTATGAACTCATGCGAGCATGTTGGCAGTGGAATCCCTCTTTCCGGCCCTCCTTTGCTGAAATCCACCAAGCCTTTGAAACAATGTT,86G0A45,2,2,mnv
1358,GA,GAC,TT,TTC,0,485,482,482,D/F,missense_variant,133M,AGAAGGACTACCGCATGGAGCGCCCAGAAGGCTGCCCAGAGAAGGTCTATGAACTCATGCGAGCATGTTGGCAGTGGAATCCCTCTTTCCGGCCCTCCTTTGCTGAAATCCACCAAGCCTTTGAAACAATGTT,86G0A45,2,2,mnv
1358,GAC,GAC,CAG,CAG,0,485,482,482,D/Q,missense_variant,133M,AGAAGGACTACCGCATGGAGCGCCCAGAAGGCTGCCCAGAGAAGGTCTATGAACTCATGCGAGCATGTTGGCAGTGGAATCCCTCTCAGCGGCCCTCCTTTGCTGAAATCCACCAAGCCTTTGAAACAATGTT,86G1C44,2,1,mnv
1358,GAC,GAC,CCT,CCT,0,485,482,482,D/P,missense_variant,133M,AGAAGGACTACCGCATGGAGCGCCCAGAAGGCTGCCCAGAGAAGGTCTATGAACTCATGCGAGCATGTTGGCAGTGGAATCCCTCTCCTCGGCCCTCCTTTGCTGAAATCCACCAAGCCTTTGAAACAATGTT,86G0A0C44,3,3,mnv
1358,GAC,GAC,CCT,CCT,0,485,482,482,D/P,missense_variant,133M,AGAAGGACTACCGCATGGAGCGCCCAGAAGGCTGCCCAGAGAAGGTCTATGAACTCATGCGAGCATGTTGGCAGTGGAATCCCTCTCCTCGGCCCTCCTTTGCTGAAATCCACCAAGCCTTTGAAACAATGTT,86G0A0C44,3,3,mnv
1358,GAC,GAC,CCT,CCT,0,485,482,482,D/P,missense_variant,133M,AGAAGGACTACCGCATGGAGCGCCCAGAAGGCTGCCCAGAGAAGGTCTATGAACTCATGCGAGCATGTTGGCAGTGGAATCCCTCTCCTCGGCCCTCCTTTGCTGAAATCCACCAAGCCTTTGAAACAATGTT,86G0A0C44,3,3,mnv
1358,CC,CCC,TG,CTG,1,485,484,484,P/L,missense_variant,133M,AGAAGGACTACCGCATGGAGCGCCCAGAAGGCTGCCCAGAGAAGGTCTATGAACTCATGCGAGCATGTTGGCAGTGGAATCCCTCTGACCGGCTGTCCTTTGCTGAAATCCACCAAGCCTTTGAAACAATGTT,93C0C38,2,2,mnv
1358,CC,CCC,TG,CTG,1,485,484,484,P/L,missense_variant,133M,AGAAGGACTACCGCATGGAGCGCCCAGAAGGCTGCCCAGAGAAGGTCTATGAACTCATGCGAGCATGTTGGCAGTGGAATCCCTCTGACCGGCTGTCCTTTGCTGAAATCCACCAAGCCTTTGAAACAATGTT,93C0C38,2,2,mnv
1358,TC,TCC,AT,ATC,0,485,485,485,S/I,missense_variant,133M,AGAAGGACTACCGCATGGAGCGCCCAGAAGGCTGCCCAGAGAAGGTCTATGAACTCATGCGAGCATGTTGGCAGTGGAATCCCTCTGACCGGCCCATCTTTGCTGAAATCCACCAAGCCTTTGAAACAATGTT,95T0C36,2,3,mnv
1358,TC,TCC,AT,ATC,0,485,485,485,S/I,missense_variant,133M,AGAAGGACTACCGCATGGAGCGCCCAGAAGGCTGCCCAGAGAAGGTCTATGAACTCATGCGAGCATGTTGGCAGTGGAATCCCTCTGACCGGCCCATCTTTGCTGAAATCCACCAAGCCTTTGAAACAATGTT,95T0C36,2,3,mnv
1358,TC,TCC,AT,ATC,0,485,485,485,S/I,missense_variant,133M,AGAAGGACTACCGCATGGAGCGCCCAGAAGGCTGCCCAGAGAAGGTCTATGAACTCATGCGAGCATGTTGGCAGTGGAATCCCTCTGACCGGCCCATCTTTGCTGAAATCCACCAAGCCTTTGAAACAATGTT,95T0C36,2,3,mnv
1358,TC,TCC,CA,CAC,0,485,485,485,S/H,missense_variant,133M,AGAAGGACTACCGCATGGAGCGCCCAGAAGGCTGCCCAGAGAAGGTCTATGAACTCATGCGAGCATGTTGGCAGTGGAATCCCTCTGACCGGCCCCACTTTGCTGAAATCCACCAAGCCTTTGAAACAATGTT,95T0C36,2,2,mnv
1358,TC,TCC,CA,CAC,0,485,485,485,S/H,missense_variant,133M,AGAAGGACTACCGCATGGAGCGCCCAGAAGGCTGCCCAGAGAAGGTCTATGAACTCATGCGAGCATGTTGGCAGTGGAATCCCTCTGACCGGCCCCACTTTGCTGAAATCCACCAAGCCTTTGAAACAATGTT,95T0C36,2,2,mnv
1358,TCC,TCC,AGA,AGA,0,485,485,485,S/R,missense_variant,133M,AGAAGGACTACCGCATGGAGCGCCCAGAAGGCTGCCCAGAGAAGGTCTATGAACTCATGCGAGCATGTTGGCAGTGGAATCCCTCTGACCGGCCCAGATTTGCTGAAATCCACCAAGCCTTTGAAACAATGTT,95T0C0C35,3,1,mnv
1358,CC,TCC,GG,TGG,1,485,485,485,S/W,missense_variant,133M,AGAAGGACTACCGCATGGAGCGCCCAGAAGGCTGCCCAGAGAAGGTCTATGAACTCATGCGAGCATGTTGGCAGTGGAATCCCTCTGACCGGCCCTGGTTTGCTGAAATCCACCAAGCCTTTGAAACAATGTT,96C0C35,2,2,mnv
1358,CC,TCC,GG,TGG,1,485,485,485,S/W,missense_variant,133M,AGAAGGACTACCGCATGGAGCGCCCAGAAGGCTGCCCAGAGAAGGTCTATGAACTCATGCGAGCATGTTGGCAGTGGAATCCCTCTGACCGGCCCTGGTTTGCTGAAATCCACCAAGCCTTTGAAACAATGTT,96C0C35,2,2,mnv
1358,TT,TTT,CC,CCT,0,503,486,486,F/P,missense_variant,133M,AGAAGGACTACCGCATGGAGCGCCCAGAAGGCTGCCCAGAGAAGGTCTATGAACTCATGCGAGCATGTTGGCAGTGGAATCCCTCTGACCGGCCCTCCCCTGCTGAAATCCACCAAGCCTTTGAAACAATGTT,98T0T33,2,1,mnv
1358,TT,TTT,GC,GCT,0,503,486,486,F/A,missense_variant,133M,AGAAGGACTACCGCATGGAGCGCCCAGAAGGCTGCCCAGAGAAGGTCTATGAACTCATGCGAGCATGTTGGCAGTGGAATCCCTCTGACCGGCCCTCCGCTGCTGAAATCCACCAAGCCTTTGAAACAATGTT,98T0T33,2,1,mnv
1358,TTT,TTT,AGC,AGC,0,503,486,486,F/S,missense_variant,133M,AGAAGGACTACCGCATGGAGCGCCCAGAAGGCTGCCCAGAGAAGGTCTATGAACTCATGCGAGCATGTTGGCAGTGGAATCCCTCTGACCGGCCCTCCAGCGCTGAAATCCACCAAGCCTTTGAAACAATGTT,98T0T0T32,3,11,mnv
1358,TTT,TTT,AGC,AGC,0,503,486,486,F/S,missense_variant,133M,AGAAGGACTACCGCATGGAGCGCCCAGAAGGCTGCCCAGAGAAGGTCTATGAACTCATGCGAGCATGTTGGCAGTGGAATCCCTCTGACCGGCCCTCCAGCGCTGAAATCCACCAAGCCTTTGAAACAATGTT,98T0T0T32,3,11,mnv
1358,TTT,TTT,AGC,AGC,0,503,486,486,F/S,missense_variant,133M,AGAAGGACTACCGCATGGAGCGCCCAGAAGGCTGCCCAGAGAAGGTCTATGAACTCATGCGAGCATGTTGGCAGTGGAATCCCTCTGACCGGCCCTCCAGCGCTGAAATCCACCAAGCCTTTGAAACAATGTT,98T0T0T32,3,11,mnv
1358,TTT,TTT,AGC,AGC,0,503,486,486,F/S,missense_variant,133M,AGAAGGACTACCGCATGGAGCGCCCAGAAGGCTGCCCAGAGAAGGTCTATGAACTCATGCGAGCATGTTGGCAGTGGAATCCCTCTGACCGGCCCTCCAGCGCTGAAATCCACCAAGCCTTTGAAACAATGTT,98T0T0T32,3,11,mnv
1358,TTT,TTT,AGC,AGC,0,503,486,486,F/S,missense_variant,133M,AGAAGGACTACCGCATGGAGCGCCCAGAAGGCTGCCCAGAGAAGGTCTATGAACTCATGCGAGCATGTTGGCAGTGGAATCCCTCTGACCGGCCCTCCAGCGCTGAAATCCACCAAGCCTTTGAAACAATGTT,98T0T0T32,3,11,mnv
1358,TTT,TTT,AGC,AGC,0,503,486,486,F/S,missense_variant,133M,AGAAGGACTACCGCATGGAGCGCCCAGAAGGCTGCCCAGAGAAGGTCTATGAACTCATGCGAGCATGTTGGCAGTGGAATCCCTCTGACCGGCCCTCCAGCGCTGAAATCCACCAAGCCTTTGAAACAATGTT,98T0T0T32,3,11,mnv
1358,TTT,TTT,AGC,AGC,0,503,486,486,F/S,missense_variant,133M,AGAAGGACTACCGCATGGAGCGCCCAGAAGGCTGCCCAGAGAAGGTCTATGAACTCATGCGAGCATGTTGGCAGTGGAATCCCTCTGACCGGCCCTCCAGCGCTGAAATCCACCAAGCCTTTGAAACAATGTT,98T0T0T32,3,11,mnv
1358,TTT,TTT,AGC,AGC,0,503,486,486,F/S,missense_variant,133M,AGAAGGACTACCGCATGGAGCGCCCAGAAGGCTGCCCAGAGAAGGTCTATGAACTCATGCGAGCATGTTGGCAGTGGAATCCCTCTGACCGGCCCTCCAGCGCTGAAATCCACCAAGCCTTTGAAACAATGTT,98T0T0T32,3,11,mnv
1358,TTT,TTT,AGC,AGC,0,503,486,486,F/S,missense_variant,133M,AGAAGGACTACCGCATGGAGCGCCCAGAAGGCTGCCCAGAGAAGGTCTATGAACTCATGCGAGCATGTTGGCAGTGGAATCCCTCTGACCGGCCCTCCAGCGCTGAAATCCACCAAGCCTTTGAAACAATGTT,98T0T0T32,3,11,mnv
1358,TTT,TTT,AGC,AGC,0,503,486,486,F/S,missense_variant,133M,AGAAGGACTACCGCATGGAGCGCCCAGAAGGCTGCCCAGAGAAGGTCTATGAACTCATGCGAGCATGTTGGCAGTGGAATCCCTCTGACCGGCCCTCCAGCGCTGAAATCCACCAAGCCTTTGAAACAATGTT,98T0T0T32,3,11,mnv
1358,TTT,TTT,AGC,AGC,0,503,486,486,F/S,missense_variant,133M,AGAAGGACTACCGCATGGAGCGCCCAGAAGGCTGCCCAGAGAAGGTCTATGAACTCATGCGAGCATGTTGGCAGTGGAATCCCTCTGACCGGCCCTCCAGCGCTGAAATCCACCAAGCCTTTGAAACAATGTT,98T0T0T32,3,11,mnv
1358,TTT,TTT,ATG,ATG,0,503,486,486,F/M,missense_variant,133M,AGAAGGACTACCGCATGGAGCGCCCAGAAGGCTGCCCAGAGAAGGTCTATGAACTCATGCGAGCATGTTGGCAGTGGAATCCCTCTGACCGGCCCTCCATGGCTGAAATCCACCAAGCCTTTGAAACAATGTT,98T1T32,2,2,mnv
1358,TTT,TTT,ATG,ATG,0,503,486,486,F/M,missense_variant,133M,AGAAGGACTACCGCATGGAGCGCCCAGAAGGCTGCCCAGAGAAGGTCTATGAACTCATGCGAGCATGTTGGCAGTGGAATCCCTCTGACCGGCCCTCCATGGCTGAAATCCACCAAGCCTTTGAAACAATGTT,98T1T32,2,2,mnv
1358,TTT,TTT,CAC,CAC,0,503,486,486,F/H,missense_variant,133M,AGAAGGACTACCGCATGGAGCGCCCAGAAGGCTGCCCAGAGAAGGTCTATGAACTCATGCGAGCATGTTGGCAGTGGAATCCCTCTGACCGGCCCTCCCACGCTGAAATCCACCAAGCCTTTGAAACAATGTT,98T0T0T32,3,7,mnv
1358,TTT,TTT,CAC,CAC,0,503,486,486,F/H,missense_variant,133M,AGAAGGACTACCGCATGGAGCGCCCAGAAGGCTGCCCAGAGAAGGTCTATGAACTCATGCGAGCATGTTGGCAGTGGAATCCCTCTGACCGGCCCTCCCACGCTGAAATCCACCAAGCCTTTGAAACAATGTT,98T0T0T32,3,7,mnv
1358,TTT,TTT,CAC,CAC,0,503,486,486,F/H,missense_variant,133M,AGAAGGACTACCGCATGGAGCGCCCAGAAGGCTGCCCAGAGAAGGTCTATGAACTCATGCGAGCATGTTGGCAGTGGAATCCCTCTGACCGGCCCTCCCACGCTGAAATCCACCAAGCCTTTGAAACAATGTT,98T0T0T32,3,7,mnv
1395,TTT,TTT,CAC,CAC,0,503,486,486,F/H,missense_variant,133M,AGAGAAGGTCTATGAACTCATGCGAGCATGTTGGCAGTGGAATCCCTCTGACCGGCCCTCCCACGCTGAAATCCACCAAGCCTTTGAAACAATGTTCCAGGAATCCAGTATCTCAGACGAAGTGGAAAAGGAG,61T0T0T69,3,7,mnv
1358,TTT,TTT,CAC,CAC,0,503,486,486,F/H,missense_variant,133M,AGAAGGACTACCGCATGGAGCGCCCAGAAGGCTGCCCAGAGAAGGTCTATGAACTCATGCGAGCATGTTGGCAGTGGAATCCCTCTGACCGGCCCTCCCACGCTGAAATCCACCAAGCCTTTGAAACAATGTT,98T0T0T32,3,7,mnv
1358,TTT,TTT,CAC,CAC,0,503,486,486,F/H,missense_variant,133M,AGAAGGACTACCGCATGGAGCGCCCAGAAGGCTGCCCAGAGAAGGTCTATGAACTCATGCGAGCATGTTGGCAGTGGAATCCCTCTGACCGGCCCTCCCACGCTGAAATCCACCAAGCCTTTGAAACAATGTT,98T0T0T32,3,7,mnv
1358,TTT,TTT,CAC,CAC,0,503,486,486,F/H,missense_variant,133M,AGAAGGACTACCGCATGGAGCGCCCAGAAGGCTGCCCAGAGAAGGTCTATGAACTCATGCGAGCATGTTGGCAGTGGAATCCCTCTGACCGGCCCTCCCACGCTGAAATCCACCAAGCCTTTGAAACAATGTT,98T0T0T32,3,7,mnv
1358,TT,TTT,GG,TGG,1,503,486,486,F/W,missense_variant,133M,AGAAGGACTACCGCATGGAGCGCCCAGAAGGCTGCCCAGAGAAGGTCTATGAACTCATGCGAGCATGTTGGCAGTGGAATCCCTCTGACCGGCCCTCCTGGGCTGAAATCCACCAAGCCTTTGAAACAATGTT,99T0T32,2,5,mnv
1358,TT,TTT,GG,TGG,1,503,486,486,F/W,missense_variant,133M,AGAAGGACTACCGCATGGAGCGCCCAGAAGGCTGCCCAGAGAAGGTCTATGAACTCATGCGAGCATGTTGGCAGTGGAATCCCTCTGACCGGCCCTCCTGGGCTGAAATCCACCAAGCCTTTGAAACAATGTT,99T0T32,2,5,mnv
1358,TT,TTT,GG,TGG,1,503,486,486,F/W,missense_variant,133M,AGAAGGACTACCGCATGGAGCGCCCAGAAGGCTGCCCAGAGAAGGTCTATGAACTCATGCGAGCATGTTGGCAGTGGAATCCCTCTGACCGGCCCTCCTGGGCTGAAATCCACCAAGCCTTTGAAACAATGTT,99T0T32,2,5,mnv
1358,TT,TTT,GG,TGG,1,503,486,486,F/W,missense_variant,133M,AGAAGGACTACCGCATGGAGCGCCCAGAAGGCTGCCCAGAGAAGGTCTATGAACTCATGCGAGCATGTTGGCAGTGGAATCCCTCTGACCGGCCCTCCTGGGCTGAAATCCACCAAGCCTTTGAAACAATGTT,99T0T32,2,5,mnv
1359,TT,TTT,GG,TGG,1,503,486,486,F/W,missense_variant,133M,GAAGGACTACCGCATGGAGCGCCCAGAAGGCTGCCCAGAGAAGGTCTATGAACTCATGCGAGCATGTTGGCAGTGGAATCCCTCTGACCGGCCCTCCTGGGCTGAAATCCACCAAGCCTTTGAAACAATGTTC,98T0T33,2,5,mnv
1358,GCT,GCT,AAC,AAC,0,501,487,487,A/N,missense_variant,133M,AGAAGGACTACCGCATGGAGCGCCCAGAAGGCTGCCCAGAGAAGGTCTATGAACTCATGCGAGCATGTTGGCAGTGGAATCCCTCTGACCGGCCCTCCTTTAACGAAATCCACCAAGCCTTTGAAACAATGTT,101G0C0T29,3,2,mnv
1358,GCT,GCT,AAC,AAC,0,501,487,487,A/N,missense_variant,133M,AGAAGGACTACCGCATGGAGCGCCCAGAAGGCTGCCCAGAGAAGGTCTATGAACTCATGCGAGCATGTTGGCAGTGGAATCCCTCTGACCGGCCCTCCTTTAACGAAATCCACCAAGCCTTTGAAACAATGTT,101G0C0T29,3,2,mnv
1358,GCT,GCT,ACC,ACC,0,501,487,487,A/T,missense_variant,133M,AGAAGGACTACCGCATGGAGCGCCCAGAAGGCTGCCCAGAGAAGGTCTATGAACTCATGCGAGCATGTTGGCAGTGGAATCCCTCTGACCGGCCCTCCTTTACCGAAATCCACCAAGCCTTTGAAACAATGTT,101G1T29,2,1,mnv
1358,GCT,GCT,AGA,AGA,0,501,487,487,A/R,missense_variant,133M,AGAAGGACTACCGCATGGAGCGCCCAGAAGGCTGCCCAGAGAAGGTCTATGAACTCATGCGAGCATGTTGGCAGTGGAATCCCTCTGACCGGCCCTCCTTTAGAGAAATCCACCAAGCCTTTGAAACAATGTT,101G0C0T29,3,3,mnv
1358,GCT,GCT,AGA,AGA,0,501,487,487,A/R,missense_variant,133M,AGAAGGACTACCGCATGGAGCGCCCAGAAGGCTGCCCAGAGAAGGTCTATGAACTCATGCGAGCATGTTGGCAGTGGAATCCCTCTGACCGGCCCTCCTTTAGAGAAATCCACCAAGCCTTTGAAACAATGTT,101G0C0T29,3,3,mnv
1358,GCT,GCT,AGA,AGA,0,501,487,487,A/R,missense_variant,133M,AGAAGGACTACCGCATGGAGCGCCCAGAAGGCTGCCCAGAGAAGGTCTATGAACTCATGCGAGCATGTTGGCAGTGGAATCCCTCTGACCGGCCCTCCTTTAGAGAAATCCACCAAGCCTTTGAAACAATGTT,101G0C0T29,3,3,mnv
1358,GCT,GCT,ATC,ATC,0,501,487,487,A/I,missense_variant,133M,AGAAGGACTACCGCATGGAGCGCCCAGAAGGCTGCCCAGAGAAGGTCTATGAACTCATGCGAGCATGTTGGCAGTGGAATCCCTCTGACCGGCCCTCCTTTATCGAAATCCACCAAGCCTTTGAAACAATGTT,101G0C0T29,3,4,mnv
1358,GCT,GCT,ATC,ATC,0,501,487,487,A/I,missense_variant,133M,AGAAGGACTACCGCATGGAGCGCCCAGAAGGCTGCCCAGAGAAGGTCTATGAACTCATGCGAGCATGTTGGCAGTGGAATCCCTCTGACCGGCCCTCCTTTATCGAAATCCACCAAGCCTTTGAAACAATGTT,101G0C0T29,3,4,mnv
1358,GCT,GCT,ATC,ATC,0,501,487,487,A/I,missense_variant,133M,AGAAGGACTACCGCATGGAGCGCCCAGAAGGCTGCCCAGAGAAGGTCTATGAACTCATGCGAGCATGTTGGCAGTGGAATCCCTCTGACCGGCCCTCCTTTATCGAAATCCACCAAGCCTTTGAAACAATGTT,101G0C0T29,3,4,mnv
1358,GCT,GCT,ATC,ATC,0,501,487,487,A/I,missense_variant,133M,AGAAGGACTACCGCATGGAGCGCCCAGAAGGCTGCCCAGAGAAGGTCTATGAACTCATGCGAGCATGTTGGCAGTGGAATCCCTCTGACCGGCCCTCCTTTATCGAAATCCACCAAGCCTTTGAAACAATGTT,101G0C0T29,3,4,mnv
1358,GCT,GCT,CAC,CAC,0,501,487,487,A/H,missense_variant,133M,AGAAGGACTACCGCATGGAGCGCCCAGAAGGCTGCCCAGAGAAGGTCTATGAACTCATGCGAGCATGTTGGCAGTGGAATCCCTCTGACCGGCCCTCCTTTCACGAAATCCACCAAGCCTTTGAAACAATGTT,101G0C0T29,3,1,mnv
1358,GCT,GCT,CTG,CTG,0,501,487,487,A/L,missense_variant,133M,AGAAGGACTACCGCATGGAGCGCCCAGAAGGCTGCCCAGAGAAGGTCTATGAACTCATGCGAGCATGTTGGCAGTGGAATCCCTCTGACCGGCCCTCCTTTCTGGAAATCCACCAAGCCTTTGAAACAATGTT,101G0C0T29,3,2,mnv
1358,GCT,GCT,CTG,CTG,0,501,487,487,A/L,missense_variant,133M,AGAAGGACTACCGCATGGAGCGCCCAGAAGGCTGCCCAGAGAAGGTCTATGAACTCATGCGAGCATGTTGGCAGTGGAATCCCTCTGACCGGCCCTCCTTTCTGGAAATCCACCAAGCCTTTGAAACAATGTT,101G0C0T29,3,2,mnv
1358,GCT,GCT,TAC,TAC,0,501,487,487,A/Y,missense_variant,133M,AGAAGGACTACCGCATGGAGCGCCCAGAAGGCTGCCCAGAGAAGGTCTATGAACTCATGCGAGCATGTTGGCAGTGGAATCCCTCTGACCGGCCCTCCTTTTACGAAATCCACCAAGCCTTTGAAACAATGTT,101G0C0T29,3,3,mnv
1359,GCT,GCT,TAC,TAC,0,501,487,487,A/Y,missense_variant,133M,GAAGGACTACCGCATGGAGCGCCCAGAAGGCTGCCCAGAGAAGGTCTATGAACTCATGCGAGCATGTTGGCAGTGGAATCCCTCTGACCGGCCCTCCTTTTACGAAATCCACCAAGCCTTTGAAACAATGTTC,100G0C0T30,3,3,mnv
1358,GCT,GCT,TAC,TAC,0,501,487,487,A/Y,missense_variant,133M,AGAAGGACTACCGCATGGAGCGCCCAGAAGGCTGCCCAGAGAAGGTCTATGAACTCATGCGAGCATGTTGGCAGTGGAATCCCTCTGACCGGCCCTCCTTTTACGAAATCCACCAAGCCTTTGAAACAATGTT,101G0C0T29,3,3,mnv
1358,GCT,GCT,TGC,TGC,0,501,487,487,A/C,missense_variant,133M,AGAAGGACTACCGCATGGAGCGCCCAGAAGGCTGCCCAGAGAAGGTCTATGAACTCATGCGAGCATGTTGGCAGTGGAATCCCTCTGACCGGCCCTCCTTTTGCGAAATCCACCAAGCCTTTGAAACAATGTT,101G0C0T29,3,1,mnv
1358,GCT,GCT,TGG,TGG,0,501,487,487,A/W,missense_variant,133M,AGAAGGACTACCGCATGGAGCGCCCAGAAGGCTGCCCAGAGAAGGTCTATGAACTCATGCGAGCATGTTGGCAGTGGAATCCCTCTGACCGGCCCTCCTTTTGGGAAATCCACCAAGCCTTTGAAACAATGTT,101G0C0T29,3,1,mnv
1359,CT,GCT,AG,GAG,1,501,487,487,A/E,missense_variant,133M,GAAGGACTACCGCATGGAGCGCCCAGAAGGCTGCCCAGAGAAGGTCTATGAACTCATGCGAGCATGTTGGCAGTGGAATCCCTCTGACCGGCCCTCCTTTGAGGAAATCCACCAAGCCTTTGAAACAATGTTC,101C0T30,2,1,mnv
1358,GAA,GAA,AAC,AAC,0,485,488,488,E/N,missense_variant,133M,AGAAGGACTACCGCATGGAGCGCCCAGAAGGCTGCCCAGAGAAGGTCTATGAACTCATGCGAGCATGTTGGCAGTGGAATCCCTCTGACCGGCCCTCCTTTGCTAACATCCACCAAGCCTTTGAAACAATGTT,104G1A26,2,2,mnv
1358,GAA,GAA,AAC,AAC,0,485,488,488,E/N,missense_variant,133M,AGAAGGACTACCGCATGGAGCGCCCAGAAGGCTGCCCAGAGAAGGTCTATGAACTCATGCGAGCATGTTGGCAGTGGAATCCCTCTGACCGGCCCTCCTTTGCTAACATCCACCAAGCCTTTGAAACAATGTT,104G1A26,2,2,mnv
1358,GAA,GAA,AAG,AAG,0,485,488,488,E/K,missense_variant,133M,AGAAGGACTACCGCATGGAGCGCCCAGAAGGCTGCCCAGAGAAGGTCTATGAACTCATGCGAGCATGTTGGCAGTGGAATCCCTCTGACCGGCCCTCCTTTGCTAAGATCCACCAAGCCTTTGAAACAATGTT,104G1A26,2,3,mnv
1357,GAA,GAA,AAG,AAG,0,485,488,488,E/K,missense_variant,133M,GAGAAGGACTACCGCATGGAGCGCCCAGAAGGCTGCCCAGAGAAGGTCTATGAACTCATGCGAGCATGTTGGCAGTGGAATCCCTCTGACCGGCCCTCCTTTGCTAAGATCCACCAAGCCTTTGAAACAATGT,105G1A25,2,3,mnv
1358,GAA,GAA,AAG,AAG,0,485,488,488,E/K,missense_variant,133M,AGAAGGACTACCGCATGGAGCGCCCAGAAGGCTGCCCAGAGAAGGTCTATGAACTCATGCGAGCATGTTGGCAGTGGAATCCCTCTGACCGGCCCTCCTTTGCTAAGATCCACCAAGCCTTTGAAACAATGTT,104G1A26,2,3,mnv
1358,GAA,GAA,ATC,ATC,0,485,488,488,E/I,missense_variant,133M,AGAAGGACTACCGCATGGAGCGCCCAGAAGGCTGCCCAGAGAAGGTCTATGAACTCATGCGAGCATGTTGGCAGTGGAATCCCTCTGACCGGCCCTCCTTTGCTATCATCCACCAAGCCTTTGAAACAATGTT,104G0A0A26,3,1,mnv
1358,GAA,GAA,ATG,ATG,0,485,488,488,E/M,missense_variant,133M,AGAAGGACTACCGCATGGAGCGCCCAGAAGGCTGCCCAGAGAAGGTCTATGAACTCATGCGAGCATGTTGGCAGTGGAATCCCTCTGACCGGCCCTCCTTTGCTATGATCCACCAAGCCTTTGAAACAATGTT,104G0A0A26,3,1,mnv
1358,GAA,GAA,CCT,CCT,0,485,488,488,E/P,missense_variant,133M,AGAAGGACTACCGCATGGAGCGCCCAGAAGGCTGCCCAGAGAAGGTCTATGAACTCATGCGAGCATGTTGGCAGTGGAATCCCTCTGACCGGCCCTCCTTTGCTCCTATCCACCAAGCCTTTGAAACAATGTT,104G0A0A26,3,1,mnv
1358,AT,ATC,TG,TGC,0,901,489,489,I/C,missense_variant,133M,AGAAGGACTACCGCATGGAGCGCCCAGAAGGCTGCCCAGAGAAGGTCTATGAACTCATGCGAGCATGTTGGCAGTGGAATCCCTCTGACCGGCCCTCCTTTGCTGAATGCCACCAAGCCTTTGAAACAATGTT,107A0T24,2,4,mnv
1461,AT,ATC,TG,TGC,0,901,489,489,I/C,missense_variant,133M,TGAATGCCACCAAGCCTTTGAAACAATGTTCCAGGAATCCAGTATCTCAGACGAAGTGGAAAAGGAGCTGGGGAAACAAGGCGTCCGTGGGGCTGTGAGTACCTTGCTGCAGGCCCCAGAGCTGCCCACCAAG,4A0T127,2,4,mnv
1358,AT,ATC,TG,TGC,0,901,489,489,I/C,missense_variant,133M,AGAAGGACTACCGCATGGAGCGCCCAGAAGGCTGCCCAGAGAAGGTCTATGAACTCATGCGAGCATGTTGGCAGTGGAATCCCTCTGACCGGCCCTCCTTTGCTGAATGCCACCAAGCCTTTGAAACAATGTT,107A0T24,2,4,mnv
1460,AT,ATC,TG,TGC,0,901,489,489,I/C,missense_variant,133M,CTGAATGCCACCAAGCCTTTGAAACAATGTTCCAGGAATCCAGTATCTCAGACGAAGTGGAAAAGGAGCTGGGGAAACAAGGCGTCCGTGGGGCTGTGAGTACCTTGCTGCAGGCCCCAGAGCTGCCCACCAA,5A0T126,2,4,mnv
1454,ATC,ATC,CTG,CTG,0,901,489,489,I/L,missense_variant,133M,CCTTTGCTGAACTGCACCAAGCCTTTGAAACAATGTTCCAGGAATCCAGTATCTCAGACGAAGTGGAAAAGGAGCTGGGGAAACAAGGCGTCCGTGGGGCTGTGAGTACCTTGCTGCAGGCCCCAGAGCTGCC,11A1C119,2,4,mnv
1358,ATC,ATC,CTG,CTG,0,901,489,489,I/L,missense_variant,133M,AGAAGGACTACCGCATGGAGCGCCCAGAAGGCTGCCCAGAGAAGGTCTATGAACTCATGCGAGCATGTTGGCAGTGGAATCCCTCTGACCGGCCCTCCTTTGCTGAACTGCACCAAGCCTTTGAAACAATGTT,107A1C23,2,4,mnv
1358,ATC,ATC,CTG,CTG,0,901,489,489,I/L,missense_variant,133M,AGAAGGACTACCGCATGGAGCGCCCAGAAGGCTGCCCAGAGAAGGTCTATGAACTCATGCGAGCATGTTGGCAGTGGAATCCCTCTGACCGGCCCTCCTTTGCTGAACTGCACCAAGCCTTTGAAACAATGTT,107A1C23,2,4,mnv
1461,ATC,ATC,CTG,CTG,0,901,489,489,I/L,missense_variant,133M,TGAACTGCACCAAGCCTTTGAAACAATGTTCCAGGAATCCAGTATCTCAGACGAAGTGGAAAAGGAGCTGGGGAAACAAGGCGTCCGTGGGGCTGTGAGTACCTTGCTGCAGGCCCCAGAGCTGCCCACCAAG,4A1C126,2,4,mnv
1357,ATC,ATC,GTG,GTG,0,901,489,489,I/V,missense_variant,133M,GAGAAGGACTACCGCATGGAGCGCCCAGAAGGCTGCCCAGAGAAGGTCTATGAACTCATGCGAGCATGTTGGCAGTGGAATCCCTCTGACCGGCCCTCCTTTGCTGAAGTGCACCAAGCCTTTGAAACAATGT,108A1C22,2,4,mnv
1461,ATC,ATC,GTG,GTG,0,901,489,489,I/V,missense_variant,133M,TGAAGTGCACCAAGCCTTTGAAACAATGTTCCAGGAATCCAGTATCTCAGACGAAGTGGAAAAGGAGCTGGGGAAACAAGGCGTCCGTGGGGCTGTGAGTACCTTGCTGCAGGCCCCAGAGCTGCCCACCAAG,4A1C126,2,4,mnv
1358,ATC,ATC,GTG,GTG,0,901,489,489,I/V,missense_variant,133M,AGAAGGACTACCGCATGGAGCGCCCAGAAGGCTGCCCAGAGAAGGTCTATGAACTCATGCGAGCATGTTGGCAGTGGAATCCCTCTGACCGGCCCTCCTTTGCTGAAGTGCACCAAGCCTTTGAAACAATGTT,107A1C23,2,4,mnv
1461,ATC,ATC,GTG,GTG,0,901,489,489,I/V,missense_variant,133M,TGAAGTGCACCAAGCCTTTGAAACAATGTTCCAGGAATCCAGTATCTCAGACGAAGTGGAAAAGGAGCTGGGGAAACAAGGCGTCCGTGGGGCTGTGAGTACCTTGCTGCAGGCCCCAGAGCTGCCCACCAAG,4A1C126,2,4,mnv
1358,CAC,CAC,TGG,TGG,0,901,490,490,H/W,missense_variant,133M,AGAAGGACTACCGCATGGAGCGCCCAGAAGGCTGCCCAGAGAAGGTCTATGAACTCATGCGAGCATGTTGGCAGTGGAATCCCTCTGACCGGCCCTCCTTTGCTGAAATCTGGCAAGCCTTTGAAACAATGTT,110C0A0C20,3,2,mnv
1456,CAC,CAC,TGG,TGG,0,901,490,490,H/W,missense_variant,133M,TTTGCTGAAATCTGGCAAGCCTTTGAAACAATGTTCCAGGAATCCAGTATCTCAGACGAAGTGGAAAAGGAGCTGGGGAAACAAGGCGTCCGTGGGGCTGTGAGTACCTTGCTGCAGGCCCCAGAGCTGCCCA,12C0A0C118,3,2,mnv
1358,AC,CAC,TG,CTG,1,901,490,490,H/L,missense_variant,133M,AGAAGGACTACCGCATGGAGCGCCCAGAAGGCTGCCCAGAGAAGGTCTATGAACTCATGCGAGCATGTTGGCAGTGGAATCCCTCTGACCGGCCCTCCTTTGCTGAAATCCTGCAAGCCTTTGAAACAATGTT,111A0C20,2,6,mnv
1461,AC,CAC,TG,CTG,1,901,490,490,H/L,missense_variant,133M,TGAAATCCTGCAAGCCTTTGAAACAATGTTCCAGGAATCCAGTATCTCAGACGAAGTGGAAAAGGAGCTGGGGAAACAAGGCGTCCGTGGGGCTGTGAGTACCTTGCTGCAGGCCCCAGAGCTGCCCACCAAG,8A0C123,2,6,mnv
1460,AC,CAC,TG,CTG,1,901,490,490,H/L,missense_variant,133M,CTGAAATCCTGCAAGCCTTTGAAACAATGTTCCAGGAATCCAGTATCTCAGACGAAGTGGAAAAGGAGCTGGGGAAACAAGGCGTCCGTGGGGCTGTGAGTACCTTGCTGCAGGCCCCAGAGCTGCCCACCAA,9A0C122,2,6,mnv
1358,AC,CAC,TG,CTG,1,901,490,490,H/L,missense_variant,133M,AGAAGGACTACCGCATGGAGCGCCCAGAAGGCTGCCCAGAGAAGGTCTATGAACTCATGCGAGCATGTTGGCAGTGGAATCCCTCTGACCGGCCCTCCTTTGCTGAAATCCTGCAAGCCTTTGAAACAATGTT,111A0C20,2,6,mnv
1358,AC,CAC,TG,CTG,1,901,490,490,H/L,missense_variant,133M,AGAAGGACTACCGCATGGAGCGCCCAGAAGGCTGCCCAGAGAAGGTCTATGAACTCATGCGAGCATGTTGGCAGTGGAATCCCTCTGACCGGCCCTCCTTTGCTGAAATCCTGCAAGCCTTTGAAACAATGTT,111A0C20,2,6,mnv
1461,AC,CAC,TG,CTG,1,901,490,490,H/L,missense_variant,133M,TGAAATCCTGCAAGCCTTTGAAACAATGTTCCAGGAATCCAGTATCTCAGACGAAGTGGAAAAGGAGCTGGGGAAACAAGGCGTCCGTGGGGCTGTGAGTACCTTGCTGCAGGCCCCAGAGCTGCCCACCAAG,8A0C123,2,6,mnv
1358,CA,CAA,AG,AGA,0,901,491,491,Q/R,missense_variant,133M,AGAAGGACTACCGCATGGAGCGCCCAGAAGGCTGCCCAGAGAAGGTCTATGAACTCATGCGAGCATGTTGGCAGTGGAATCCCTCTGACCGGCCCTCCTTTGCTGAAATCCACAGAGCCTTTGAAACAATGTT,113C0A18,2,2,mnv
1455,CA,CAA,AG,AGA,0,901,491,491,Q/R,missense_variant,133M,CTTTGCTGAAATCCACAGAGCCTTTGAAACAATGTTCCAGGAATCCAGTATCTCAGACGAAGTGGAAAAGGAGCTGGGGAAACAAGGCGTCCGTGGGGCTGTGAGTACCTTGCTGCAGGCCCCAGAGCTGCCC,16C0A115,2,2,mnv
1461,CAA,CAA,AAC,AAC,0,901,491,491,Q/N,missense_variant,133M,TGAAATCCACAACGCCTTTGAAACAATGTTCCAGGAATCCAGTATCTCAGACGAAGTGGAAAAGGAGCTGGGGAAACAAGGCGTCCGTGGGGCTGTGAGTACCTTGCTGCAGGCCCCAGAGCTGCCCACCAAG,10C1A120,2,2,mnv
1358,CAA,CAA,AAC,AAC,0,901,491,491,Q/N,missense_variant,133M,AGAAGGACTACCGCATGGAGCGCCCAGAAGGCTGCCCAGAGAAGGTCTATGAACTCATGCGAGCATGTTGGCAGTGGAATCCCTCTGACCGGCCCTCCTTTGCTGAAATCCACAACGCCTTTGAAACAATGTT,113C1A17,2,2,mnv
1461,CAA,CAA,AAG,AAG,0,901,491,491,Q/K,missense_variant,133M,TGAAATCCACAAGGCCTTTGAAACAATGTTCCAGGAATCCAGTATCTCAGACGAAGTGGAAAAGGAGCTGGGGAAACAAGGCGTCCGTGGGGCTGTGAGTACCTTGCTGCAGGCCCCAGAGCTGCCCACCAAG,10C1A120,2,5,mnv
1358,CAA,CAA,AAG,AAG,0,901,491,491,Q/K,missense_variant,133M,AGAAGGACTACCGCATGGAGCGCCCAGAAGGCTGCCCAGAGAAGGTCTATGAACTCATGCGAGCATGTTGGCAGTGGAATCCCTCTGACCGGCCCTCCTTTGCTGAAATCCACAAGGCCTTTGAAACAATGTT,113C1A17,2,5,mnv
1358,CAA,CAA,AAG,AAG,0,901,491,491,Q/K,missense_variant,133M,AGAAGGACTACCGCATGGAGCGCCCAGAAGGCTGCCCAGAGAAGGTCTATGAACTCATGCGAGCATGTTGGCAGTGGAATCCCTCTGACCGGCCCTCCTTTGCTGAAATCCACAAGGCCTTTGAAACAATGTT,113C1A17,2,5,mnv
1461,CAA,CAA,AAG,AAG,0,901,491,491,Q/K,missense_variant,133M,TGAAATCCACAAGGCCTTTGAAACAATGTTCCAGGAATCCAGTATCTCAGACGAAGTGGAAAAGGAGCTGGGGAAACAAGGCGTCCGTGGGGCTGTGAGTACCTTGCTGCAGGCCCCAGAGCTGCCCACCAAG,10C1A120,2,5,mnv
1451,CAA,CAA,AAG,AAG,0,901,491,491,Q/K,missense_variant,133M,CCTCCTTTGCTGAAATCCACAAGGCCTTTGAAACAATGTTCCAGGAATCCAGTATCTCAGACGAAGTGGAAAAGGAGCTGGGGAAACAAGGCGTCCGTGGGGCTGTGAGTACCTTGCTGCAGGCCCCAGAGCT,20C1A110,2,5,mnv
1358,CAA,CAA,ACC,ACC,0,901,491,491,Q/T,missense_variant,133M,AGAAGGACTACCGCATGGAGCGCCCAGAAGGCTGCCCAGAGAAGGTCTATGAACTCATGCGAGCATGTTGGCAGTGGAATCCCTCTGACCGGCCCTCCTTTGCTGAAATCCACACCGCCTTTGAAACAATGTT,113C0A0A17,3,1,mnv
1358,CAA,CAA,ATC,ATC,0,901,491,491,Q/I,missense_variant,133M,AGAAGGACTACCGCATGGAGCGCCCAGAAGGCTGCCCAGAGAAGGTCTATGAACTCATGCGAGCATGTTGGCAGTGGAATCCCTCTGACCGGCCCTCCTTTGCTGAAATCCACATCGCCTTTGAAACAATGTT,113C0A0A17,3,2,mnv
1460,CAA,CAA,ATC,ATC,0,901,491,491,Q/I,missense_variant,133M,CTGAAATCCACATCGCCTTTGAAACAATGTTCCAGGAATCCAGTATCTCAGACGAAGTGGAAAAGGAGCTGGGGAAACAAGGCGTCCGTGGGGCTGTGAGTACCTTGCTGCAGGCCCCAGAGCTGCCCACCAA,11C0A0A119,3,2,mnv
1358,CAA,CAA,GAT,GAT,0,901,491,491,Q/D,missense_variant,133M,AGAAGGACTACCGCATGGAGCGCCCAGAAGGCTGCCCAGAGAAGGTCTATGAACTCATGCGAGCATGTTGGCAGTGGAATCCCTCTGACCGGCCCTCCTTTGCTGAAATCCACGATGCCTTTGAAACAATGTT,113C1A17,2,1,mnv
1358,CAA,CAA,GGT,GGT,0,901,491,491,Q/G,missense_variant,133M,AGAAGGACTACCGCATGGAGCGCCCAGAAGGCTGCCCAGAGAAGGTCTATGAACTCATGCGAGCATGTTGGCAGTGGAATCCCTCTGACCGGCCCTCCTTTGCTGAAATCCACGGTGCCTTTGAAACAATGTT,113C0A0A17,3,3,mnv
1461,CAA,CAA,GGT,GGT,0,901,491,491,Q/G,missense_variant,133M,TGAAATCCACGGTGCCTTTGAAACAATGTTCCAGGAATCCAGTATCTCAGACGAAGTGGAAAAGGAGCTGGGGAAACAAGGCGTCCGTGGGGCTGTGAGTACCTTGCTGCAGGCCCCAGAGCTGCCCACCAAG,10C0A0A120,3,3,mnv
1460,CAA,CAA,GGT,GGT,0,901,491,491,Q/G,missense_variant,133M,CTGAAATCCACGGTGCCTTTGAAACAATGTTCCAGGAATCCAGTATCTCAGACGAAGTGGAAAAGGAGCTGGGGAAACAAGGCGTCCGTGGGGCTGTGAGTACCTTGCTGCAGGCCCCAGAGCTGCCCACCAA,11C0A0A119,3,3,mnv
1453,CAA,CAA,TGC,TGC,0,901,491,491,Q/C,missense_variant,133M,TCCTTTGCTGAAATCCACTGCGCCTTTGAAACAATGTTCCAGGAATCCAGTATCTCAGACGAAGTGGAAAAGGAGCTGGGGAAACAAGGCGTCCGTGGGGCTGTGAGTACCTTGCTGCAGGCCCCAGAGCTGC,18C0A0A112,3,6,mnv
1461,CAA,CAA,TGC,TGC,0,901,491,491,Q/C,missense_variant,133M,TGAAATCCACTGCGCCTTTGAAACAATGTTCCAGGAATCCAGTATCTCAGACGAAGTGGAAAAGGAGCTGGGGAAACAAGGCGTCCGTGGGGCTGTGAGTACCTTGCTGCAGGCCCCAGAGCTGCCCACCAAG,10C0A0A120,3,6,mnv
1358,CAA,CAA,TGC,TGC,0,901,491,491,Q/C,missense_variant,133M,AGAAGGACTACCGCATGGAGCGCCCAGAAGGCTGCCCAGAGAAGGTCTATGAACTCATGCGAGCATGTTGGCAGTGGAATCCCTCTGACCGGCCCTCCTTTGCTGAAATCCACTGCGCCTTTGAAACAATGTT,113C0A0A17,3,6,mnv
1358,CAA,CAA,TGC,TGC,0,901,491,491,Q/C,missense_variant,133M,AGAAGGACTACCGCATGGAGCGCCCAGAAGGCTGCCCAGAGAAGGTCTATGAACTCATGCGAGCATGTTGGCAGTGGAATCCCTCTGACCGGCCCTCCTTTGCTGAAATCCACTGCGCCTTTGAAACAATGTT,113C0A0A17,3,6,mnv
1358,CAA,CAA,TGC,TGC,0,901,491,491,Q/C,missense_variant,133M,AGAAGGACTACCGCATGGAGCGCCCAGAAGGCTGCCCAGAGAAGGTCTATGAACTCATGCGAGCATGTTGGCAGTGGAATCCCTCTGACCGGCCCTCCTTTGCTGAAATCCACTGCGCCTTTGAAACAATGTT,113C0A0A17,3,6,mnv
1461,CAA,CAA,TGC,TGC,0,901,491,491,Q/C,missense_variant,133M,TGAAATCCACTGCGCCTTTGAAACAATGTTCCAGGAATCCAGTATCTCAGACGAAGTGGAAAAGGAGCTGGGGAAACAAGGCGTCCGTGGGGCTGTGAGTACCTTGCTGCAGGCCCCAGAGCTGCCCACCAAG,10C0A0A120,3,6,mnv
1461,AA,CAA,TG,CTG,1,901,491,491,Q/L,missense_variant,133M,TGAAATCCACCTGGCCTTTGAAACAATGTTCCAGGAATCCAGTATCTCAGACGAAGTGGAAAAGGAGCTGGGGAAACAAGGCGTCCGTGGGGCTGTGAGTACCTTGCTGCAGGCCCCAGAGCTGCCCACCAAG,11A0A120,2,2,mnv
1358,AA,CAA,TG,CTG,1,901,491,491,Q/L,missense_variant,133M,AGAAGGACTACCGCATGGAGCGCCCAGAAGGCTGCCCAGAGAAGGTCTATGAACTCATGCGAGCATGTTGGCAGTGGAATCCCTCTGACCGGCCCTCCTTTGCTGAAATCCACCTGGCCTTTGAAACAATGTT,114A0A17,2,2,mnv
1460,GC,GCC,AA,AAC,0,901,492,492,A/N,missense_variant,133M,CTGAAATCCACCAAAACTTTGAAACAATGTTCCAGGAATCCAGTATCTCAGACGAAGTGGAAAAGGAGCTGGGGAAACAAGGCGTCCGTGGGGCTGTGAGTACCTTGCTGCAGGCCCCAGAGCTGCCCACCAA,14G0C117,2,2,mnv
1358,GC,GCC,AA,AAC,0,901,492,492,A/N,missense_variant,133M,AGAAGGACTACCGCATGGAGCGCCCAGAAGGCTGCCCAGAGAAGGTCTATGAACTCATGCGAGCATGTTGGCAGTGGAATCCCTCTGACCGGCCCTCCTTTGCTGAAATCCACCAAAACTTTGAAACAATGTT,116G0C15,2,2,mnv
1358,GC,GCC,AG,AGC,0,901,492,492,A/S,missense_variant,133M,AGAAGGACTACCGCATGGAGCGCCCAGAAGGCTGCCCAGAGAAGGTCTATGAACTCATGCGAGCATGTTGGCAGTGGAATCCCTCTGACCGGCCCTCCTTTGCTGAAATCCACCAAAGCTTTGAAACAATGTT,116G0C15,2,2,mnv
1460,GC,GCC,AG,AGC,0,901,492,492,A/S,missense_variant,133M,CTGAAATCCACCAAAGCTTTGAAACAATGTTCCAGGAATCCAGTATCTCAGACGAAGTGGAAAAGGAGCTGGGGAAACAAGGCGTCCGTGGGGCTGTGAGTACCTTGCTGCAGGCCCCAGAGCTGCCCACCAA,14G0C117,2,2,mnv
1461,GC,GCC,AT,ATC,0,901,492,492,A/I,missense_variant,133M,TGAAATCCACCAAATCTTTGAAACAATGTTCCAGGAATCCAGTATCTCAGACGAAGTGGAAAAGGAGCTGGGGAAACAAGGCGTCCGTGGGGCTGTGAGTACCTTGCTGCAGGCCCCAGAGCTGCCCACCAAG,13G0C118,2,4,mnv
1358,GC,GCC,AT,ATC,0,901,492,492,A/I,missense_variant,133M,AGAAGGACTACCGCATGGAGCGCCCAGAAGGCTGCCCAGAGAAGGTCTATGAACTCATGCGAGCATGTTGGCAGTGGAATCCCTCTGACCGGCCCTCCTTTGCTGAAATCCACCAAATCTTTGAAACAATGTT,116G0C15,2,4,mnv
1358,GC,GCC,AT,ATC,0,901,492,492,A/I,missense_variant,133M,AGAAGGACTACCGCATGGAGCGCCCAGAAGGCTGCCCAGAGAAGGTCTATGAACTCATGCGAGCATGTTGGCAGTGGAATCCCTCTGACCGGCCCTCCTTTGCTGAAATCCACCAAATCTTTGAAACAATGTT,116G0C15,2,4,mnv
1460,GC,GCC,AT,ATC,0,901,492,492,A/I,missense_variant,133M,CTGAAATCCACCAAATCTTTGAAACAATGTTCCAGGAATCCAGTATCTCAGACGAAGTGGAAAAGGAGCTGGGGAAACAAGGCGTCCGTGGGGCTGTGAGTACCTTGCTGCAGGCCCCAGAGCTGCCCACCAA,14G0C117,2,4,mnv
1451,GCC,GCC,AAG,AAG,0,901,492,492,A/K,missense_variant,133M,CCTCCTTTGCTGAAATCCACCAAAAGTTTGAAACAATGTTCCAGGAATCCAGTATCTCAGACGAAGTGGAAAAGGAGCTGGGGAAACAAGGCGTCCGTGGGGCTGTGAGTACCTTGCTGCAGGCCCCAGAGCT,23G0C0C107,3,2,mnv
1358,GCC,GCC,AAG,AAG,0,901,492,492,A/K,missense_variant,133M,AGAAGGACTACCGCATGGAGCGCCCAGAAGGCTGCCCAGAGAAGGTCTATGAACTCATGCGAGCATGTTGGCAGTGGAATCCCTCTGACCGGCCCTCCTTTGCTGAAATCCACCAAAAGTTTGAAACAATGTT,116G0C0C14,3,2,mnv
1461,GCC,GCC,ATG,ATG,0,901,492,492,A/M,missense_variant,133M,TGAAATCCACCAAATGTTTGAAACAATGTTCCAGGAATCCAGTATCTCAGACGAAGTGGAAAAGGAGCTGGGGAAACAAGGCGTCCGTGGGGCTGTGAGTACCTTGCTGCAGGCCCCAGAGCTGCCCACCAAG,13G0C0C117,3,4,mnv
1358,GCC,GCC,ATG,ATG,0,901,492,492,A/M,missense_variant,133M,AGAAGGACTACCGCATGGAGCGCCCAGAAGGCTGCCCAGAGAAGGTCTATGAACTCATGCGAGCATGTTGGCAGTGGAATCCCTCTGACCGGCCCTCCTTTGCTGAAATCCACCAAATGTTTGAAACAATGTT,116G0C0C14,3,4,mnv
1358,GCC,GCC,ATG,ATG,0,901,492,492,A/M,missense_variant,133M,AGAAGGACTACCGCATGGAGCGCCCAGAAGGCTGCCCAGAGAAGGTCTATGAACTCATGCGAGCATGTTGGCAGTGGAATCCCTCTGACCGGCCCTCCTTTGCTGAAATCCACCAAATGTTTGAAACAATGTT,116G0C0C14,3,4,mnv
1461,GCC,GCC,ATG,ATG,0,901,492,492,A/M,missense_variant,133M,TGAAATCCACCAAATGTTTGAAACAATGTTCCAGGAATCCAGTATCTCAGACGAAGTGGAAAAGGAGCTGGGGAAACAAGGCGTCCGTGGGGCTGTGAGTACCTTGCTGCAGGCCCCAGAGCTGCCCACCAAG,13G0C0C117,3,4,mnv
1461,GCC,GCC,CTG,CTG,0,901,492,492,A/L,missense_variant,133M,TGAAATCCACCAACTGTTTGAAACAATGTTCCAGGAATCCAGTATCTCAGACGAAGTGGAAAAGGAGCTGGGGAAACAAGGCGTCCGTGGGGCTGTGAGTACCTTGCTGCAGGCCCCAGAGCTGCCCACCAAG,13G0C0C117,3,2,mnv
1358,GCC,GCC,CTG,CTG,0,901,492,492,A/L,missense_variant,133M,AGAAGGACTACCGCATGGAGCGCCCAGAAGGCTGCCCAGAGAAGGTCTATGAACTCATGCGAGCATGTTGGCAGTGGAATCCCTCTGACCGGCCCTCCTTTGCTGAAATCCACCAACTGTTTGAAACAATGTT,116G0C0C14,3,2,mnv
1461,GCC,GCC,TGG,TGG,0,901,492,492,A/W,missense_variant,133M,TGAAATCCACCAATGGTTTGAAACAATGTTCCAGGAATCCAGTATCTCAGACGAAGTGGAAAAGGAGCTGGGGAAACAAGGCGTCCGTGGGGCTGTGAGTACCTTGCTGCAGGCCCCAGAGCTGCCCACCAAG,13G0C0C117,3,5,mnv
1358,GCC,GCC,TGG,TGG,0,901,492,492,A/W,missense_variant,133M,AGAAGGACTACCGCATGGAGCGCCCAGAAGGCTGCCCAGAGAAGGTCTATGAACTCATGCGAGCATGTTGGCAGTGGAATCCCTCTGACCGGCCCTCCTTTGCTGAAATCCACCAATGGTTTGAAACAATGTT,116G0C0C14,3,5,mnv
1461,GCC,GCC,TGG,TGG,0,901,492,492,A/W,missense_variant,133M,TGAAATCCACCAATGGTTTGAAACAATGTTCCAGGAATCCAGTATCTCAGACGAAGTGGAAAAGGAGCTGGGGAAACAAGGCGTCCGTGGGGCTGTGAGTACCTTGCTGCAGGCCCCAGAGCTGCCCACCAAG,13G0C0C117,3,5,mnv
1358,GCC,GCC,TGG,TGG,0,901,492,492,A/W,missense_variant,133M,AGAAGGACTACCGCATGGAGCGCCCAGAAGGCTGCCCAGAGAAGGTCTATGAACTCATGCGAGCATGTTGGCAGTGGAATCCCTCTGACCGGCCCTCCTTTGCTGAAATCCACCAATGGTTTGAAACAATGTT,116G0C0C14,3,5,mnv
1461,GCC,GCC,TGG,TGG,0,901,492,492,A/W,missense_variant,133M,TGAAATCCACCAATGGTTTGAAACAATGTTCCAGGAATCCAGTATCTCAGACGAAGTGGAAAAGGAGCTGGGGAAACAAGGCGTCCGTGGGGCTGTGAGTACCTTGCTGCAGGCCCCAGAGCTGCCCACCAAG,13G0C0C117,3,5,mnv
1358,CC,GCC,AG,GAG,1,901,492,492,A/E,missense_variant,133M,AGAAGGACTACCGCATGGAGCGCCCAGAAGGCTGCCCAGAGAAGGTCTATGAACTCATGCGAGCATGTTGGCAGTGGAATCCCTCTGACCGGCCCTCCTTTGCTGAAATCCACCAAGAGTTTGAAACAATGTT,117C0C14,2,1,mnv
1461,CC,GCC,GT,GGT,1,901,492,492,A/G,missense_variant,133M,TGAAATCCACCAAGGTTTTGAAACAATGTTCCAGGAATCCAGTATCTCAGACGAAGTGGAAAAGGAGCTGGGGAAACAAGGCGTCCGTGGGGCTGTGAGTACCTTGCTGCAGGCCCCAGAGCTGCCCACCAAG,14C0C117,2,1,mnv
1358,TT,TTT,GC,GCT,0,955,493,493,F/A,missense_variant,133M,AGAAGGACTACCGCATGGAGCGCCCAGAAGGCTGCCCAGAGAAGGTCTATGAACTCATGCGAGCATGTTGGCAGTGGAATCCCTCTGACCGGCCCTCCTTTGCTGAAATCCACCAAGCCGCTGAAACAATGTT,119T0T12,2,2,mnv
1461,TT,TTT,GC,GCT,0,955,493,493,F/A,missense_variant,133M,TGAAATCCACCAAGCCGCTGAAACAATGTTCCAGGAATCCAGTATCTCAGACGAAGTGGAAAAGGAGCTGGGGAAACAAGGCGTCCGTGGGGCTGTGAGTACCTTGCTGCAGGCCCCAGAGCTGCCCACCAAG,16T0T115,2,2,mnv
1460,TTT,TTT,AAC,AAC,0,955,493,493,F/N,missense_variant,133M,CTGAAATCCACCAAGCCAACGAAACAATGTTCCAGGAATCCAGTATCTCAGACGAAGTGGAAAAGGAGCTGGGGAAACAAGGCGTCCGTGGGGCTGTGAGTACCTTGCTGCAGGCCCCAGAGCTGCCCACCAA,17T0T0T113,3,6,mnv
1460,TTT,TTT,AAC,AAC,0,955,493,493,F/N,missense_variant,133M,CTGAAATCCACCAAGCCAACGAAACAATGTTCCAGGAATCCAGTATCTCAGACGAAGTGGAAAAGGAGCTGGGGAAACAAGGCGTCCGTGGGGCTGTGAGTACCTTGCTGCAGGCCCCAGAGCTGCCCACCAA,17T0T0T113,3,6,mnv
1359,TTT,TTT,AAC,AAC,0,955,493,493,F/N,missense_variant,133M,GAAGGACTACCGCATGGAGCGCCCAGAAGGCTGCCCAGAGAAGGTCTATGAACTCATGCGAGCATGTTGGCAGTGGAATCCCTCTGACCGGCCCTCCTTTGCTGAAATCCACCAAGCCAACGAAACAATGTTC,118T0T0T12,3,6,mnv
1358,TTT,TTT,AAC,AAC,0,955,493,493,F/N,missense_variant,133M,AGAAGGACTACCGCATGGAGCGCCCAGAAGGCTGCCCAGAGAAGGTCTATGAACTCATGCGAGCATGTTGGCAGTGGAATCCCTCTGACCGGCCCTCCTTTGCTGAAATCCACCAAGCCAACGAAACAATGTT,119T0T0T11,3,6,mnv
1358,TTT,TTT,AAC,AAC,0,955,493,493,F/N,missense_variant,133M,AGAAGGACTACCGCATGGAGCGCCCAGAAGGCTGCCCAGAGAAGGTCTATGAACTCATGCGAGCATGTTGGCAGTGGAATCCCTCTGACCGGCCCTCCTTTGCTGAAATCCACCAAGCCAACGAAACAATGTT,119T0T0T11,3,6,mnv
1461,TTT,TTT,AAC,AAC,0,955,493,493,F/N,missense_variant,133M,TGAAATCCACCAAGCCAACGAAACAATGTTCCAGGAATCCAGTATCTCAGACGAAGTGGAAAAGGAGCTGGGGAAACAAGGCGTCCGTGGGGCTGTGAGTACCTTGCTGCAGGCCCCAGAGCTGCCCACCAAG,16T0T0T114,3,6,mnv
1461,TTT,TTT,AGC,AGC,0,955,493,493,F/S,missense_variant,133M,TGAAATCCACCAAGCCAGCGAAACAATGTTCCAGGAATCCAGTATCTCAGACGAAGTGGAAAAGGAGCTGGGGAAACAAGGCGTCCGTGGGGCTGTGAGTACCTTGCTGCAGGCCCCAGAGCTGCCCACCAAG,16T0T0T114,3,2,mnv
1358,TTT,TTT,AGC,AGC,0,955,493,493,F/S,missense_variant,133M,AGAAGGACTACCGCATGGAGCGCCCAGAAGGCTGCCCAGAGAAGGTCTATGAACTCATGCGAGCATGTTGGCAGTGGAATCCCTCTGACCGGCCCTCCTTTGCTGAAATCCACCAAGCCAGCGAAACAATGTT,119T0T0T11,3,2,mnv
1358,TTT,TTT,ATC,ATC,0,955,493,493,F/I,missense_variant,133M,AGAAGGACTACCGCATGGAGCGCCCAGAAGGCTGCCCAGAGAAGGTCTATGAACTCATGCGAGCATGTTGGCAGTGGAATCCCTCTGACCGGCCCTCCTTTGCTGAAATCCACCAAGCCATCGAAACAATGTT,119T1T11,2,2,mnv
1461,TTT,TTT,ATC,ATC,0,955,493,493,F/I,missense_variant,133M,TGAAATCCACCAAGCCATCGAAACAATGTTCCAGGAATCCAGTATCTCAGACGAAGTGGAAAAGGAGCTGGGGAAACAAGGCGTCCGTGGGGCTGTGAGTACCTTGCTGCAGGCCCCAGAGCTGCCCACCAAG,16T1T114,2,2,mnv
1461,TTT,TTT,CAC,CAC,0,955,493,493,F/H,missense_variant,133M,TGAAATCCACCAAGCCCACGAAACAATGTTCCAGGAATCCAGTATCTCAGACGAAGTGGAAAAGGAGCTGGGGAAACAAGGCGTCCGTGGGGCTGTGAGTACCTTGCTGCAGGCCCCAGAGCTGCCCACCAAG,16T0T0T114,3,2,mnv
1358,TTT,TTT,CAC,CAC,0,955,493,493,F/H,missense_variant,133M,AGAAGGACTACCGCATGGAGCGCCCAGAAGGCTGCCCAGAGAAGGTCTATGAACTCATGCGAGCATGTTGGCAGTGGAATCCCTCTGACCGGCCCTCCTTTGCTGAAATCCACCAAGCCCACGAAACAATGTT,119T0T0T11,3,2,mnv
1461,TTT,TTT,CAG,CAG,0,955,493,493,F/Q,missense_variant,133M,TGAAATCCACCAAGCCCAGGAAACAATGTTCCAGGAATCCAGTATCTCAGACGAAGTGGAAAAGGAGCTGGGGAAACAAGGCGTCCGTGGGGCTGTGAGTACCTTGCTGCAGGCCCCAGAGCTGCCCACCAAG,16T0T0T114,3,2,mnv
1358,TTT,TTT,CAG,CAG,0,955,493,493,F/Q,missense_variant,133M,AGAAGGACTACCGCATGGAGCGCCCAGAAGGCTGCCCAGAGAAGGTCTATGAACTCATGCGAGCATGTTGGCAGTGGAATCCCTCTGACCGGCCCTCCTTTGCTGAAATCCACCAAGCCCAGGAAACAATGTT,119T0T0T11,3,2,mnv
1459,TTT,TTT,CTG,CTG,0,955,493,493,F/L,missense_variant,133M,GCTGAAATCCACCAAGCCCTGGAAACAATGTTCCAGGAATCCAGTATCTCAGACGAAGTGGAAAAGGAGCTGGGGAAACAAGGCGTCCGTGGGGCTGTGAGTACCTTGCTGCAGGCCCCAGAGCTGCCCACCA,18T1T112,2,6,mnv
1358,TTT,TTT,CTG,CTG,0,955,493,493,F/L,missense_variant,133M,AGAAGGACTACCGCATGGAGCGCCCAGAAGGCTGCCCAGAGAAGGTCTATGAACTCATGCGAGCATGTTGGCAGTGGAATCCCTCTGACCGGCCCTCCTTTGCTGAAATCCACCAAGCCCTGGAAACAATGTT,119T1T11,2,6,mnv
1358,TTT,TTT,CTG,CTG,0,955,493,493,F/L,missense_variant,133M,AGAAGGACTACCGCATGGAGCGCCCAGAAGGCTGCCCAGAGAAGGTCTATGAACTCATGCGAGCATGTTGGCAGTGGAATCCCTCTGACCGGCCCTCCTTTGCTGAAATCCACCAAGCCCTGGAAACAATGTT,119T1T11,2,6,mnv
1359,TTT,TTT,CTG,CTG,0,955,493,493,F/L,missense_variant,133M,GAAGGACTACCGCATGGAGCGCCCAGAAGGCTGCCCAGAGAAGGTCTATGAACTCATGCGAGCATGTTGGCAGTGGAATCCCTCTGACCGGCCCTCCTTTGCTGAAATCCACCAAGCCCTGGAAACAATGTTC,118T1T12,2,6,mnv
1461,TTT,TTT,CTG,CTG,0,955,493,493,F/L,missense_variant,133M,TGAAATCCACCAAGCCCTGGAAACAATGTTCCAGGAATCCAGTATCTCAGACGAAGTGGAAAAGGAGCTGGGGAAACAAGGCGTCCGTGGGGCTGTGAGTACCTTGCTGCAGGCCCCAGAGCTGCCCACCAAG,16T1T114,2,6,mnv
1460,TTT,TTT,CTG,CTG,0,955,493,493,F/L,missense_variant,133M,CTGAAATCCACCAAGCCCTGGAAACAATGTTCCAGGAATCCAGTATCTCAGACGAAGTGGAAAAGGAGCTGGGGAAACAAGGCGTCCGTGGGGCTGTGAGTACCTTGCTGCAGGCCCCAGAGCTGCCCACCAA,17T1T113,2,6,mnv
1460,TTT,TTT,GAG,GAG,0,955,493,493,F/E,missense_variant,133M,CTGAAATCCACCAAGCCGAGGAAACAATGTTCCAGGAATCCAGTATCTCAGACGAAGTGGAAAAGGAGCTGGGGAAACAAGGCGTCCGTGGGGCTGTGAGTACCTTGCTGCAGGCCCCAGAGCTGCCCACCAA,17T0T0T113,3,2,mnv
1359,TTT,TTT,GAG,GAG,0,955,493,493,F/E,missense_variant,133M,GAAGGACTACCGCATGGAGCGCCCAGAAGGCTGCCCAGAGAAGGTCTATGAACTCATGCGAGCATGTTGGCAGTGGAATCCCTCTGACCGGCCCTCCTTTGCTGAAATCCACCAAGCCGAGGAAACAATGTTC,118T0T0T12,3,2,mnv
1460,TTT,TTT,GTG,GTG,0,955,493,493,F/V,missense_variant,133M,CTGAAATCCACCAAGCCGTGGAAACAATGTTCCAGGAATCCAGTATCTCAGACGAAGTGGAAAAGGAGCTGGGGAAACAAGGCGTCCGTGGGGCTGTGAGTACCTTGCTGCAGGCCCCAGAGCTGCCCACCAA,17T1T113,2,2,mnv
1358,TTT,TTT,GTG,GTG,0,955,493,493,F/V,missense_variant,133M,AGAAGGACTACCGCATGGAGCGCCCAGAAGGCTGCCCAGAGAAGGTCTATGAACTCATGCGAGCATGTTGGCAGTGGAATCCCTCTGACCGGCCCTCCTTTGCTGAAATCCACCAAGCCGTGGAAACAATGTT,119T1T11,2,2,mnv
1461,TT,TTT,AC,TAC,1,955,493,493,F/Y,missense_variant,133M,TGAAATCCACCAAGCCTACGAAACAATGTTCCAGGAATCCAGTATCTCAGACGAAGTGGAAAAGGAGCTGGGGAAACAAGGCGTCCGTGGGGCTGTGAGTACCTTGCTGCAGGCCCCAGAGCTGCCCACCAAG,17T0T114,2,2,mnv
1358,TT,TTT,AC,TAC,1,955,493,493,F/Y,missense_variant,133M,AGAAGGACTACCGCATGGAGCGCCCAGAAGGCTGCCCAGAGAAGGTCTATGAACTCATGCGAGCATGTTGGCAGTGGAATCCCTCTGACCGGCCCTCCTTTGCTGAAATCCACCAAGCCTACGAAACAATGTT,120T0T11,2,2,mnv
1461,TT,TTC,AC,ACC,0,901,497,497,F/T,missense_variant,133M,TGAAATCCACCAAGCCTTTGAAACAATGACCCAGGAATCCAGTATCTCAGACGAAGTGGAAAAGGAGCTGGGGAAACAAGGCGTCCGTGGGGCTGTGAGTACCTTGCTGCAGGCCCCAGAGCTGCCCACCAAG,28T0T103,2,1,mnv
1461,TT,TTC,AG,AGC,0,901,497,497,F/S,missense_variant,133M,TGAAATCCACCAAGCCTTTGAAACAATGAGCCAGGAATCCAGTATCTCAGACGAAGTGGAAAAGGAGCTGGGGAAACAAGGCGTCCGTGGGGCTGTGAGTACCTTGCTGCAGGCCCCAGAGCTGCCCACCAAG,28T0T103,2,1,mnv
1461,CA,CAG,AT,ATG,0,901,498,498,Q/M,missense_variant,133M,TGAAATCCACCAAGCCTTTGAAACAATGTTCATGGAATCCAGTATCTCAGACGAAGTGGAAAAGGAGCTGGGGAAACAAGGCGTCCGTGGGGCTGTGAGTACCTTGCTGCAGGCCCCAGAGCTGCCCACCAAG,31C0A100,2,1,mnv
1461,CAG,CAG,TAC,TAC,0,901,498,498,Q/Y,missense_variant,133M,TGAAATCCACCAAGCCTTTGAAACAATGTTCTACGAATCCAGTATCTCAGACGAAGTGGAAAAGGAGCTGGGGAAACAAGGCGTCCGTGGGGCTGTGAGTACCTTGCTGCAGGCCCCAGAGCTGCCCACCAAG,31C1G99,2,1,mnv
1460,CAG,CAG,TTC,TTC,0,901,498,498,Q/F,missense_variant,133M,CTGAAATCCACCAAGCCTTTGAAACAATGTTCTTCGAATCCAGTATCTCAGACGAAGTGGAAAAGGAGCTGGGGAAACAAGGCGTCCGTGGGGCTGTGAGTACCTTGCTGCAGGCCCCAGAGCTGCCCACCAA,32C0A0G98,3,1,mnv
1461,GAA,GAA,CCC,CCC,0,901,499,499,E/P,missense_variant,133M,TGAAATCCACCAAGCCTTTGAAACAATGTTCCAGCCCTCCAGTATCTCAGACGAAGTGGAAAAGGAGCTGGGGAAACAAGGCGTCCGTGGGGCTGTGAGTACCTTGCTGCAGGCCCCAGAGCTGCCCACCAAG,34G0A0A96,3,1,mnv
1461,GAA,GAA,CTG,CTG,0,901,499,499,E/L,missense_variant,133M,TGAAATCCACCAAGCCTTTGAAACAATGTTCCAGCTGTCCAGTATCTCAGACGAAGTGGAAAAGGAGCTGGGGAAACAAGGCGTCCGTGGGGCTGTGAGTACCTTGCTGCAGGCCCCAGAGCTGCCCACCAAG,34G0A0A96,3,2,mnv
1461,GAA,GAA,CTG,CTG,0,901,499,499,E/L,missense_variant,133M,TGAAATCCACCAAGCCTTTGAAACAATGTTCCAGCTGTCCAGTATCTCAGACGAAGTGGAAAAGGAGCTGGGGAAACAAGGCGTCCGTGGGGCTGTGAGTACCTTGCTGCAGGCCCCAGAGCTGCCCACCAAG,34G0A0A96,3,2,mnv
1461,GAA,GAA,TGC,TGC,0,901,499,499,E/C,missense_variant,133M,TGAAATCCACCAAGCCTTTGAAACAATGTTCCAGTGCTCCAGTATCTCAGACGAAGTGGAAAAGGAGCTGGGGAAACAAGGCGTCCGTGGGGCTGTGAGTACCTTGCTGCAGGCCCCAGAGCTGCCCACCAAG,34G0A0A96,3,2,mnv
1460,GAA,GAA,TGC,TGC,0,901,499,499,E/C,missense_variant,133M,CTGAAATCCACCAAGCCTTTGAAACAATGTTCCAGTGCTCCAGTATCTCAGACGAAGTGGAAAAGGAGCTGGGGAAACAAGGCGTCCGTGGGGCTGTGAGTACCTTGCTGCAGGCCCCAGAGCTGCCCACCAA,35G0A0A95,3,2,mnv
1460,GAA,GAA,TGG,TGG,0,901,499,499,E/W,missense_variant,133M,CTGAAATCCACCAAGCCTTTGAAACAATGTTCCAGTGGTCCAGTATCTCAGACGAAGTGGAAAAGGAGCTGGGGAAACAAGGCGTCCGTGGGGCTGTGAGTACCTTGCTGCAGGCCCCAGAGCTGCCCACCAA,35G0A0A95,3,1,mnv
1456,AA,GAA,CC,GCC,1,901,499,499,E/A,missense_variant,133M,TTTGCTGAAATCCACCAAGCCTTTGAAACAATGTTCCAGGCCTCCAGTATCTCAGACGAAGTGGAAAAGGAGCTGGGGAAACAAGGCGTCCGTGGGGCTGTGAGTACCTTGCTGCAGGCCCCAGAGCTGCCCA,40A0A91,2,1,mnv
1461,AA,GAA,TG,GTG,1,901,499,499,E/V,missense_variant,133M,TGAAATCCACCAAGCCTTTGAAACAATGTTCCAGGTGTCCAGTATCTCAGACGAAGTGGAAAAGGAGCTGGGGAAACAAGGCGTCCGTGGGGCTGTGAGTACCTTGCTGCAGGCCCCAGAGCTGCCCACCAAG,35A0A96,2,1,mnv
1460,GT,AGT,AC,AAC,1,901,501,501,S/N,missense_variant,133M,CTGAAATCCACCAAGCCTTTGAAACAATGTTCCAGGAATCCAACATCTCAGACGAAGTGGAAAAGGAGCTGGGGAAACAAGGCGTCCGTGGGGCTGTGAGTACCTTGCTGCAGGCCCCAGAGCTGCCCACCAA,42G0T89,2,1,mnv
1461,GT,AGT,AG,AAG,1,901,501,501,S/K,missense_variant,133M,TGAAATCCACCAAGCCTTTGAAACAATGTTCCAGGAATCCAAGATCTCAGACGAAGTGGAAAAGGAGCTGGGGAAACAAGGCGTCCGTGGGGCTGTGAGTACCTTGCTGCAGGCCCCAGAGCTGCCCACCAAG,41G0T90,2,2,mnv
1461,GT,AGT,AG,AAG,1,901,501,501,S/K,missense_variant,133M,TGAAATCCACCAAGCCTTTGAAACAATGTTCCAGGAATCCAAGATCTCAGACGAAGTGGAAAAGGAGCTGGGGAAACAAGGCGTCCGTGGGGCTGTGAGTACCTTGCTGCAGGCCCCAGAGCTGCCCACCAAG,41G0T90,2,2,mnv
1461,GT,AGT,CC,ACC,1,901,501,501,S/T,missense_variant,133M,TGAAATCCACCAAGCCTTTGAAACAATGTTCCAGGAATCCACCATCTCAGACGAAGTGGAAAAGGAGCTGGGGAAACAAGGCGTCCGTGGGGCTGTGAGTACCTTGCTGCAGGCCCCAGAGCTGCCCACCAAG,41G0T90,2,1,mnv
1460,GT,AGT,TG,ATG,1,901,501,501,S/M,missense_variant,133M,CTGAAATCCACCAAGCCTTTGAAACAATGTTCCAGGAATCCATGATCTCAGACGAAGTGGAAAAGGAGCTGGGGAAACAAGGCGTCCGTGGGGCTGTGAGTACCTTGCTGCAGGCCCCAGAGCTGCCCACCAA,42G0T89,2,2,mnv
1461,GT,AGT,TG,ATG,1,901,501,501,S/M,missense_variant,133M,TGAAATCCACCAAGCCTTTGAAACAATGTTCCAGGAATCCATGATCTCAGACGAAGTGGAAAAGGAGCTGGGGAAACAAGGCGTCCGTGGGGCTGTGAGTACCTTGCTGCAGGCCCCAGAGCTGCCCACCAAG,41G0T90,2,2,mnv
1461,AT,ATC,GA,GAC,0,901,502,502,I/D,missense_variant,133M,TGAAATCCACCAAGCCTTTGAAACAATGTTCCAGGAATCCAGTGACTCAGACGAAGTGGAAAAGGAGCTGGGGAAACAAGGCGTCCGTGGGGCTGTGAGTACCTTGCTGCAGGCCCCAGAGCTGCCCACCAAG,43A0T88,2,1,mnv
1459,TC,ATC,AG,AAG,1,901,502,502,I/K,missense_variant,133M,GCTGAAATCCACCAAGCCTTTGAAACAATGTTCCAGGAATCCAGTAAGTCAGACGAAGTGGAAAAGGAGCTGGGGAAACAAGGCGTCCGTGGGGCTGTGAGTACCTTGCTGCAGGCCCCAGAGCTGCCCACCA,46T0C85,2,1,mnv
1461,TCA,TCA,AAC,AAC,0,901,503,503,S/N,missense_variant,133M,TGAAATCCACCAAGCCTTTGAAACAATGTTCCAGGAATCCAGTATCAACGACGAAGTGGAAAAGGAGCTGGGGAAACAAGGCGTCCGTGGGGCTGTGAGTACCTTGCTGCAGGCCCCAGAGCTGCCCACCAAG,46T0C0A84,3,1,mnv
1461,TCA,TCA,GCC,GCC,0,901,503,503,S/A,missense_variant,133M,TGAAATCCACCAAGCCTTTGAAACAATGTTCCAGGAATCCAGTATCGCCGACGAAGTGGAAAAGGAGCTGGGGAAACAAGGCGTCCGTGGGGCTGTGAGTACCTTGCTGCAGGCCCCAGAGCTGCCCACCAAG,46T1A84,2,1,mnv
1461,TCA,TCA,GGC,GGC,0,901,503,503,S/G,missense_variant,133M,TGAAATCCACCAAGCCTTTGAAACAATGTTCCAGGAATCCAGTATCGGCGACGAAGTGGAAAAGGAGCTGGGGAAACAAGGCGTCCGTGGGGCTGTGAGTACCTTGCTGCAGGCCCCAGAGCTGCCCACCAAG,46T0C0A84,3,1,mnv
1460,TCA,TCA,GTG,GTG,0,901,503,503,S/V,missense_variant,133M,CTGAAATCCACCAAGCCTTTGAAACAATGTTCCAGGAATCCAGTATCGTGGACGAAGTGGAAAAGGAGCTGGGGAAACAAGGCGTCCGTGGGGCTGTGAGTACCTTGCTGCAGGCCCCAGAGCTGCCCACCAA,47T0C0A83,3,1,mnv
1461,CA,TCA,GC,TGC,1,901,503,503,S/C,missense_variant,133M,TGAAATCCACCAAGCCTTTGAAACAATGTTCCAGGAATCCAGTATCTGCGACGAAGTGGAAAAGGAGCTGGGGAAACAAGGCGTCCGTGGGGCTGTGAGTACCTTGCTGCAGGCCCCAGAGCTGCCCACCAAG,47C0A84,2,1,mnv
1461,CA,TCA,TC,TTC,1,901,503,503,S/F,missense_variant,133M,TGAAATCCACCAAGCCTTTGAAACAATGTTCCAGGAATCCAGTATCTTCGACGAAGTGGAAAAGGAGCTGGGGAAACAAGGCGTCCGTGGGGCTGTGAGTACCTTGCTGCAGGCCCCAGAGCTGCCCACCAAG,47C0A84,2,1,mnv
1460,GA,GAC,AG,AGC,0,901,504,504,D/S,missense_variant,133M,CTGAAATCCACCAAGCCTTTGAAACAATGTTCCAGGAATCCAGTATCTCAAGCGAAGTGGAAAAGGAGCTGGGGAAACAAGGCGTCCGTGGGGCTGTGAGTACCTTGCTGCAGGCCCCAGAGCTGCCCACCAA,50G0A81,2,1,mnv
1460,GA,GAC,CC,CCC,0,901,504,504,D/P,missense_variant,133M,CTGAAATCCACCAAGCCTTTGAAACAATGTTCCAGGAATCCAGTATCTCACCCGAAGTGGAAAAGGAGCTGGGGAAACAAGGCGTCCGTGGGGCTGTGAGTACCTTGCTGCAGGCCCCAGAGCTGCCCACCAA,50G0A81,2,1,mnv
1460,GAC,GAC,AAG,AAG,0,901,504,504,D/K,missense_variant,133M,CTGAAATCCACCAAGCCTTTGAAACAATGTTCCAGGAATCCAGTATCTCAAAGGAAGTGGAAAAGGAGCTGGGGAAACAAGGCGTCCGTGGGGCTGTGAGTACCTTGCTGCAGGCCCCAGAGCTGCCCACCAA,50G1C80,2,1,mnv
1460,GAA,GAA,AAG,AAG,0,901,505,505,E/K,missense_variant,133M,CTGAAATCCACCAAGCCTTTGAAACAATGTTCCAGGAATCCAGTATCTCAGACAAGGTGGAAAAGGAGCTGGGGAAACAAGGCGTCCGTGGGGCTGTGAGTACCTTGCTGCAGGCCCCAGAGCTGCCCACCAA,53G1A77,2,2,mnv
1461,GAA,GAA,AAG,AAG,0,901,505,505,E/K,missense_variant,133M,TGAAATCCACCAAGCCTTTGAAACAATGTTCCAGGAATCCAGTATCTCAGACAAGGTGGAAAAGGAGCTGGGGAAACAAGGCGTCCGTGGGGCTGTGAGTACCTTGCTGCAGGCCCCAGAGCTGCCCACCAAG,52G1A78,2,2,mnv
1460,GAA,GAA,AGC,AGC,0,901,505,505,E/S,missense_variant,133M,CTGAAATCCACCAAGCCTTTGAAACAATGTTCCAGGAATCCAGTATCTCAGACAGCGTGGAAAAGGAGCTGGGGAAACAAGGCGTCCGTGGGGCTGTGAGTACCTTGCTGCAGGCCCCAGAGCTGCCCACCAA,53G0A0A77,3,1,mnv
1461,GAA,GAA,TGG,TGG,0,901,505,505,E/W,missense_variant,133M,TGAAATCCACCAAGCCTTTGAAACAATGTTCCAGGAATCCAGTATCTCAGACTGGGTGGAAAAGGAGCTGGGGAAACAAGGCGTCCGTGGGGCTGTGAGTACCTTGCTGCAGGCCCCAGAGCTGCCCACCAAG,52G0A0A78,3,1,mnv
1461,GT,GTG,AA,AAG,0,901,506,506,V/K,missense_variant,133M,TGAAATCCACCAAGCCTTTGAAACAATGTTCCAGGAATCCAGTATCTCAGACGAAAAGGAAAAGGAGCTGGGGAAACAAGGCGTCCGTGGGGCTGTGAGTACCTTGCTGCAGGCCCCAGAGCTGCCCACCAAG,55G0T76,2,1,mnv
1461,GT,GTG,CA,CAG,0,901,506,506,V/Q,missense_variant,133M,TGAAATCCACCAAGCCTTTGAAACAATGTTCCAGGAATCCAGTATCTCAGACGAACAGGAAAAGGAGCTGGGGAAACAAGGCGTCCGTGGGGCTGTGAGTACCTTGCTGCAGGCCCCAGAGCTGCCCACCAAG,55G0T76,2,1,mnv
1460,GTG,GTG,TTC,TTC,0,901,506,506,V/F,missense_variant,133M,CTGAAATCCACCAAGCCTTTGAAACAATGTTCCAGGAATCCAGTATCTCAGACGAATTCGAAAAGGAGCTGGGGAAACAAGGCGTCCGTGGGGCTGTGAGTACCTTGCTGCAGGCCCCAGAGCTGCCCACCAA,56G1G74,2,1,mnv
1461,GAA,GAA,CAC,CAC,0,901,507,507,E/H,missense_variant,133M,TGAAATCCACCAAGCCTTTGAAACAATGTTCCAGGAATCCAGTATCTCAGACGAAGTGCACAAGGAGCTGGGGAAACAAGGCGTCCGTGGGGCTGTGAGTACCTTGCTGCAGGCCCCAGAGCTGCCCACCAAG,58G1A72,2,1,mnv
1461,GAA,GAA,CAG,CAG,0,901,507,507,E/Q,missense_variant,133M,TGAAATCCACCAAGCCTTTGAAACAATGTTCCAGGAATCCAGTATCTCAGACGAAGTGCAGAAGGAGCTGGGGAAACAAGGCGTCCGTGGGGCTGTGAGTACCTTGCTGCAGGCCCCAGAGCTGCCCACCAAG,58G1A72,2,2,mnv
1446,GAA,GAA,CAG,CAG,0,901,507,507,E/Q,missense_variant,133M,CCGGCCCTCCTTTGCTGAAATCCACCAAGCCTTTGAAACAATGTTCCAGGAATCCAGTATCTCAGACGAAGTGCAGAAGGAGCTGGGGAAACAAGGCGTCCGTGGGGCTGTGAGTACCTTGCTGCAGGCCCCA,73G1A57,2,2,mnv
1461,GAA,GAA,CCC,CCC,0,901,507,507,E/P,missense_variant,133M,TGAAATCCACCAAGCCTTTGAAACAATGTTCCAGGAATCCAGTATCTCAGACGAAGTGCCCAAGGAGCTGGGGAAACAAGGCGTCCGTGGGGCTGTGAGTACCTTGCTGCAGGCCCCAGAGCTGCCCACCAAG,58G0A0A72,3,1,mnv
1461,GAA,GAA,TGC,TGC,0,901,507,507,E/C,missense_variant,133M,TGAAATCCACCAAGCCTTTGAAACAATGTTCCAGGAATCCAGTATCTCAGACGAAGTGTGCAAGGAGCTGGGGAAACAAGGCGTCCGTGGGGCTGTGAGTACCTTGCTGCAGGCCCCAGAGCTGCCCACCAAG,58G0A0A72,3,1,mnv
1461,AA,AAG,GT,GTG,0,901,508,508,K/V,missense_variant,133M,TGAAATCCACCAAGCCTTTGAAACAATGTTCCAGGAATCCAGTATCTCAGACGAAGTGGAAGTGGAGCTGGGGAAACAAGGCGTCCGTGGGGCTGTGAGTACCTTGCTGCAGGCCCCAGAGCTGCCCACCAAG,61A0A70,2,1,mnv
1461,AG,AAG,TC,ATC,1,901,508,508,K/I,missense_variant,133M,TGAAATCCACCAAGCCTTTGAAACAATGTTCCAGGAATCCAGTATCTCAGACGAAGTGGAAATCGAGCTGGGGAAACAAGGCGTCCGTGGGGCTGTGAGTACCTTGCTGCAGGCCCCAGAGCTGCCCACCAAG,62A0G69,2,1,mnv
1461,GA,GAG,TG,TGG,0,901,509,509,E/W,missense_variant,133M,TGAAATCCACCAAGCCTTTGAAACAATGTTCCAGGAATCCAGTATCTCAGACGAAGTGGAAAAGTGGCTGGGGAAACAAGGCGTCCGTGGGGCTGTGAGTACCTTGCTGCAGGCCCCAGAGCTGCCCACCAAG,64G0A67,2,2,mnv
1460,GA,GAG,TG,TGG,0,901,509,509,E/W,missense_variant,133M,CTGAAATCCACCAAGCCTTTGAAACAATGTTCCAGGAATCCAGTATCTCAGACGAAGTGGAAAAGTGGCTGGGGAAACAAGGCGTCCGTGGGGCTGTGAGTACCTTGCTGCAGGCCCCAGAGCTGCCCACCAA,65G0A66,2,2,mnv
1461,GAG,GAG,CCC,CCC,0,901,509,509,E/P,missense_variant,133M,TGAAATCCACCAAGCCTTTGAAACAATGTTCCAGGAATCCAGTATCTCAGACGAAGTGGAAAAGCCCCTGGGGAAACAAGGCGTCCGTGGGGCTGTGAGTACCTTGCTGCAGGCCCCAGAGCTGCCCACCAAG,64G0A0G66,3,2,mnv
1461,GAG,GAG,CCC,CCC,0,901,509,509,E/P,missense_variant,133M,TGAAATCCACCAAGCCTTTGAAACAATGTTCCAGGAATCCAGTATCTCAGACGAAGTGGAAAAGCCCCTGGGGAAACAAGGCGTCCGTGGGGCTGTGAGTACCTTGCTGCAGGCCCCAGAGCTGCCCACCAAG,64G0A0G66,3,2,mnv
1460,GAG,GAG,TTC,TTC,0,901,509,509,E/F,missense_variant,133M,CTGAAATCCACCAAGCCTTTGAAACAATGTTCCAGGAATCCAGTATCTCAGACGAAGTGGAAAAGTTCCTGGGGAAACAAGGCGTCCGTGGGGCTGTGAGTACCTTGCTGCAGGCCCCAGAGCTGCCCACCAA,65G0A0G65,3,2,mnv
1455,GAG,GAG,TTC,TTC,0,901,509,509,E/F,missense_variant,133M,CTTTGCTGAAATCCACCAAGCCTTTGAAACAATGTTCCAGGAATCCAGTATCTCAGACGAAGTGGAAAAGTTCCTGGGGAAACAAGGCGTCCGTGGGGCTGTGAGTACCTTGCTGCAGGCCCCAGAGCTGCCC,70G0A0G60,3,2,mnv
1460,CT,CTG,TG,TGG,0,955,510,510,L/W,missense_variant,133M,CTGAAATCCACCAAGCCTTTGAAACAATGTTCCAGGAATCCAGTATCTCAGACGAAGTGGAAAAGGAGTGGGGGAAACAAGGCGTCCGTGGGGCTGTGAGTACCTTGCTGCAGGCCCCAGAGCTGCCCACCAA,68C0T63,2,1,mnv
1461,CTG,CTG,AGA,AGA,0,955,510,510,L/R,missense_variant,133M,TGAAATCCACCAAGCCTTTGAAACAATGTTCCAGGAATCCAGTATCTCAGACGAAGTGGAAAAGGAGAGAGGGAAACAAGGCGTCCGTGGGGCTGTGAGTACCTTGCTGCAGGCCCCAGAGCTGCCCACCAAG,67C0T0G63,3,1,mnv
1460,CTG,CTG,ATC,ATC,0,955,510,510,L/I,missense_variant,133M,CTGAAATCCACCAAGCCTTTGAAACAATGTTCCAGGAATCCAGTATCTCAGACGAAGTGGAAAAGGAGATCGGGAAACAAGGCGTCCGTGGGGCTGTGAGTACCTTGCTGCAGGCCCCAGAGCTGCCCACCAA,68C1G62,2,3,mnv
1461,CTG,CTG,ATC,ATC,0,955,510,510,L/I,missense_variant,133M,TGAAATCCACCAAGCCTTTGAAACAATGTTCCAGGAATCCAGTATCTCAGACGAAGTGGAAAAGGAGATCGGGAAACAAGGCGTCCGTGGGGCTGTGAGTACCTTGCTGCAGGCCCCAGAGCTGCCCACCAAG,67C1G63,2,3,mnv
1461,CTG,CTG,ATC,ATC,0,955,510,510,L/I,missense_variant,133M,TGAAATCCACCAAGCCTTTGAAACAATGTTCCAGGAATCCAGTATCTCAGACGAAGTGGAAAAGGAGATCGGGAAACAAGGCGTCCGTGGGGCTGTGAGTACCTTGCTGCAGGCCCCAGAGCTGCCCACCAAG,67C1G63,2,3,mnv
1461,CTG,CTG,GAC,GAC,0,955,510,510,L/D,missense_variant,133M,TGAAATCCACCAAGCCTTTGAAACAATGTTCCAGGAATCCAGTATCTCAGACGAAGTGGAAAAGGAGGACGGGAAACAAGGCGTCCGTGGGGCTGTGAGTACCTTGCTGCAGGCCCCAGAGCTGCCCACCAAG,67C0T0G63,3,1,mnv
1461,CTG,CTG,GGC,GGC,0,955,510,510,L/G,missense_variant,133M,TGAAATCCACCAAGCCTTTGAAACAATGTTCCAGGAATCCAGTATCTCAGACGAAGTGGAAAAGGAGGGCGGGAAACAAGGCGTCCGTGGGGCTGTGAGTACCTTGCTGCAGGCCCCAGAGCTGCCCACCAAG,67C0T0G63,3,1,mnv
1460,CTG,CTG,TTC,TTC,0,955,510,510,L/F,missense_variant,133M,CTGAAATCCACCAAGCCTTTGAAACAATGTTCCAGGAATCCAGTATCTCAGACGAAGTGGAAAAGGAGTTCGGGAAACAAGGCGTCCGTGGGGCTGTGAGTACCTTGCTGCAGGCCCCAGAGCTGCCCACCAA,68C1G62,2,1,mnv
1460,GGG,GGG,TTC,TTC,0,901,511,511,G/F,missense_variant,133M,CTGAAATCCACCAAGCCTTTGAAACAATGTTCCAGGAATCCAGTATCTCAGACGAAGTGGAAAAGGAGCTGTTCAAACAAGGCGTCCGTGGGGCTGTGAGTACCTTGCTGCAGGCCCCAGAGCTGCCCACCAA,71G0G0G59,3,1,mnv
1461,GG,GGG,AC,GAC,1,901,511,511,G/D,missense_variant,133M,TGAAATCCACCAAGCCTTTGAAACAATGTTCCAGGAATCCAGTATCTCAGACGAAGTGGAAAAGGAGCTGGACAAACAAGGCGTCCGTGGGGCTGTGAGTACCTTGCTGCAGGCCCCAGAGCTGCCCACCAAG,71G0G60,2,1,mnv
1460,AA,AAA,CC,ACC,1,658,512,512,K/T,missense_variant,133M,CTGAAATCCACCAAGCCTTTGAAACAATGTTCCAGGAATCCAGTATCTCAGACGAAGTGGAAAAGGAGCTGGGGACCCAAGGCGTCCGTGGGGCTGTGAGTACCTTGCTGCAGGCCCCAGAGCTGCCCACCAA,75A0A56,2,1,mnv
