contig	start	end	sample	variation_type	ref	alt	alt_depth	depth	no_calls	subtype	context	id	filter	qual	SVTYPE	SVLEN
CCDS35166.1	762	763	Sample_7.1	snv	G	A	83	15775	121	G>A	GGA	.		93		
CCDS35166.1	762	764	Sample_7.1	mnv	GA	CT	31	15775	121	.	GGA	.		93		
CCDS35166.1	762	764	Sample_7.1	mnv	GA	AT	11	15775	121	.	GGA	.		93		
CCDS35166.1	762	765	Sample_7.1	mnv	GAG	ACC	8	15775	121	.	GGA	.		93		
CCDS35166.1	762	764	Sample_7.1	mnv	GA	TG	8	15775	121	.	GGA	.		93		
CCDS35166.1	762	765	Sample_7.1	mnv	GAG	ATC	7	15775	121	.	GGA	.		93		
CCDS35166.1	762	765	Sample_7.1	mnv	GAG	AAC	6	15775	121	.	GGA	.		93		
CCDS35166.1	762	763	Sample_7.1	snv	G	C	3	15775	121	G>C	GGA	.	NM8.0	93		
CCDS35166.1	762	765	Sample_7.1	mnv	GAG	AGC	1	15775	121	.	GGA	.	v2	2		
CCDS35166.1	762	765	Sample_7.1	mnv	GAG	TAC	1	15775	121	.	GGA	.	v2	2		
CCDS35166.1	762	765	Sample_7.1	mnv	GAG	TTC	1	15775	121	.	GGA	.	v2	2		
CCDS35166.1	764	765	Sample_7.1	snv	G	A	5	15829	207	G>A	AGG	.		93		
CCDS35166.1	764	765	Sample_7.1	snv	G	T	3	15829	207	G>T	AGG	.		93		
CCDS35166.1	767	768	Sample_7.1	snv	G	T	12	16219	267	G>T	TGT	.		93		
CCDS35166.1	767	768	Sample_7.1	snv	G	A	1	16219	267	G>A	TGT	.	v2	2		
CCDS35166.1	769	771	Sample_7.1	mnv	AC	GG	1	16452	241	.	TAC	.	v2	2		
CCDS35166.1	771	774	Sample_7.1	mnv	GAG	TAC	22	16595	140	.	CGA	.		93		
CCDS35166.1	771	774	Sample_7.1	mnv	GAG	ACC	17	16595	140	.	CGA	.		93		
CCDS35166.1	771	772	Sample_7.1	snv	G	A	13	16595	140	G>A	CGA	.		93		
CCDS35166.1	771	773	Sample_7.1	mnv	GA	CT	11	16595	140	.	CGA	.		93		
CCDS35166.1	771	774	Sample_7.1	mnv	GAG	TTC	8	16595	140	.	CGA	.		93		
CCDS35166.1	771	772	Sample_7.1	snv	G	C	7	16595	140	G>C	CGA	.		93		
CCDS35166.1	771	773	Sample_7.1	mnv	GA	AT	4	16595	140	.	CGA	.		93		
CCDS35166.1	771	773	Sample_7.1	mnv	GA	TG	4	16595	140	.	CGA	.		93		
CCDS35166.1	771	774	Sample_7.1	mnv	GAG	TGC	4	16595	140	.	CGA	.		93		
CCDS35166.1	771	774	Sample_7.1	mnv	GAG	ATC	1	16595	140	.	CGA	.	v2	2		
CCDS35166.1	773	774	Sample_7.1	snv	G	A	6	16663	264	G>A	AGG	.		93		
CCDS35166.1	776	777	Sample_7.1	snv	C	T	19	17126	357	C>T	GCG	.		93		
CCDS35166.1	777	780	Sample_7.1	mnv	GTG	TAC	30	17235	562	.	CGT	.		93		
CCDS35166.1	777	779	Sample_7.1	mnv	GT	CA	15	17235	562	.	CGT	.		93		
CCDS35166.1	777	780	Sample_7.1	mnv	GTG	AGA	10	17235	562	.	CGT	.		93		
CCDS35166.1	777	778	Sample_7.1	snv	G	C	8	17235	562	G>C	CGT	.		93		
CCDS35166.1	777	780	Sample_7.1	mnv	GTG	ATC	6	17235	562	.	CGT	.		93		
CCDS35166.1	777	778	Sample_7.1	snv	G	A	3	17235	562	G>A	CGT	.		93		
CCDS35166.1	777	779	Sample_7.1	mnv	GT	AA	1	17235	562	.	CGT	.	v2	2		
CCDS35166.1	777	779	Sample_7.1	mnv	GT	TG	1	17235	562	.	CGT	.	v2	2		
CCDS35166.1	777	780	Sample_7.1	mnv	GTG	TGC	1	17235	562	.	CGT	.	v2	2		
CCDS35166.1	780	783	Sample_7.1	mnv	TGG	ATC	1	17451	250	.	GTG	.	v2	2		
CCDS35166.1	782	783	Sample_7.1	snv	G	A	1	17605	110	G>A	GGA	.	v2	2		
CCDS35166.1	783	785	Sample_7.1	mnv	AA	TG	7	17743	186	.	GAA	.		93		
CCDS35166.1	783	786	Sample_7.1	mnv	AAG	CAC	4	17743	186	.	GAA	.		93		
CCDS35166.1	783	784	Sample_7.1	snv	A	G	1	17743	186	A>G	GAA	.	v2	2		
CCDS35166.1	784	786	Sample_7.1	mnv	AG	GC	5	17811	412	.	AAG	.		93		
CCDS35166.1	784	785	Sample_7.1	snv	A	T	2	17811	412	A>T	AAG	.		90		
CCDS35166.1	785	786	Sample_7.1	snv	G	A	80	17835	155	G>A	AGA	.		93		
CCDS35166.1	786	791	Sample_7.1	mnv	AAATA	CAGTG	8	17907	142	.	GAA	.		93		
CCDS35166.1	786	789	Sample_7.1	mnv	AAA	GAG	8	17907	142	.	GAA	.		93		
CCDS35166.1	786	787	Sample_7.1	snv	A	C	1	17907	142	A>C	GAA	.	v2	2		
CCDS35166.1	787	788	Sample_7.1	snv	A	G	10	17994	244	A>G	AAA	.		93		
CCDS35166.1	787	789	Sample_7.1	mnv	AA	CC	2	17994	244	.	AAA	.		90		
CCDS35166.1	789	792	Sample_7.1	mnv	TAC	CAG	26	18154	221	.	ATA	.		93		
CCDS35166.1	789	792	Sample_7.1	mnv	TAC	GCT	13	18154	221	.	ATA	.		93		
CCDS35166.1	789	792	Sample_7.1	mnv	TAC	GAT	5	18154	221	.	ATA	.		93		
CCDS35166.1	789	791	Sample_7.1	mnv	TA	AC	2	18154	221	.	ATA	.		90		
CCDS35166.1	789	792	Sample_7.1	mnv	TAC	CTG	2	18154	221	.	ATA	.		90		
CCDS35166.1	789	792	Sample_7.1	mnv	TAC	AGA	1	18154	221	.	ATA	.	v2	2		
CCDS35166.1	789	791	Sample_7.1	mnv	TA	GC	1	18154	221	.	ATA	.	v2	2		
CCDS35166.1	790	792	Sample_7.1	mnv	AC	GA	1	18173	320	.	TAC	.	v2	2		
CCDS35166.1	790	791	Sample_7.1	snv	A	T	1	18173	320	A>T	TAC	.	v2	2		
CCDS35166.1	792	795	Sample_7.1	mnv	AGC	CTG	149	18279	539	.	CAG	.		93		
CCDS35166.1	792	794	Sample_7.1	mnv	AG	TT	5	18279	539	.	CAG	.		93		
CCDS35166.1	792	794	Sample_7.1	mnv	AG	CT	2	18279	539	.	CAG	.	NM8.0	90		
CCDS35166.1	792	793	Sample_7.1	snv	A	T	2	18279	539	A>T	CAG	.		90		
CCDS35166.1	792	793	Sample_7.1	snv	A	C	1	18279	539	A>C	CAG	.	v2	2		
CCDS35166.1	792	794	Sample_7.1	mnv	AG	GA	1	18279	539	.	CAG	.	v2	2		
CCDS35166.1	792	795	Sample_7.1	mnv	AGC	GAG	1	18279	539	.	CAG	.	v2	2		
CCDS35166.1	792	795	Sample_7.1	mnv	AGC	GCT	1	18279	539	.	CAG	.	v2	2		
CCDS35166.1	792	795	Sample_7.1	mnv	AGC	TGG	1	18279	539	.	CAG	.	v2	2		
CCDS35166.1	793	794	Sample_7.1	snv	G	A	8	18274	389	G>A	AGC	.		93		
CCDS35166.1	794	795	Sample_7.1	snv	C	T	28	18481	423	C>T	GCC	.		93		
CCDS35166.1	794	795	Sample_7.1	snv	C	A	3	18481	423	C>A	GCC	.		93		
CCDS35166.1	795	798	Sample_7.1	mnv	CTG	AGA	13	18684	87	.	CCT	.		93		
CCDS35166.1	795	798	Sample_7.1	mnv	CTG	ATC	12	18684	87	.	CCT	.		93		
CCDS35166.1	795	798	Sample_7.1	mnv	CTG	TGC	5	18684	87	.	CCT	.		93		
CCDS35166.1	795	796	Sample_7.1	snv	C	A	3	18684	87	C>A	CCT	.		93		
CCDS35166.1	795	796	Sample_7.1	snv	C	G	3	18684	87	C>G	CCT	.		93		
CCDS35166.1	796	797	Sample_7.1	snv	T	A	6	18789	297	T>A	CTG	.		93		
CCDS35166.1	798	800	Sample_7.1	mnv	AC	CA	82	18925	243	.	GAC	.		93		
CCDS35166.1	798	801	Sample_7.1	mnv	ACG	GCT	18	18925	243	.	GAC	.		93		
CCDS35166.1	798	801	Sample_7.1	mnv	ACG	CCT	6	18925	243	.	GAC	.		93		
CCDS35166.1	798	801	Sample_7.1	mnv	ACG	GGT	3	18925	243	.	GAC	.		93		
CCDS35166.1	798	801	Sample_7.1	mnv	ACG	TGC	3	18925	243	.	GAC	.		93		
CCDS35166.1	798	799	Sample_7.1	snv	A	C	2	18925	243	A>C	GAC	.		90		
CCDS35166.1	798	799	Sample_7.1	snv	A	G	2	18925	243	A>G	GAC	.		90		
CCDS35166.1	798	801	Sample_7.1	mnv	ACG	CAC	1	18925	243	.	GAC	.	v2	2		
CCDS35166.1	799	801	Sample_7.1	mnv	CG	TC	116	18897	535	.	ACG	.		93		
CCDS35166.1	799	800	Sample_7.1	snv	C	T	8	18897	535	C>T	ACG	.		93		
CCDS35166.1	800	801	Sample_7.1	snv	G	A	4	18742	428	G>A	CGG	.		93		
CCDS35166.1	801	804	Sample_7.1	mnv	GTG	TGC	17	18798	268	.	GGT	.		93		
CCDS35166.1	801	804	Sample_7.1	mnv	GTG	ATC	7	18798	268	.	GGT	.		93		
CCDS35166.1	801	803	Sample_7.1	mnv	GT	TG	2	18798	268	.	GGT	.		90		
CCDS35166.1	803	804	Sample_7.1	snv	G	A	27	18673	185	G>A	TGG	.		93		
CCDS35166.1	806	807	Sample_7.1	snv	C	T	11	18651	185	C>T	CCG	.		93		
CCDS35166.1	807	810	Sample_7.1	mnv	GTG	ATC	5	18733	897	.	CGT	.		93		
CCDS35166.1	807	808	Sample_7.1	snv	G	A	1	18733	897	G>A	CGT	.	v2	2		
CCDS35166.1	809	810	Sample_7.1	snv	G	A	8	18643	214	G>A	TGA	.		93		
CCDS35166.1	810	813	Sample_7.1	mnv	AAG	TTC	1	18590	251	.	GAA	.	v2	2		
CCDS35166.1	812	813	Sample_7.1	snv	G	A	52	18562	79	G>A	AGA	.		93		
CCDS35166.1	816	818	Sample_7.1	mnv	TT	CA	32	18385	505	.	CTT	.		93		
CCDS35166.1	816	817	Sample_7.1	snv	T	A	31	18385	505	T>A	CTT	.		93		
CCDS35166.1	816	817	Sample_7.1	snv	T	G	11	18385	505	T>G	CTT	.		93		
CCDS35166.1	816	819	Sample_7.1	mnv	TTG	CCT	6	18385	505	.	CTT	.		93		
CCDS35166.1	816	819	Sample_7.1	mnv	TTG	AAC	2	18385	505	.	CTT	.		90		
CCDS35166.1	816	817	Sample_7.1	snv	T	C	2	18385	505	T>C	CTT	.		90		
CCDS35166.1	816	819	Sample_7.1	mnv	TTG	AGC	1	18385	505	.	CTT	.	v2	2		
CCDS35166.1	816	819	Sample_7.1	mnv	TTG	ATC	1	18385	505	.	CTT	.	v2	2		
CCDS35166.1	817	819	Sample_7.1	mnv	TG	AC	32	18358	517	.	TTG	.		93		
CCDS35166.1	818	819	Sample_7.1	snv	G	A	15	18316	224	G>A	TGA	.		93		
CCDS35166.1	820	822	Sample_7.1	mnv	AG	GA	6	18376	259	.	AAG	.		93		
CCDS35166.1	822	825	Sample_7.1	mnv	GAG	AGA	36	18195	87	.	GGA	.		93		
CCDS35166.1	822	823	Sample_7.1	snv	G	A	24	18195	87	G>A	GGA	.		93		
CCDS35166.1	822	825	Sample_7.1	mnv	GAG	TTC	18	18195	87	.	GGA	.		93		
CCDS35166.1	822	825	Sample_7.1	mnv	GAG	AGC	12	18195	87	.	GGA	.		93		
CCDS35166.1	822	823	Sample_7.1	snv	G	C	1	18195	87	G>C	GGA	.	v2	2		
CCDS35166.1	823	825	Sample_7.1	mnv	AG	CT	1	18144	242	.	GAG	.	v2	2		
CCDS35166.1	824	825	Sample_7.1	snv	G	T	8	18137	240	G>T	AGG	.		93		
CCDS35166.1	825	826	Sample_7.1	snv	G	T	30	18109	117	G>T	GGA	.		93		
CCDS35166.1	825	826	Sample_7.1	snv	G	C	19	18109	117	G>C	GGA	.		93		
CCDS35166.1	825	828	Sample_7.1	mnv	GAC	AAG	7	18109	117	.	GGA	.		93		
CCDS35166.1	825	828	Sample_7.1	mnv	GAC	AGA	5	18109	117	.	GGA	.		93		
CCDS35166.1	825	827	Sample_7.1	mnv	GA	AG	2	18109	117	.	GGA	.		90		
CCDS35166.1	826	827	Sample_7.1	snv	A	G	2	18017	163	A>G	GAC	.		90		
CCDS35166.1	826	828	Sample_7.1	mnv	AC	GT	2	18017	163	.	GAC	.		90		
CCDS35166.1	826	828	Sample_7.1	mnv	AC	CT	1	18017	163	.	GAC	.	v2	2		
CCDS35166.1	827	828	Sample_7.1	snv	C	G	8	17942	169	C>G	ACA	.		93		
CCDS35166.1	827	828	Sample_7.1	snv	C	T	6	17942	169	C>T	ACA	.		93		
CCDS35166.1	827	831	Sample_7.1	mnv	CACC	TATG	1	17942	169	.	ACA	.	v2	2		
CCDS35166.1	828	831	Sample_7.1	mnv	ACC	GGT	15	17785	252	.	CAC	.		93		
CCDS35166.1	828	830	Sample_7.1	mnv	AC	TG	14	17785	252	.	CAC	.		93		
CCDS35166.1	828	831	Sample_7.1	mnv	ACC	GAT	7	17785	252	.	CAC	.		93		
CCDS35166.1	828	830	Sample_7.1	mnv	AC	CA	4	17785	252	.	CAC	.		93		
CCDS35166.1	828	829	Sample_7.1	snv	A	T	2	17785	252	A>T	CAC	.		90		
CCDS35166.1	828	830	Sample_7.1	mnv	AC	TA	2	17785	252	.	CAC	.		90		
CCDS35166.1	828	830	Sample_7.1	mnv	AC	TT	1	17785	252	.	CAC	.	v2	2		
CCDS35166.1	829	831	Sample_7.1	mnv	CC	AG	1	17683	332	.	ACC	.	v2	2		
CCDS35166.1	831	834	Sample_7.1	mnv	ATG	TAC	36	17701	252	.	CAT	.		93		
CCDS35166.1	831	834	Sample_7.1	mnv	ATG	GAT	10	17701	252	.	CAT	.		93		
CCDS35166.1	831	834	Sample_7.1	mnv	ATG	GGT	9	17701	252	.	CAT	.		93		
CCDS35166.1	831	833	Sample_7.1	mnv	AT	TA	2	17701	252	.	CAT	.		90		
CCDS35166.1	831	834	Sample_7.1	mnv	ATG	TTC	2	17701	252	.	CAT	.		90		
CCDS35166.1	831	832	Sample_7.1	snv	A	G	1	17701	252	A>G	CAT	.	NM8.0,v2	2		
CCDS35166.1	831	833	Sample_7.1	mnv	AT	GA	1	17701	252	.	CAT	.	v2	2		
CCDS35166.1	832	834	Sample_7.1	mnv	TG	CC	1	17682	445	.	ATG	.	v2	2		
CCDS35166.1	834	837	Sample_7.1	mnv	GAG	TAC	66	17571	145	.	GGA	.		93		
CCDS35166.1	834	835	Sample_7.1	snv	G	A	15	17571	145	G>A	GGA	.		93		
CCDS35166.1	834	837	Sample_7.1	mnv	GAG	TTC	10	17571	145	.	GGA	.		93		
CCDS35166.1	834	836	Sample_7.1	mnv	GA	TG	9	17571	145	.	GGA	.		93		
CCDS35166.1	834	837	Sample_7.1	mnv	GAG	CAC	7	17571	145	.	GGA	.		93		
CCDS35166.1	834	835	Sample_7.1	snv	G	T	1	17571	145	G>T	GGA	.	v2	2		
CCDS35166.1	835	837	Sample_7.1	mnv	AG	GT	1	17554	363	.	GAG	.	v2	2		
CCDS35166.1	837	840	Sample_7.1	mnv	GTG	TGC	22	17599	193	.	GGT	.		93		
CCDS35166.1	837	839	Sample_7.1	mnv	GT	CA	5	17599	193	.	GGT	.		93		
CCDS35166.1	837	840	Sample_7.1	mnv	GTG	CCT	5	17599	193	.	GGT	.		93		
CCDS35166.1	837	839	Sample_7.1	mnv	GT	TG	5	17599	193	.	GGT	.		93		
CCDS35166.1	837	840	Sample_7.1	mnv	GTG	ACC	3	17599	193	.	GGT	.		93		
CCDS35166.1	837	840	Sample_7.1	mnv	GTG	ATC	1	17599	193	.	GGT	.	v2	2		
CCDS35166.1	837	840	Sample_7.1	mnv	GTG	CAC	1	17599	193	.	GGT	.	v2	2		
CCDS35166.1	838	840	Sample_7.1	mnv	TG	GT	22	17583	211	.	GTG	.		93		
CCDS35166.1	839	840	Sample_7.1	snv	G	A	72	17603	176	G>A	TGG	.		93		
CCDS35166.1	840	843	Sample_7.1	mnv	GAA	CTG	36	17669	135	.	GGA	.		93		
CCDS35166.1	840	842	Sample_7.1	mnv	GA	AG	26	17669	135	.	GGA	.		93		
CCDS35166.1	840	841	Sample_7.1	snv	G	A	20	17669	135	G>A	GGA	.		93		
CCDS35166.1	840	843	Sample_7.1	mnv	GAA	AGC	14	17669	135	.	GGA	.		93		
CCDS35166.1	840	843	Sample_7.1	mnv	GAA	CAG	9	17669	135	.	GGA	.		93		
CCDS35166.1	840	843	Sample_7.1	mnv	GAA	TTC	4	17669	135	.	GGA	.		93		
CCDS35166.1	840	842	Sample_7.1	mnv	GA	CT	2	17669	135	.	GGA	.		90		
CCDS35166.1	840	843	Sample_7.1	mnv	GAA	TGC	2	17669	135	.	GGA	.		90		
CCDS35166.1	840	843	Sample_7.1	mnv	GAA	ACC	1	17669	135	.	GGA	.	v2	2		
CCDS35166.1	842	843	Sample_7.1	snv	A	T	2	17772	303	A>T	AAG	.		90		
CCDS35166.1	843	846	Sample_7.1	mnv	GAG	TAC	10	17770	86	.	AGA	.		93		
CCDS35166.1	843	844	Sample_7.1	snv	G	C	2	17770	86	G>C	AGA	.	NM8.0	90		
CCDS35166.1	843	844	Sample_7.1	snv	G	T	1	17770	86	G>T	AGA	.	NM8.0,v2	2		
CCDS35166.1	845	846	Sample_7.1	snv	G	T	1	17779	129	G>T	AGT	.	v2	2		
CCDS35166.1	849	850	Sample_7.1	snv	T	A	2	17666	188	T>A	CTT	.		90		
CCDS35166.1	849	851	Sample_7.1	mnv	TT	AA	2	17666	188	.	CTT	.		90		
CCDS35166.1	849	852	Sample_7.1	mnv	TTG	CAC	2	17666	188	.	CTT	.		90		
CCDS35166.1	850	851	Sample_7.1	snv	T	G	7	17588	295	T>G	TTG	.		93		
CCDS35166.1	851	852	Sample_7.1	snv	G	A	63	17515	136	G>A	TGA	.		93		
CCDS35166.1	851	852	Sample_7.1	snv	G	C	7	17515	136	G>C	TGA	.		93		
CCDS35166.1	852	855	Sample_7.1	mnv	AAA	CAG	112	17585	134	.	GAA	.		93		
CCDS35166.1	852	855	Sample_7.1	mnv	AAA	GGT	17	17585	134	.	GAA	.		93		
CCDS35166.1	852	853	Sample_7.1	snv	A	C	4	17585	134	A>C	GAA	.		93		
CCDS35166.1	852	855	Sample_7.1	mnv	AAA	TGC	4	17585	134	.	GAA	.		93		
CCDS35166.1	852	855	Sample_7.1	mnv	AAA	GAG	3	17585	134	.	GAA	.		93		
CCDS35166.1	852	855	Sample_7.1	mnv	AAA	GCT	2	17585	134	.	GAA	.		90		
CCDS35166.1	852	855	Sample_7.1	mnv	AAA	TTC	1	17585	134	.	GAA	.	v2	2		
CCDS35166.1	853	855	Sample_7.1	mnv	AA	GC	43	17609	359	.	AAA	.		93		
CCDS35166.1	853	855	Sample_7.1	mnv	AA	TG	17	17609	359	.	AAA	.		93		
CCDS35166.1	853	854	Sample_7.1	snv	A	G	2	17609	359	A>G	AAA	.		90		
CCDS35166.1	853	855	Sample_7.1	mnv	AA	TC	2	17609	359	.	AAA	.		90		
CCDS35166.1	858	861	Sample_7.1	mnv	GCT	ATC	2	17527	170	.	AGC	.		90		
CCDS35166.1	858	861	Sample_7.1	mnv	GCT	AGC	1	17527	170	.	AGC	.	v2	2		
CCDS35166.1	861	864	Sample_7.1	mnv	GCA	TGC	28	17523	347	.	TGC	.		93		
CCDS35166.1	861	862	Sample_7.1	snv	G	A	6	17523	347	G>A	TGC	.		93		
CCDS35166.1	861	864	Sample_7.1	mnv	GCA	AAC	6	17523	347	.	TGC	.		93		
CCDS35166.1	861	864	Sample_7.1	mnv	GCA	CAG	3	17523	347	.	TGC	.		93		
CCDS35166.1	861	863	Sample_7.1	mnv	GC	AA	1	17523	347	.	TGC	.	v2	2		
CCDS35166.1	861	864	Sample_7.1	mnv	GCA	AAG	1	17523	347	.	TGC	.	v2	2		
CCDS35166.1	862	864	Sample_7.1	mnv	CA	AG	22	17439	396	.	GCA	.		93		
CCDS35166.1	862	864	Sample_7.1	mnv	CA	AT	4	17439	396	.	GCA	.		93		
CCDS35166.1	864	867	Sample_7.1	mnv	GTC	CTG	42	17320	118	.	AGT	.		93		
CCDS35166.1	864	865	Sample_7.1	snv	G	T	13	17320	118	G>T	AGT	.		93		
CCDS35166.1	864	866	Sample_7.1	mnv	GT	AC	12	17320	118	.	AGT	.		93		
CCDS35166.1	864	866	Sample_7.1	mnv	GT	TG	9	17320	118	.	AGT	.		93		
CCDS35166.1	864	865	Sample_7.1	snv	G	A	3	17320	118	G>A	AGT	.		93		
CCDS35166.1	864	867	Sample_7.1	mnv	GTC	ATG	2	17320	118	.	AGT	.		90		
CCDS35166.1	864	865	Sample_7.1	snv	G	C	1	17320	118	G>C	AGT	.	v2	2		
CCDS35166.1	873	876	Sample_7.1	mnv	GAG	TAC	96	17319	98	.	AGA	.		93		
CCDS35166.1	873	875	Sample_7.1	mnv	GA	CT	78	17319	98	.	AGA	.		93		
CCDS35166.1	873	874	Sample_7.1	snv	G	C	36	17319	98	G>C	AGA	.		93		
CCDS35166.1	873	876	Sample_7.1	mnv	GAG	ACC	25	17319	98	.	AGA	.		93		
CCDS35166.1	873	874	Sample_7.1	snv	G	A	19	17319	98	G>A	AGA	.		93		
CCDS35166.1	873	875	Sample_7.1	mnv	GA	AT	5	17319	98	.	AGA	.		93		
CCDS35166.1	873	876	Sample_7.1	mnv	GAG	AAC	2	17319	98	.	AGA	.		90		
CCDS35166.1	873	876	Sample_7.1	mnv	GAG	ATC	2	17319	98	.	AGA	.		90		
CCDS35166.1	873	874	Sample_7.1	snv	G	T	1	17319	98	G>T	AGA	.	v2	2		
CCDS35166.1	874	876	Sample_7.1	mnv	AG	CT	14	17286	368	.	GAG	.		93		
CCDS35166.1	874	876	Sample_7.1	mnv	AG	GT	7	17286	368	.	GAG	.		93		
CCDS35166.1	875	876	Sample_7.1	snv	G	A	18	17301	258	G>A	AGA	.		93		
CCDS35166.1	876	879	Sample_7.1	mnv	ATC	CTG	2	17413	134	.	GAT	.		90		
CCDS35166.1	878	879	Sample_7.1	snv	C	A	2	17345	128	C>A	TCA	.		90		
CCDS35166.1	878	879	Sample_7.1	snv	C	T	2	17345	128	C>T	TCA	.		90		
CCDS35166.1	879	882	Sample_7.1	mnv	AAA	GAG	64	17381	198	.	CAA	.		93		
CCDS35166.1	879	882	Sample_7.1	mnv	AAA	TGG	23	17381	198	.	CAA	.		93		
CCDS35166.1	879	882	Sample_7.1	mnv	AAA	GCT	18	17381	198	.	CAA	.		93		
CCDS35166.1	879	882	Sample_7.1	mnv	AAA	TGC	12	17381	198	.	CAA	.		93		
CCDS35166.1	879	882	Sample_7.1	mnv	AAA	TTC	7	17381	198	.	CAA	.		93		
CCDS35166.1	879	882	Sample_7.1	mnv	AAA	CAG	5	17381	198	.	CAA	.		93		
CCDS35166.1	879	881	Sample_7.1	mnv	AA	TG	1	17381	198	.	CAA	.	v2	2		
CCDS35166.1	880	882	Sample_7.1	mnv	AA	CC	49	17410	404	.	AAA	.		93		
CCDS35166.1	880	882	Sample_7.1	mnv	AA	GC	25	17410	404	.	AAA	.		93		
CCDS35166.1	880	882	Sample_7.1	mnv	AA	TG	6	17410	404	.	AAA	.		93		
CCDS35166.1	880	881	Sample_7.1	snv	A	C	1	17410	404	A>C	AAA	.	v2	2		
CCDS35166.1	882	885	Sample_7.1	mnv	CAC	GAT	11	17402	112	.	ACA	.		93		
CCDS35166.1	882	883	Sample_7.1	snv	C	G	1	17402	112	C>G	ACA	.	v2	2		
CCDS35166.1	885	888	Sample_7.1	mnv	CCT	AGA	79	17142	98	.	CCC	.		93		
CCDS35166.1	885	888	Sample_7.1	mnv	CCT	TGC	10	17142	98	.	CCC	.		93		
CCDS35166.1	885	888	Sample_7.1	mnv	CCT	ACC	6	17142	98	.	CCC	.		93		
CCDS35166.1	885	888	Sample_7.1	mnv	CCT	AAC	3	17142	98	.	CCC	.		93		
CCDS35166.1	885	888	Sample_7.1	mnv	CCT	AAG	3	17142	98	.	CCC	.		93		
CCDS35166.1	885	888	Sample_7.1	mnv	CCT	ATG	3	17142	98	.	CCC	.		93		
CCDS35166.1	885	887	Sample_7.1	mnv	CC	AG	2	17142	98	.	CCC	.	NM8.0	90		
CCDS35166.1	885	888	Sample_7.1	mnv	CCT	TAC	2	17142	98	.	CCC	.		90		
CCDS35166.1	885	888	Sample_7.1	mnv	CCT	TTC	2	17142	98	.	CCC	.		90		
CCDS35166.1	885	886	Sample_7.1	snv	C	G	1	17142	98	C>G	CCC	.	v2	2		
CCDS35166.1	886	888	Sample_7.1	mnv	CT	AG	10	17128	232	.	CCT	.		93		
CCDS35166.1	886	888	Sample_7.1	mnv	CT	AC	9	17128	232	.	CCT	.		93		
CCDS35166.1	888	889	Sample_7.1	snv	A	C	20	17121	212	A>C	TAA	.		93		
CCDS35166.1	888	894	Sample_7.1	mnv	AACCTG	GGTCTA	14	17121	212	.	TAA	.		93		
CCDS35166.1	888	894	Sample_7.1	mnv	AACCTG	GCTCTA	10	17121	212	.	TAA	.		93		
CCDS35166.1	888	890	Sample_7.1	mnv	AA	TT	2	17121	212	.	TAA	.		90		
CCDS35166.1	889	894	Sample_7.1	mnv	ACCTG	GACTA	11	17149	449	.	AAC	.		93		
CCDS35166.1	889	890	Sample_7.1	snv	A	G	1	17149	449	A>G	AAC	.	v2	2		
CCDS35166.1	891	892	Sample_7.1	snv	C	A	40	17268	119	C>A	CCT	.		93		
CCDS35166.1	891	894	Sample_7.1	mnv	CTG	GCT	15	17268	119	.	CCT	.		93		
CCDS35166.1	891	892	Sample_7.1	snv	C	G	5	17268	119	C>G	CCT	.		93		
CCDS35166.1	891	894	Sample_7.1	mnv	CTG	ATC	4	17268	119	.	CCT	.		93		
CCDS35166.1	893	894	Sample_7.1	snv	G	A	1027	17282	182	G>A	TGG	.		93		
CCDS35166.1	893	897	Sample_7.1	mnv	GGTG	AATC	9	17282	182	.	TGG	.		93		
CCDS35166.1	893	897	Sample_7.1	mnv	GGTG	AACC	3	17282	182	.	TGG	.		93		
CCDS35166.1	896	897	Sample_7.1	snv	G	A	4	17529	130	G>A	TGC	.		93		
CCDS35166.1	897	899	Sample_7.1	mnv	CA	GT	69	17507	240	.	GCA	.		93		
CCDS35166.1	897	898	Sample_7.1	snv	C	G	25	17507	240	C>G	GCA	.		93		
CCDS35166.1	897	898	Sample_7.1	snv	C	A	11	17507	240	C>A	GCA	.		93		
CCDS35166.1	897	900	Sample_7.1	mnv	CAG	TGC	11	17507	240	.	GCA	.		93		
CCDS35166.1	897	900	Sample_7.1	mnv	CAG	GCT	3	17507	240	.	GCA	.		93		
CCDS35166.1	897	900	Sample_7.1	mnv	CAG	AAC	1	17507	240	.	GCA	.	v2	2		
CCDS35166.1	897	899	Sample_7.1	mnv	CA	TG	1	17507	240	.	GCA	.	v2	2		
CCDS35166.1	899	900	Sample_7.1	snv	G	C	43	17545	336	G>C	AGC	.		93		
CCDS35166.1	902	903	Sample_7.1	snv	C	T	4	17516	92	C>T	TCC	.		93		
CCDS35166.1	903	906	Sample_7.1	mnv	CTT	ATC	22	17715	146	.	CCT	.		93		
CCDS35166.1	903	904	Sample_7.1	snv	C	T	10	17715	146	C>T	CCT	.		93		
CCDS35166.1	903	904	Sample_7.1	snv	C	A	1	17715	146	C>A	CCT	.	v2	2		
CCDS35166.1	909	911	Sample_7.1	mnv	GT	CA	36	17690	116	.	GGT	.		93		
CCDS35166.1	909	910	Sample_7.1	snv	G	C	1	17690	116	G>C	GGT	.	v2	2		
CCDS35166.1	910	1216	Sample_7.1	indel	TCTGCACCCGGGAGCCCCCGTTCTATATCATCACTGAGTTCATGACCTACGGGAACCTCCTGGACTACCTGAGGGAGTGCAACCGGCAGGAGGTGAACGCCGTGGTGCTGCTGTACATGGCCACTCAGATCTCGTCAGCCATGGAGTACCTGGAGAAGAAAAACTTCATCCACAGAGATCTTGCTGCCCGAAACTGCCTGGTAGGGGAGAACCACTTGGTGAAGGTAGCTGATTTTGGCCTGAGCAGGTTGATGACAGGGGACACCTACACAGCCCATGCTGGAGCCAAGTTCCCCATCAAATGGA	T	22	17743	127	.	GTC	.		93		
CCDS35166.1	910	912	Sample_7.1	mnv	TC	CT	12	17648	127	.	GTC	.		93		
CCDS35166.1	911	912	Sample_7.1	snv	C	A	2	17743	157	C>A	TCT	.		90		
CCDS35166.1	912	915	Sample_7.1	mnv	TGC	ATG	4	17790	300	.	CTG	.		93		
CCDS35166.1	914	915	Sample_7.1	snv	C	T	1	17731	420	C>T	GCA	.	v2	2		
CCDS35166.1	915	917	Sample_7.1	mnv	AC	TT	4	17786	136	.	CAC	.		93		
CCDS35166.1	915	918	Sample_7.1	mnv	ACC	CTG	1	17786	136	.	CAC	.	v2	2		
CCDS35166.1	916	918	Sample_7.1	mnv	CC	TG	15	17760	172	.	ACC	.		93		
CCDS35166.1	916	917	Sample_7.1	snv	C	G	1	17760	172	C>G	ACC	.	v2	2		
CCDS35166.1	917	918	Sample_7.1	snv	C	T	23	17541	147	C>T	CCC	.		93		
CCDS35166.1	918	920	Sample_7.1	mnv	CG	GT	14	17591	143	.	CCG	.		93		
CCDS35166.1	918	920	Sample_7.1	mnv	CG	AA	5	17591	143	.	CCG	.		93		
CCDS35166.1	918	920	Sample_7.1	mnv	CG	AT	3	17591	143	.	CCG	.		93		
CCDS35166.1	918	921	Sample_7.1	mnv	CGG	TAC	3	17591	143	.	CCG	.		93		
CCDS35166.1	918	921	Sample_7.1	mnv	CGG	ATC	2	17591	143	.	CCG	.		90		
CCDS35166.1	918	919	Sample_7.1	snv	C	A	1	17591	143	C>A	CCG	.	v2	2		
CCDS35166.1	919	920	Sample_7.1	snv	G	A	11	17617	332	G>A	CGG	.		93		
CCDS35166.1	920	1226	Sample_7.1	indel	GGAGCCCCCGTTCTATATCATCACTGAGTTCATGACCTACGGGAACCTCCTGGACTACCTGAGGGAGTGCAACCGGCAGGAGGTGAACGCCGTGGTGCTGCTGTACATGGCCACTCAGATCTCGTCAGCCATGGAGTACCTGGAGAAGAAAAACTTCATCCACAGAGATCTTGCTGCCCGAAACTGCCTGGTAGGGGAGAACCACTTGGTGAAGGTAGCTGATTTTGGCCTGAGCAGGTTGATGACAGGGGACACCTACACAGCCCATGCTGGAGCCAAGTTCCCCATCAAATGGACTGCACCCGA	G	17	17510	109	.	GGG	.		93		
CCDS35166.1	920	921	Sample_7.1	snv	G	A	2	17609	109	G>A	GGG	.		90		
CCDS35166.1	921	922	Sample_7.1	snv	G	C	12	17510	116	G>C	GGA	.		93		
CCDS35166.1	926	927	Sample_7.1	snv	C	T	13	17524	93	C>T	CCC	.		93		
CCDS35166.1	929	930	Sample_7.1	snv	G	A	2	17435	183	G>A	CGT	.		90		
CCDS35166.1	929	930	Sample_7.1	snv	G	T	1	17435	183	G>T	CGT	.	v2	2		
CCDS35166.1	930	933	Sample_7.1	mnv	TTC	GTG	9	17348	457	.	GTT	.		93		
CCDS35166.1	930	933	Sample_7.1	mnv	TTC	CCT	6	17348	457	.	GTT	.		93		
CCDS35166.1	930	933	Sample_7.1	mnv	TTC	CTG	3	17348	457	.	GTT	.		93		
CCDS35166.1	930	931	Sample_7.1	snv	T	A	2	17348	457	T>A	GTT	.		90		
CCDS35166.1	930	931	Sample_7.1	snv	T	C	1	17348	457	T>C	GTT	.	NM8.0,v2	2		
CCDS35166.1	931	932	Sample_7.1	snv	T	A	34	17175	253	T>A	TTC	.		93		
CCDS35166.1	932	933	Sample_7.1	snv	C	A	1	17042	206	C>A	TCT	.	v2	2		
CCDS35166.1	936	939	Sample_7.1	mnv	ATC	CCT	1	16879	347	.	TAT	.	v2	2		
CCDS35166.1	939	942	Sample_7.1	mnv	ATC	GTG	528	16950	217	.	CAT	.		93		
CCDS35166.1	939	940	Sample_7.1	snv	A	G	20	16950	217	A>G	CAT	.		93		
CCDS35166.1	942	945	Sample_7.1	mnv	ACT	GTG	80	17008	264	.	CAC	.		93		
CCDS35166.1	942	945	Sample_7.1	mnv	ACT	CTG	16	17008	264	.	CAC	.		93		
CCDS35166.1	942	943	Sample_7.1	snv	A	G	6	17008	264	A>G	CAC	.		93		
CCDS35166.1	942	945	Sample_7.1	mnv	ACT	GAG	3	17008	264	.	CAC	.		93		
CCDS35166.1	942	943	Sample_7.1	snv	A	C	1	17008	264	A>C	CAC	.	v2	2		
CCDS35166.1	942	944	Sample_7.1	mnv	AC	GT	1	17008	264	.	CAC	.	v2	2		
CCDS35166.1	943	945	Sample_7.1	mnv	CT	TC	21	17083	181	.	ACT	.		93		
CCDS35166.1	943	944	Sample_7.1	snv	C	T	1	17083	181	C>T	ACT	.	v2	2		
CCDS35166.1	948	951	Sample_7.1	mnv	TTC	AAG	37	17089	239	.	GTT	.		93		
CCDS35166.1	948	951	Sample_7.1	mnv	TTC	AGA	15	17089	239	.	GTT	.		93		
CCDS35166.1	948	951	Sample_7.1	mnv	TTC	CTG	4	17089	239	.	GTT	.		93		
CCDS35166.1	948	950	Sample_7.1	mnv	TT	AA	3	17089	239	.	GTT	.		93		
CCDS35166.1	948	949	Sample_7.1	snv	T	A	1	17089	239	T>A	GTT	.	v2	2		
CCDS35166.1	950	951	Sample_7.1	snv	C	T	16	17060	256	C>T	TCA	.		93		
CCDS35166.1	954	957	Sample_7.1	mnv	ACC	CCT	41	17042	181	.	GAC	.		93		
CCDS35166.1	954	955	Sample_7.1	snv	A	G	15	17042	181	A>G	GAC	.		93		
CCDS35166.1	954	957	Sample_7.1	mnv	ACC	GGT	5	17042	181	.	GAC	.		93		
CCDS35166.1	954	956	Sample_7.1	mnv	AC	TT	4	17042	181	.	GAC	.		93		
CCDS35166.1	954	955	Sample_7.1	snv	A	C	2	17042	181	A>C	GAC	.	NM8.0	90		
CCDS35166.1	954	957	Sample_7.1	mnv	ACC	GAG	2	17042	181	.	GAC	.		90		
CCDS35166.1	954	957	Sample_7.1	mnv	ACC	CAG	1	17042	181	.	GAC	.	v2	2		
CCDS35166.1	955	956	Sample_7.1	snv	C	T	63	17056	126	C>T	ACC	.		93		
CCDS35166.1	955	957	Sample_7.1	mnv	CC	AG	27	17056	126	.	ACC	.		93		
CCDS35166.1	955	956	Sample_7.1	snv	C	A	1	17056	126	C>A	ACC	.	v2	2		
CCDS35166.1	956	960	Sample_7.1	mnv	CTAC	TGTG	23	16965	265	.	CCT	.		93		
CCDS35166.1	956	957	Sample_7.1	snv	C	A	1	16965	265	C>A	CCT	.	v2	2		
CCDS35166.1	956	958	Sample_7.1	mnv	CT	TG	1	16965	265	.	CCT	.	v2	2		
CCDS35166.1	957	960	Sample_7.1	mnv	TAC	GAG	21	16987	282	.	CTA	.		93		
CCDS35166.1	957	959	Sample_7.1	mnv	TA	AG	19	16987	282	.	CTA	.		93		
CCDS35166.1	957	960	Sample_7.1	mnv	TAC	GCT	5	16987	282	.	CTA	.		93		
CCDS35166.1	957	960	Sample_7.1	mnv	TAC	GAT	2	16987	282	.	CTA	.		90		
CCDS35166.1	958	960	Sample_7.1	mnv	AC	GG	3	17059	304	.	TAC	.		93		
CCDS35166.1	959	960	Sample_7.1	snv	C	T	5	17146	403	C>T	ACG	.		93		
CCDS35166.1	962	963	Sample_7.1	snv	G	A	122	17062	145	G>A	GGA	.		93		
CCDS35166.1	963	965	Sample_7.1	mnv	AA	TG	23	17029	118	.	GAA	.		93		
CCDS35166.1	963	966	Sample_7.1	mnv	AAC	CAG	8	17029	118	.	GAA	.		93		
CCDS35166.1	966	967	Sample_7.1	snv	C	A	45	16949	141	C>A	CCT	.		93		
CCDS35166.1	1027	1028	Sample_7.1	snv	T	A	12	18425	154	T>A	ATG	.		93		
CCDS35166.1	1028	1029	Sample_7.1	snv	G	C	1	18463	155	G>C	TGG	.	v2	2		
CCDS35166.1	1029	1032	Sample_7.1	mnv	GCC	ATG	19	18691	330	.	GGC	.		93		
CCDS35166.1	1029	1031	Sample_7.1	mnv	GC	TG	18	18691	330	.	GGC	.		93		
CCDS35166.1	1029	1032	Sample_7.1	mnv	GCC	CTG	11	18691	330	.	GGC	.		93		
CCDS35166.1	1029	1032	Sample_7.1	mnv	GCC	CCT	9	18691	330	.	GGC	.		93		
CCDS35166.1	1029	1030	Sample_7.1	snv	G	A	5	18691	330	G>A	GGC	.		93		
CCDS35166.1	1029	1031	Sample_7.1	mnv	GC	AA	3	18691	330	.	GGC	.		93		
CCDS35166.1	1029	1031	Sample_7.1	mnv	GC	AG	2	18691	330	.	GGC	.		90		
CCDS35166.1	1030	1031	Sample_7.1	snv	C	T	44	18826	321	C>T	GCC	.		93		
CCDS35166.1	1032	1035	Sample_7.1	mnv	ACT	TGC	44	18891	156	.	CAC	.		93		
CCDS35166.1	1032	1035	Sample_7.1	mnv	ACT	CAC	6	18891	156	.	CAC	.		93		
CCDS35166.1	1032	1035	Sample_7.1	mnv	ACT	TGG	4	18891	156	.	CAC	.		93		
CCDS35166.1	1032	1033	Sample_7.1	snv	A	T	3	18891	156	A>T	CAC	.		93		
CCDS35166.1	1032	1035	Sample_7.1	mnv	ACT	TTC	2	18891	156	.	CAC	.		90		
CCDS35166.1	1033	1035	Sample_7.1	mnv	CT	AC	10	19036	139	.	ACT	.		93		
CCDS35166.1	1033	1035	Sample_7.1	mnv	CT	GA	8	19036	139	.	ACT	.		93		
CCDS35166.1	1033	1035	Sample_7.1	mnv	CT	TG	5	19036	139	.	ACT	.		93		
CCDS35166.1	1033	1035	Sample_7.1	mnv	CT	AG	4	19036	139	.	ACT	.		93		
CCDS35166.1	1033	1035	Sample_7.1	mnv	CT	TC	3	19036	139	.	ACT	.		93		
CCDS35166.1	1035	1038	Sample_7.1	mnv	CAG	TGC	43	18876	171	.	TCA	.		93		
CCDS35166.1	1035	1038	Sample_7.1	mnv	CAG	AAC	1	18876	171	.	TCA	.	v2	2		
CCDS35166.1	1035	1036	Sample_7.1	snv	C	T	1	18876	171	C>T	TCA	.	v2	2		
CCDS35166.1	1037	1038	Sample_7.1	snv	G	A	5	18886	151	G>A	AGA	.		93		
CCDS35166.1	1038	1041	Sample_7.1	mnv	ATC	CTG	1	18936	148	.	GAT	.	v2	2		
CCDS35166.1	1039	1040	Sample_7.1	snv	T	C	1	18967	120	T>C	ATC	.	v2	2		
CCDS35166.1	1041	1044	Sample_7.1	mnv	TCG	GCT	3	19076	120	.	CTC	.		93		
CCDS35166.1	1042	1043	Sample_7.1	snv	C	T	1	19161	97	C>T	TCG	.	v2	2		
CCDS35166.1	1044	1047	Sample_7.1	mnv	TCA	ACC	30	19296	165	.	GTC	.		93		
CCDS35166.1	1044	1047	Sample_7.1	mnv	TCA	ATC	9	19296	165	.	GTC	.		93		
CCDS35166.1	1044	1047	Sample_7.1	mnv	TCA	GGT	6	19296	165	.	GTC	.		93		
CCDS35166.1	1044	1045	Sample_7.1	snv	T	A	2	19296	165	T>A	GTC	.		90		
CCDS35166.1	1044	1047	Sample_7.1	mnv	TCA	CAC	2	19296	165	.	GTC	.		90		
CCDS35166.1	1044	1047	Sample_7.1	mnv	TCA	GAG	2	19296	165	.	GTC	.		90		
CCDS35166.1	1044	1046	Sample_7.1	mnv	TC	AA	1	19296	165	.	GTC	.	v2	2		
CCDS35166.1	1044	1047	Sample_7.1	mnv	TCA	AAC	1	19296	165	.	GTC	.	v2	2		
CCDS35166.1	1045	1047	Sample_7.1	mnv	CA	TC	10	19135	226	.	TCA	.		93		
CCDS35166.1	1045	1047	Sample_7.1	mnv	CA	AC	8	19135	226	.	TCA	.		93		
CCDS35166.1	1050	1053	Sample_7.1	mnv	ATG	GCT	24	18967	183	.	CAT	.		93		
CCDS35166.1	1050	1051	Sample_7.1	snv	A	C	1	18967	183	A>C	CAT	.	v2	2		
CCDS35166.1	1050	1051	Sample_7.1	snv	A	G	1	18967	183	A>G	CAT	.	v2	2		
CCDS35166.1	1050	1053	Sample_7.1	mnv	ATG	TGC	1	18967	183	.	CAT	.	v2	2		
CCDS35166.1	1051	1053	Sample_7.1	mnv	TG	CC	54	18965	248	.	ATG	.		93		
CCDS35166.1	1051	1053	Sample_7.1	mnv	TG	AC	50	18965	248	.	ATG	.		93		
CCDS35166.1	1051	1053	Sample_7.1	mnv	TG	GC	15	18965	248	.	ATG	.		93		
CCDS35166.1	1051	1052	Sample_7.1	snv	T	G	2	18965	248	T>G	ATG	.		90		
CCDS35166.1	1052	1053	Sample_7.1	snv	G	A	4	18852	264	G>A	TGG	.		93		
CCDS35166.1	1053	1054	Sample_7.1	snv	G	A	13	18791	163	G>A	GGA	.		93		
CCDS35166.1	1053	1056	Sample_7.1	mnv	GAG	AGA	13	18791	163	.	GGA	.		93		
CCDS35166.1	1053	1055	Sample_7.1	mnv	GA	CT	2	18791	163	.	GGA	.		90		
CCDS35166.1	1053	1056	Sample_7.1	mnv	GAG	TAC	2	18791	163	.	GGA	.		90		
CCDS35166.1	1053	1056	Sample_7.1	mnv	GAG	TTC	1	18791	163	.	GGA	.	v2	2		
CCDS35166.1	1054	1056	Sample_7.1	mnv	AG	CT	2	18820	327	.	GAG	.		90		
CCDS35166.1	1055	1056	Sample_7.1	snv	G	T	2	18828	195	G>T	AGT	.		90		
CCDS35166.1	1059	1062	Sample_7.1	mnv	CTG	TTC	31	18868	135	.	CCT	.		93		
CCDS35166.1	1059	1060	Sample_7.1	snv	C	A	10	18868	135	C>A	CCT	.		93		
CCDS35166.1	1059	1060	Sample_7.1	snv	C	T	1	18868	135	C>T	CCT	.	v2	2		
CCDS35166.1	1061	1062	Sample_7.1	snv	G	A	8	18962	179	G>A	TGG	.		93		
CCDS35166.1	1062	1065	Sample_7.1	mnv	GAG	AGC	14	19061	117	.	GGA	.		93		
CCDS35166.1	1062	1065	Sample_7.1	mnv	GAG	ACC	9	19061	117	.	GGA	.		93		
CCDS35166.1	1062	1065	Sample_7.1	mnv	GAG	TTC	9	19061	117	.	GGA	.		93		
CCDS35166.1	1062	1064	Sample_7.1	mnv	GA	AT	8	19061	117	.	GGA	.		93		
CCDS35166.1	1062	1065	Sample_7.1	mnv	GAG	TAC	7	19061	117	.	GGA	.		93		
CCDS35166.1	1062	1065	Sample_7.1	mnv	GAG	ATC	3	19061	117	.	GGA	.		93		
CCDS35166.1	1062	1063	Sample_7.1	snv	G	C	2	19061	117	G>C	GGA	.		90		
CCDS35166.1	1063	1065	Sample_7.1	mnv	AG	CT	9	19188	182	.	GAG	.		93		
CCDS35166.1	1063	1065	Sample_7.1	mnv	AG	GT	7	19188	182	.	GAG	.		93		
CCDS35166.1	1064	1065	Sample_7.1	snv	G	T	28	19263	173	G>T	AGA	.		93		
CCDS35166.1	1064	1065	Sample_7.1	snv	G	A	7	19263	173	G>A	AGA	.		93		
CCDS35166.1	1065	1067	Sample_7.1	mnv	AA	GT	28	19342	149	.	GAA	.		93		
CCDS35166.1	1065	1066	Sample_7.1	snv	A	C	13	19342	149	A>C	GAA	.		93		
CCDS35166.1	1065	1067	Sample_7.1	mnv	AA	TG	11	19342	149	.	GAA	.		93		
CCDS35166.1	1065	1068	Sample_7.1	mnv	AAG	CAC	6	19342	149	.	GAA	.		93		
CCDS35166.1	1065	1068	Sample_7.1	mnv	AAG	TAC	6	19342	149	.	GAA	.		93		
CCDS35166.1	1065	1068	Sample_7.1	mnv	AAG	TTC	6	19342	149	.	GAA	.		93		
CCDS35166.1	1065	1068	Sample_7.1	mnv	AAG	CCT	2	19342	149	.	GAA	.		90		
CCDS35166.1	1065	1068	Sample_7.1	mnv	AAG	GCT	2	19342	149	.	GAA	.		90		
CCDS35166.1	1065	1066	Sample_7.1	snv	A	G	1	19342	149	A>G	GAA	.	v2	2		
CCDS35166.1	1066	1068	Sample_7.1	mnv	AG	TC	20	19429	266	.	AAG	.		93		
CCDS35166.1	1066	1068	Sample_7.1	mnv	AG	GA	8	19429	266	.	AAG	.		93		
CCDS35166.1	1066	1068	Sample_7.1	mnv	AG	CC	7	19429	266	.	AAG	.		93		
CCDS35166.1	1066	1068	Sample_7.1	mnv	AG	GC	3	19429	266	.	AAG	.		93		
CCDS35166.1	1067	1068	Sample_7.1	snv	G	A	42	19511	182	G>A	AGA	.		93		
CCDS35166.1	1068	1071	Sample_7.1	mnv	AAA	GCT	28	19578	126	.	GAA	.		93		
CCDS35166.1	1068	1071	Sample_7.1	mnv	AAA	CAC	12	19578	126	.	GAA	.		93		
CCDS35166.1	1068	1071	Sample_7.1	mnv	AAA	CTG	6	19578	126	.	GAA	.		93		
CCDS35166.1	1068	1071	Sample_7.1	mnv	AAA	GAG	2	19578	126	.	GAA	.		90		
CCDS35166.1	1068	1070	Sample_7.1	mnv	AA	GC	2	19578	126	.	GAA	.		90		
CCDS35166.1	1069	1070	Sample_7.1	snv	A	G	2	19626	235	A>G	AAA	.		90		
CCDS35166.1	1069	1071	Sample_7.1	mnv	AA	CC	1	19626	235	.	AAA	.	v2	2		
CCDS35166.1	1071	1074	Sample_7.1	mnv	AAC	CCT	20	19704	195	.	AAA	.		93		
CCDS35166.1	1071	1072	Sample_7.1	snv	A	C	13	19704	195	A>C	AAA	.		93		
CCDS35166.1	1071	1074	Sample_7.1	mnv	AAC	CAG	4	19704	195	.	AAA	.		93		
CCDS35166.1	1071	1073	Sample_7.1	mnv	AA	CC	1	19704	195	.	AAA	.	v2	2		
CCDS35166.1	1072	1074	Sample_7.1	mnv	AC	GA	22	19756	236	.	AAC	.		93		
CCDS35166.1	1072	1074	Sample_7.1	mnv	AC	TG	21	19756	236	.	AAC	.		93		
CCDS35166.1	1072	1073	Sample_7.1	snv	A	C	7	19756	236	A>C	AAC	.		93		
CCDS35166.1	1072	1073	Sample_7.1	snv	A	G	4	19756	236	A>G	AAC	.		93		
CCDS35166.1	1072	1073	Sample_7.1	snv	A	T	1	19756	236	A>T	AAC	.	v2	2		
CCDS35166.1	1073	1074	Sample_7.1	snv	C	G	21	19800	129	C>G	ACT	.		93		
CCDS35166.1	1074	1077	Sample_7.1	mnv	TTC	GCT	16	19761	238	.	CTT	.		93		
CCDS35166.1	1074	1075	Sample_7.1	snv	T	A	12	19761	238	T>A	CTT	.		93		
CCDS35166.1	1074	1077	Sample_7.1	mnv	TTC	CTG	7	19761	238	.	CTT	.		93		
CCDS35166.1	1074	1077	Sample_7.1	mnv	TTC	GGT	3	19761	238	.	CTT	.		93		
CCDS35166.1	1074	1075	Sample_7.1	snv	T	G	1	19761	238	T>G	CTT	.	v2	2		
CCDS35166.1	1075	1076	Sample_7.1	snv	T	G	17	19735	263	T>G	TTC	.		93		
CCDS35166.1	1075	1076	Sample_7.1	snv	T	A	6	19735	263	T>A	TTC	.		93		
CCDS35166.1	1077	1080	Sample_7.1	mnv	ATC	GTG	8	19758	172	.	CAT	.		93		
CCDS35166.1	1077	1079	Sample_7.1	mnv	AT	TG	5	19758	172	.	CAT	.		93		
CCDS35166.1	1082	1083	Sample_7.1	snv	C	T	3	19618	125	C>T	ACA	.		93		
CCDS35166.1	1085	1086	Sample_7.1	snv	A	G	8	19519	178	A>G	GAG	.		93		
CCDS35166.1	1089	1092	Sample_7.1	mnv	CTT	GTG	112	19660	93	.	TCT	.		93		
CCDS35166.1	1089	1092	Sample_7.1	mnv	CTT	ATC	26	19660	93	.	TCT	.		93		
CCDS35166.1	1089	1092	Sample_7.1	mnv	CTT	TGC	16	19660	93	.	TCT	.		93		
CCDS35166.1	1089	1090	Sample_7.1	snv	C	A	2	19660	93	C>A	TCT	.		90		
CCDS35166.1	1089	1092	Sample_7.1	mnv	CTT	ATG	2	19660	93	.	TCT	.		90		
CCDS35166.1	1089	1091	Sample_7.1	mnv	CT	TG	2	19660	93	.	TCT	.	NM8.0	90		
CCDS35166.1	1089	1090	Sample_7.1	snv	C	G	1	19660	93	C>G	TCT	.	v2	2		
CCDS35166.1	1096	1097	Sample_7.1	snv	C	T	1	19649	242	C>T	GCC	.	v2	2		
CCDS35166.1	1097	1098	Sample_7.1	snv	C	T	1	19759	96	C>T	CCC	.	v2	2		
CCDS35166.1	1104	1107	Sample_7.1	mnv	TGC	GCT	80	19599	154	.	CTG	.		93		
CCDS35166.1	1104	1106	Sample_7.1	mnv	TG	AT	63	19599	154	.	CTG	.		93		
CCDS35166.1	1104	1107	Sample_7.1	mnv	TGC	ATT	18	19599	154	.	CTG	.		93		
CCDS35166.1	1104	1107	Sample_7.1	mnv	TGC	GTG	12	19599	154	.	CTG	.		93		
CCDS35166.1	1104	1105	Sample_7.1	snv	T	A	4	19599	154	T>A	CTG	.	NM8.0	93		
CCDS35166.1	1104	1107	Sample_7.1	mnv	TGC	ATG	3	19599	154	.	CTG	.		93		
CCDS35166.1	1104	1105	Sample_7.1	snv	T	G	1	19599	154	T>G	CTG	.	v2	2		
CCDS35166.1	1107	1108	Sample_7.1	snv	C	G	1	19510	117	C>G	CCT	.	v2	2		
CCDS35166.1	1109	1110	Sample_7.1	snv	G	A	6	19340	182	G>A	TGG	.		93		
CCDS35166.1	1113	1116	Sample_7.1	mnv	GGG	CAC	15	19070	132	.	AGG	.		93		
CCDS35166.1	1113	1115	Sample_7.1	mnv	GG	AA	4	19070	132	.	AGG	.		93		
CCDS35166.1	1113	1116	Sample_7.1	mnv	GGG	AGA	1	19070	132	.	AGG	.	v2	2		
CCDS35166.1	1113	1115	Sample_7.1	mnv	GG	CA	1	19070	132	.	AGG	.	NM8.0,v2	2		
CCDS35166.1	1114	1116	Sample_7.1	mnv	GG	AT	14	18975	110	.	GGG	.		93		
CCDS35166.1	1114	1115	Sample_7.1	snv	G	A	7	18975	110	G>A	GGG	.		93		
CCDS35166.1	1115	1116	Sample_7.1	snv	G	T	43	18940	138	G>T	GGG	.		93		
CCDS35166.1	1115	1116	Sample_7.1	snv	G	A	4	18940	138	G>A	GGG	.		93		
CCDS35166.1	1116	1119	Sample_7.1	mnv	GAG	AGA	31	18950	106	.	GGA	.		93		
CCDS35166.1	1116	1119	Sample_7.1	mnv	GAG	ATC	26	18950	106	.	GGA	.		93		
CCDS35166.1	1116	1119	Sample_7.1	mnv	GAG	AAC	19	18950	106	.	GGA	.		93		
CCDS35166.1	1116	1119	Sample_7.1	mnv	GAG	TTC	10	18950	106	.	GGA	.		93		
CCDS35166.1	1116	1119	Sample_7.1	mnv	GAG	ACC	7	18950	106	.	GGA	.		93		
CCDS35166.1	1116	1118	Sample_7.1	mnv	GA	CT	7	18950	106	.	GGA	.		93		
CCDS35166.1	1116	1119	Sample_7.1	mnv	GAG	TGC	7	18950	106	.	GGA	.		93		
CCDS35166.1	1116	1117	Sample_7.1	snv	G	A	6	18950	106	G>A	GGA	.		93		
CCDS35166.1	1116	1119	Sample_7.1	mnv	GAG	CCT	6	18950	106	.	GGA	.		93		
CCDS35166.1	1116	1118	Sample_7.1	mnv	GA	AT	3	18950	106	.	GGA	.		93		
CCDS35166.1	1116	1118	Sample_7.1	mnv	GA	TG	2	18950	106	.	GGA	.		90		
CCDS35166.1	1116	1117	Sample_7.1	snv	G	C	1	18950	106	G>C	GGA	.	v2	2		
CCDS35166.1	1117	1119	Sample_7.1	mnv	AG	GT	10	18938	663	.	GAG	.		93		
CCDS35166.1	1117	1119	Sample_7.1	mnv	AG	CT	7	18938	663	.	GAG	.		93		
CCDS35166.1	1119	1122	Sample_7.1	mnv	AAC	GAG	8	18844	147	.	GAA	.		93		
CCDS35166.1	1119	1122	Sample_7.1	mnv	AAC	CAG	7	18844	147	.	GAA	.		93		
CCDS35166.1	1119	1122	Sample_7.1	mnv	AAC	GAT	6	18844	147	.	GAA	.		93		
CCDS35166.1	1119	1120	Sample_7.1	snv	A	C	4	18844	147	A>C	GAA	.		93		
CCDS35166.1	1119	1120	Sample_7.1	snv	A	T	4	18844	147	A>T	GAA	.		93		
CCDS35166.1	1119	1121	Sample_7.1	mnv	AA	TT	1	18844	147	.	GAA	.	v2	2		
CCDS35166.1	1120	1121	Sample_7.1	snv	A	C	12	18857	236	A>C	AAC	.		93		
CCDS35166.1	1120	1122	Sample_7.1	mnv	AC	TG	10	18857	236	.	AAC	.		93		
CCDS35166.1	1120	1122	Sample_7.1	mnv	AC	CT	1	18857	236	.	AAC	.	v2	2		
CCDS35166.1	1121	1122	Sample_7.1	snv	C	G	43	18858	154	C>G	ACC	.		93		
CCDS35166.1	1122	1125	Sample_7.1	mnv	CAC	ATG	28	18714	99	.	CCA	.		93		
CCDS35166.1	1122	1124	Sample_7.1	mnv	CA	AG	11	18714	99	.	CCA	.		93		
CCDS35166.1	1122	1123	Sample_7.1	snv	C	T	10	18714	99	C>T	CCA	.		93		
CCDS35166.1	1122	1125	Sample_7.1	mnv	CAC	GAT	5	18714	99	.	CCA	.		93		
CCDS35166.1	1122	1123	Sample_7.1	snv	C	A	3	18714	99	C>A	CCA	.		93		
CCDS35166.1	1122	1124	Sample_7.1	mnv	CA	AC	2	18714	99	.	CCA	.		90		
CCDS35166.1	1122	1125	Sample_7.1	mnv	CAC	AAG	1	18714	99	.	CCA	.	v2	2		
CCDS35166.1	1122	1124	Sample_7.1	mnv	CA	AT	1	18714	99	.	CCA	.	v2	2		
CCDS35166.1	1122	1124	Sample_7.1	mnv	CA	TG	1	18714	99	.	CCA	.	v2	2		
CCDS35166.1	1124	1125	Sample_7.1	snv	C	G	40	18877	100	C>G	ACT	.		93		
CCDS35166.1	1125	1126	Sample_7.1	snv	T	A	27	18812	243	T>A	CTT	.		93		
CCDS35166.1	1125	1128	Sample_7.1	mnv	TTG	ACC	20	18812	243	.	CTT	.		93		
CCDS35166.1	1125	1128	Sample_7.1	mnv	TTG	AGA	15	18812	243	.	CTT	.		93		
CCDS35166.1	1125	1127	Sample_7.1	mnv	TT	CA	14	18812	243	.	CTT	.		93		
CCDS35166.1	1125	1126	Sample_7.1	snv	T	G	11	18812	243	T>G	CTT	.		93		
CCDS35166.1	1125	1127	Sample_7.1	mnv	TT	GA	2	18812	243	.	CTT	.		90		
CCDS35166.1	1125	1127	Sample_7.1	mnv	TT	AA	1	18812	243	.	CTT	.	v2	2		
CCDS35166.1	1125	1128	Sample_7.1	mnv	TTG	AGC	1	18812	243	.	CTT	.	v2	2		
CCDS35166.1	1125	1126	Sample_7.1	snv	T	C	1	18812	243	T>C	CTT	.	v2	2		
CCDS35166.1	1126	1128	Sample_7.1	mnv	TG	CT	1	18714	317	.	TTG	.	v2	2		
CCDS35166.1	1126	1127	Sample_7.1	snv	T	G	1	18714	317	T>G	TTG	.	v2	2		
CCDS35166.1	1126	1128	Sample_7.1	mnv	TG	GC	1	18714	317	.	TTG	.	v2	2		
CCDS35166.1	1127	1128	Sample_7.1	snv	G	A	34	18672	158	G>A	TGG	.		93		
CCDS35166.1	1128	1131	Sample_7.1	mnv	GTG	ACC	7	18810	134	.	GGT	.		93		
CCDS35166.1	1128	1131	Sample_7.1	mnv	GTG	ATC	4	18810	134	.	GGT	.		93		
CCDS35166.1	1130	1131	Sample_7.1	snv	G	A	71	18778	189	G>A	TGA	.		93		
CCDS35166.1	1134	1137	Sample_7.1	mnv	GTA	CTG	54	18706	207	.	GGT	.		93		
CCDS35166.1	1134	1137	Sample_7.1	mnv	GTA	ATC	4	18706	207	.	GGT	.		93		
CCDS35166.1	1137	1140	Sample_7.1	mnv	GCT	TGC	10	18780	213	.	AGC	.		93		
CCDS35166.1	1137	1138	Sample_7.1	snv	G	T	1	18780	213	G>T	AGC	.	v2	2		
CCDS35166.1	1138	1139	Sample_7.1	snv	C	G	10	18856	179	C>G	GCT	.		93		
CCDS35166.1	1145	1146	Sample_7.1	snv	T	C	8	18727	341	T>C	TTG	.		93		
CCDS35166.1	1212	1215	Sample_7.1	mnv	TGG	CCT	1	18965	191	.	ATG	.	v2	2		
CCDS35166.1	1215	1218	Sample_7.1	mnv	ACT	TGC	181	19094	179	.	GAC	.		93		
CCDS35166.1	1215	1218	Sample_7.1	mnv	ACT	GTG	11	19094	179	.	GAC	.		93		
CCDS35166.1	1215	1216	Sample_7.1	snv	A	G	8	19094	179	A>G	GAC	.		93		
CCDS35166.1	1215	1217	Sample_7.1	mnv	AC	TG	5	19094	179	.	GAC	.		93		
CCDS35166.1	1215	1217	Sample_7.1	mnv	AC	GG	2	19094	179	.	GAC	.		90		
CCDS35166.1	1215	1216	Sample_7.1	snv	A	T	2	19094	179	A>T	GAC	.		90		
CCDS35166.1	1215	1218	Sample_7.1	mnv	ACT	CAC	1	19094	179	.	GAC	.	v2	2		
CCDS35166.1	1218	1221	Sample_7.1	mnv	GCA	AGC	14	19155	562	.	TGC	.		93		
CCDS35166.1	1218	1221	Sample_7.1	mnv	GCA	TGC	8	19155	562	.	TGC	.		93		
CCDS35166.1	1218	1221	Sample_7.1	mnv	GCA	CCT	4	19155	562	.	TGC	.		93		
CCDS35166.1	1218	1219	Sample_7.1	snv	G	C	2	19155	562	G>C	TGC	.		90		
CCDS35166.1	1221	1223	Sample_7.1	mnv	CC	TG	1	19287	200	.	ACC	.	v2	2		
CCDS35166.1	1222	1224	Sample_7.1	mnv	CC	TG	1	19270	78	.	CCC	.	v2	2		
CCDS35166.1	1224	1227	Sample_7.1	mnv	GAG	AGC	1	19458	168	.	CGA	.	v2	2		
CCDS35166.1	1227	1228	Sample_7.1	snv	A	T	17	19470	129	A>T	GAG	.		93		
CCDS35166.1	1227	1230	Sample_7.1	mnv	AGC	GGT	3	19470	129	.	GAG	.		93		
CCDS35166.1	1229	1230	Sample_7.1	snv	C	T	11	19459	214	C>T	GCC	.		93		
CCDS35166.1	1230	1233	Sample_7.1	mnv	CTG	TTC	146	19505	138	.	CCT	.		93		
CCDS35166.1	1230	1231	Sample_7.1	snv	C	A	7	19505	138	C>A	CCT	.		93		
CCDS35166.1	1230	1233	Sample_7.1	mnv	CTG	ATC	4	19505	138	.	CCT	.		93		
CCDS35166.1	1230	1231	Sample_7.1	snv	C	T	3	19505	138	C>T	CCT	.		93		
CCDS35166.1	1232	1233	Sample_7.1	snv	G	A	1	19543	266	G>A	TGG	.	v2	2		
CCDS35166.1	1233	1235	Sample_7.1	mnv	GC	AG	49	19590	200	.	GGC	.		93		
CCDS35166.1	1233	1236	Sample_7.1	mnv	GCC	CTG	6	19590	200	.	GGC	.		93		
CCDS35166.1	1233	1234	Sample_7.1	snv	G	A	3	19590	200	G>A	GGC	.		93		
CCDS35166.1	1233	1235	Sample_7.1	mnv	GC	TG	3	19590	200	.	GGC	.		93		
CCDS35166.1	1233	1234	Sample_7.1	snv	G	C	1	19590	200	G>C	GGC	.	v2	2		
CCDS35166.1	1236	1238	Sample_7.1	mnv	TA	AC	2	19559	199	.	CTA	.		90		
CCDS35166.1	1237	1239	Sample_7.1	mnv	AC	GG	9	19491	93	.	TAC	.		93		
CCDS35166.1	1237	1238	Sample_7.1	snv	A	G	2	19491	93	A>G	TAC	.		90		
CCDS35166.1	1238	1239	Sample_7.1	snv	C	T	23	19564	153	C>T	ACA	.		93		
CCDS35166.1	1239	1241	Sample_7.1	mnv	AA	TT	45	19694	162	.	CAA	.		93		
CCDS35166.1	1239	1242	Sample_7.1	mnv	AAC	CTG	34	19694	162	.	CAA	.		93		
CCDS35166.1	1239	1240	Sample_7.1	snv	A	T	9	19694	162	A>T	CAA	.		93		
CCDS35166.1	1239	1242	Sample_7.1	mnv	AAC	TGG	5	19694	162	.	CAA	.		93		
CCDS35166.1	1239	1241	Sample_7.1	mnv	AA	TG	3	19694	162	.	CAA	.		93		
CCDS35166.1	1239	1242	Sample_7.1	mnv	AAC	CAG	1	19694	162	.	CAA	.	v2	2		
CCDS35166.1	1240	1242	Sample_7.1	mnv	AC	GA	5	19737	258	.	AAC	.		93		
CCDS35166.1	1242	1245	Sample_7.1	mnv	AAG	GCT	12	19740	259	.	CAA	.		93		
CCDS35166.1	1242	1244	Sample_7.1	mnv	AA	GT	2	19740	259	.	CAA	.		90		
CCDS35166.1	1242	1243	Sample_7.1	snv	A	C	1	19740	259	A>C	CAA	.	v2	2		
CCDS35166.1	1243	1245	Sample_7.1	mnv	AG	CC	32	19764	265	.	AAG	.		93		
CCDS35166.1	1243	1244	Sample_7.1	snv	A	T	6	19764	265	A>T	AAG	.		93		
CCDS35166.1	1246	1247	Sample_7.1	snv	T	G	30	19868	96	T>G	TTC	.		93		
CCDS35166.1	1247	1248	Sample_7.1	snv	C	T	18	19922	143	C>T	TCT	.		93		
CCDS35166.1	1248	1251	Sample_7.1	mnv	TCC	CTG	143	19922	168	.	CTC	.		93		
CCDS35166.1	1248	1249	Sample_7.1	snv	T	A	27	19922	168	T>A	CTC	.		93		
CCDS35166.1	1248	1250	Sample_7.1	mnv	TC	CA	19	19922	168	.	CTC	.		93		
CCDS35166.1	1248	1251	Sample_7.1	mnv	TCC	GGT	18	19922	168	.	CTC	.		93		
CCDS35166.1	1248	1251	Sample_7.1	mnv	TCC	CAG	15	19922	168	.	CTC	.		93		
CCDS35166.1	1248	1251	Sample_7.1	mnv	TCC	ATG	9	19922	168	.	CTC	.		93		
CCDS35166.1	1248	1250	Sample_7.1	mnv	TC	AA	1	19922	168	.	CTC	.	v2	2		
CCDS35166.1	1248	1249	Sample_7.1	snv	T	C	1	19922	168	T>C	CTC	.	v2	2		
CCDS35166.1	1249	1250	Sample_7.1	snv	C	T	23	19873	313	C>T	TCC	.		93		
CCDS35166.1	1249	1250	Sample_7.1	snv	C	G	11	19873	313	C>G	TCC	.		93		
CCDS35166.1	1251	1254	Sample_7.1	mnv	ATC	GTG	64	20024	115	.	CAT	.		93		
CCDS35166.1	1251	1253	Sample_7.1	mnv	AT	TA	33	20024	115	.	CAT	.		93		
CCDS35166.1	1251	1252	Sample_7.1	snv	A	T	11	20024	115	A>T	CAT	.		93		
CCDS35166.1	1251	1254	Sample_7.1	mnv	ATC	GCT	10	20024	115	.	CAT	.		93		
CCDS35166.1	1251	1254	Sample_7.1	mnv	ATC	GAT	4	20024	115	.	CAT	.		93		
CCDS35166.1	1251	1253	Sample_7.1	mnv	AT	TG	4	20024	115	.	CAT	.		93		
CCDS35166.1	1251	1254	Sample_7.1	mnv	ATC	GGT	2	20024	115	.	CAT	.		90		
CCDS35166.1	1251	1254	Sample_7.1	mnv	ATC	CAG	1	20024	115	.	CAT	.	v2	2		
CCDS35166.1	1251	1254	Sample_7.1	mnv	ATC	CCT	1	20024	115	.	CAT	.	v2	2		
CCDS35166.1	1252	1253	Sample_7.1	snv	T	C	20	20018	251	T>C	ATC	.		93		
CCDS35166.1	1252	1254	Sample_7.1	mnv	TC	GA	1	20018	251	.	ATC	.	v2	2		
CCDS35166.1	1254	1257	Sample_7.1	mnv	AAG	GCT	73	19881	228	.	CAA	.		93		
CCDS35166.1	1254	1257	Sample_7.1	mnv	AAG	TTC	33	19881	228	.	CAA	.		93		
CCDS35166.1	1254	1257	Sample_7.1	mnv	AAG	CAC	15	19881	228	.	CAA	.		93		
CCDS35166.1	1254	1255	Sample_7.1	snv	A	G	4	19881	228	A>G	CAA	.		93		
CCDS35166.1	1254	1257	Sample_7.1	mnv	AAG	CCT	3	19881	228	.	CAA	.		93		
CCDS35166.1	1254	1255	Sample_7.1	snv	A	C	2	19881	228	A>C	CAA	.		90		
CCDS35166.1	1254	1256	Sample_7.1	mnv	AA	GC	2	19881	228	.	CAA	.		90		
CCDS35166.1	1254	1257	Sample_7.1	mnv	AAG	GGT	2	19881	228	.	CAA	.		90		
CCDS35166.1	1255	1257	Sample_7.1	mnv	AG	GA	79	19890	271	.	AAG	.		93		
CCDS35166.1	1255	1256	Sample_7.1	snv	A	T	17	19890	271	A>T	AAG	.		93		
CCDS35166.1	1255	1257	Sample_7.1	mnv	AG	CC	3	19890	271	.	AAG	.		93		
CCDS35166.1	1255	1257	Sample_7.1	mnv	AG	GC	3	19890	271	.	AAG	.		93		
CCDS35166.1	1257	1258	Sample_7.1	snv	T	A	138	19981	137	T>A	GTC	.		93		
CCDS35166.1	1258	1259	Sample_7.1	snv	C	G	1	20056	82	C>G	TCC	.	v2	2		
CCDS35166.1	1263	1265	Sample_7.1	mnv	GT	AC	30	19916	154	.	CGT	.		93		
CCDS35166.1	1263	1265	Sample_7.1	mnv	GT	TG	24	19916	154	.	CGT	.		93		
CCDS35166.1	1263	1266	Sample_7.1	mnv	GTC	ATG	9	19916	154	.	CGT	.		93		
CCDS35166.1	1263	1264	Sample_7.1	snv	G	A	1	19916	154	G>A	CGT	.	v2	2		
CCDS35166.1	1264	1266	Sample_7.1	mnv	TC	CT	3	19797	178	.	GTC	.		93		
CCDS35166.1	1265	1266	Sample_7.1	snv	C	T	39	19707	73	C>T	TCT	.		93		
CCDS35166.1	1267	1269	Sample_7.1	mnv	GG	TC	1	19706	172	.	TGG	.	v2	2		
CCDS35166.1	1269	1272	Sample_7.1	mnv	GCA	ATG	9	19530	238	.	GGC	.		93		
CCDS35166.1	1272	1275	Sample_7.1	mnv	TTT	CAC	17	19382	388	.	ATT	.		93		
CCDS35166.1	1272	1273	Sample_7.1	snv	T	C	6	19382	388	T>C	ATT	.		93		
CCDS35166.1	1272	1275	Sample_7.1	mnv	TTT	ATG	4	19382	388	.	ATT	.		93		
CCDS35166.1	1272	1275	Sample_7.1	mnv	TTT	CTG	2	19382	388	.	ATT	.		90		
CCDS35166.1	1273	1275	Sample_7.1	mnv	TT	GC	25	19283	310	.	TTT	.		93		
CCDS35166.1	1273	1275	Sample_7.1	mnv	TT	AC	14	19283	310	.	TTT	.		93		
CCDS35166.1	1273	1274	Sample_7.1	snv	T	A	3	19283	310	T>A	TTT	.		93		
CCDS35166.1	1275	1278	Sample_7.1	mnv	GGA	AGC	9	19180	104	.	TGG	.		93		
CCDS35166.1	1275	1278	Sample_7.1	mnv	GGA	TTT	1	19180	104	.	TGG	.	v2	2		
CCDS35166.1	1276	1278	Sample_7.1	mnv	GA	CT	8	19104	129	.	GGA	.		93		
CCDS35166.1	1278	1281	Sample_7.1	mnv	GTA	ATC	18	18924	136	.	AGT	.		93		
CCDS35166.1	1278	1279	Sample_7.1	snv	G	A	4	18924	136	G>A	AGT	.		93		
CCDS35166.1	1278	1281	Sample_7.1	mnv	GTA	ACC	4	18924	136	.	AGT	.		93		
CCDS35166.1	1281	1282	Sample_7.1	snv	T	G	1	18840	219	T>G	ATT	.	v2	2		
CCDS35166.1	1281	1283	Sample_7.1	mnv	TT	GA	1	18840	219	.	ATT	.	v2	2		
CCDS35166.1	1283	1284	Sample_7.1	snv	G	A	21	18715	179	G>A	TGC	.		93		
CCDS35166.1	1284	1286	Sample_7.1	mnv	CT	GA	27	18851	152	.	GCT	.		93		
CCDS35166.1	1284	1287	Sample_7.1	mnv	CTT	GAG	23	18851	152	.	GCT	.		93		
CCDS35166.1	1284	1287	Sample_7.1	mnv	CTT	TGC	10	18851	152	.	GCT	.		93		
CCDS35166.1	1284	1286	Sample_7.1	mnv	CT	GC	9	18851	152	.	GCT	.		93		
CCDS35166.1	1284	1287	Sample_7.1	mnv	CTT	ATC	8	18851	152	.	GCT	.		93		
CCDS35166.1	1284	1287	Sample_7.1	mnv	CTT	AAC	5	18851	152	.	GCT	.		93		
CCDS35166.1	1284	1287	Sample_7.1	mnv	CTT	AAG	5	18851	152	.	GCT	.		93		
CCDS35166.1	1284	1287	Sample_7.1	mnv	CTT	ACC	4	18851	152	.	GCT	.		93		
CCDS35166.1	1284	1287	Sample_7.1	mnv	CTT	ATG	4	18851	152	.	GCT	.		93		
CCDS35166.1	1284	1287	Sample_7.1	mnv	CTT	GTG	3	18851	152	.	GCT	.		93		
CCDS35166.1	1284	1285	Sample_7.1	snv	C	G	2	18851	152	C>G	GCT	.	NM8.0	90		
CCDS35166.1	1284	1287	Sample_7.1	mnv	CTT	AGC	1	18851	152	.	GCT	.	v2	2		
CCDS35166.1	1284	1285	Sample_7.1	snv	C	T	1	18851	152	C>T	GCT	.	v2	2		
CCDS35166.1	1284	1287	Sample_7.1	mnv	CTT	TAC	1	18851	152	.	GCT	.	v2	2		
CCDS35166.1	1288	1290	Sample_7.1	mnv	GG	AC	18	18847	118	.	TGG	.		93		
CCDS35166.1	1288	1290	Sample_7.1	mnv	GG	TC	3	18847	118	.	TGG	.		93		
CCDS35166.1	1288	1289	Sample_7.1	snv	G	T	1	18847	118	G>T	TGG	.	v2	2		
CCDS35166.1	1293	1295	Sample_7.1	mnv	AT	GC	24	18749	150	.	AAT	.		93		
CCDS35166.1	1293	1295	Sample_7.1	mnv	AT	GA	9	18749	150	.	AAT	.		93		
CCDS35166.1	1293	1296	Sample_7.1	mnv	ATT	TTC	8	18749	150	.	AAT	.		93		
CCDS35166.1	1293	1296	Sample_7.1	mnv	ATT	GTG	5	18749	150	.	AAT	.		93		
CCDS35166.1	1293	1296	Sample_7.1	mnv	ATT	CTG	3	18749	150	.	AAT	.		93		
CCDS35166.1	1293	1296	Sample_7.1	mnv	ATT	CAC	2	18749	150	.	AAT	.		90		
CCDS35166.1	1294	1296	Sample_7.1	mnv	TT	AC	85	18670	244	.	ATT	.		93		
CCDS35166.1	1294	1296	Sample_7.1	mnv	TT	CC	53	18670	244	.	ATT	.		93		
CCDS35166.1	1294	1296	Sample_7.1	mnv	TT	GC	17	18670	244	.	ATT	.		93		
CCDS35166.1	1294	1296	Sample_7.1	mnv	TT	AG	10	18670	244	.	ATT	.		93		
CCDS35166.1	1296	1299	Sample_7.1	mnv	GCT	CAG	43	18604	273	.	TGC	.		93		
CCDS35166.1	1296	1297	Sample_7.1	snv	G	A	30	18604	273	G>A	TGC	.		93		
CCDS35166.1	1296	1299	Sample_7.1	mnv	GCT	CTG	14	18604	273	.	TGC	.		93		
CCDS35166.1	1296	1299	Sample_7.1	mnv	GCT	AAC	12	18604	273	.	TGC	.		93		
CCDS35166.1	1296	1299	Sample_7.1	mnv	GCT	TGC	11	18604	273	.	TGC	.		93		
CCDS35166.1	1296	1299	Sample_7.1	mnv	GCT	ATC	7	18604	273	.	TGC	.		93		
CCDS35166.1	1296	1299	Sample_7.1	mnv	GCT	TGG	5	18604	273	.	TGC	.		93		
CCDS35166.1	1296	1299	Sample_7.1	mnv	GCT	ATG	4	18604	273	.	TGC	.		93		
CCDS35166.1	1296	1299	Sample_7.1	mnv	GCT	AGC	3	18604	273	.	TGC	.		93		
CCDS35166.1	1296	1299	Sample_7.1	mnv	GCT	CAC	3	18604	273	.	TGC	.		93		
CCDS35166.1	1296	1299	Sample_7.1	mnv	GCT	AAG	2	18604	273	.	TGC	.		90		
CCDS35166.1	1296	1299	Sample_7.1	mnv	GCT	ACC	2	18604	273	.	TGC	.		90		
CCDS35166.1	1296	1297	Sample_7.1	snv	G	C	2	18604	273	G>C	TGC	.		90		
CCDS35166.1	1296	1299	Sample_7.1	mnv	GCT	TTC	2	18604	273	.	TGC	.		90		
CCDS35166.1	1296	1298	Sample_7.1	mnv	GC	TG	1	18604	273	.	TGC	.	v2	2		
CCDS35166.1	1297	1298	Sample_7.1	snv	C	T	125	18517	381	C>T	GCT	.		93		
CCDS35166.1	1297	1298	Sample_7.1	snv	C	A	28	18517	381	C>A	GCT	.		93		
CCDS35166.1	1297	1298	Sample_7.1	snv	C	G	13	18517	381	C>G	GCT	.		93		
CCDS35166.1	1300	1302	Sample_7.1	mnv	CC	GA	19	18012	116	.	ACC	.		93		
CCDS35166.1	1300	1301	Sample_7.1	snv	C	G	4	18012	116	C>G	ACC	.		93		
CCDS35166.1	1300	1301	Sample_7.1	snv	C	A	1	18012	116	C>A	ACC	.	v2	2		
CCDS35166.1	1302	1305	Sample_7.1	mnv	TAT	AAG	23	17707	256	.	CTA	.		93		
CCDS35166.1	1302	1303	Sample_7.1	snv	T	A	3	17707	256	T>A	CTA	.		93		
CCDS35166.1	1302	1305	Sample_7.1	mnv	TAT	AAC	3	17707	256	.	CTA	.		93		
CCDS35166.1	1302	1305	Sample_7.1	mnv	TAT	AGA	2	17707	256	.	CTA	.		90		
CCDS35166.1	1302	1305	Sample_7.1	mnv	TAT	GTG	2	17707	256	.	CTA	.		90		
CCDS35166.1	1303	1305	Sample_7.1	mnv	AT	TC	31	17752	185	.	TAT	.		93		
CCDS35166.1	1303	1305	Sample_7.1	mnv	AT	GG	28	17752	185	.	TAT	.		93		
CCDS35166.1	1305	1306	Sample_7.1	snv	G	A	14	17796	79	G>A	TGG	.		93		
CCDS35166.1	1306	1308	Sample_7.1	mnv	GC	CT	4	17752	208	.	GGC	.		93		
CCDS35166.1	1308	1311	Sample_7.1	mnv	ATG	GGT	7	17827	147	.	CAT	.		93		
CCDS35166.1	1308	1310	Sample_7.1	mnv	AT	GA	3	17827	147	.	CAT	.		93		
CCDS35166.1	1308	1309	Sample_7.1	snv	A	G	2	17827	147	A>G	CAT	.		90		
CCDS35166.1	1308	1311	Sample_7.1	mnv	ATG	GCT	2	17827	147	.	CAT	.		90		
CCDS35166.1	1308	1310	Sample_7.1	mnv	AT	TG	1	17827	147	.	CAT	.	v2	2		
CCDS35166.1	1309	1311	Sample_7.1	mnv	TG	AC	53	17838	236	.	ATG	.		93		
CCDS35166.1	1309	1310	Sample_7.1	snv	T	A	10	17838	236	T>A	ATG	.		93		
CCDS35166.1	1309	1311	Sample_7.1	mnv	TG	CC	8	17838	236	.	ATG	.		93		
CCDS35166.1	1309	1311	Sample_7.1	mnv	TG	GC	1	17838	236	.	ATG	.	v2	2		
CCDS35166.1	1310	1311	Sample_7.1	snv	G	A	2	17810	275	G>A	TGT	.		90		
CCDS35166.1	1311	1314	Sample_7.1	mnv	TCC	AAG	42	17774	268	.	GTC	.		93		
CCDS35166.1	1311	1314	Sample_7.1	mnv	TCC	GAT	26	17774	268	.	GTC	.		93		
CCDS35166.1	1311	1314	Sample_7.1	mnv	TCC	CTG	24	17774	268	.	GTC	.		93		
CCDS35166.1	1311	1314	Sample_7.1	mnv	TCC	GAG	10	17774	268	.	GTC	.		93		
CCDS35166.1	1311	1312	Sample_7.1	snv	T	A	8	17774	268	T>A	GTC	.		93		
CCDS35166.1	1311	1313	Sample_7.1	mnv	TC	CA	5	17774	268	.	GTC	.		93		
CCDS35166.1	1311	1313	Sample_7.1	mnv	TC	AA	3	17774	268	.	GTC	.		93		
CCDS35166.1	1311	1313	Sample_7.1	mnv	TC	AT	3	17774	268	.	GTC	.		93		
CCDS35166.1	1311	1313	Sample_7.1	mnv	TC	CT	1	17774	268	.	GTC	.	v2	2		
CCDS35166.1	1312	1313	Sample_7.1	snv	C	T	14	17788	189	C>T	TCC	.		93		
CCDS35166.1	1312	1313	Sample_7.1	snv	C	G	10	17788	189	C>G	TCC	.		93		
CCDS35166.1	1312	1313	Sample_7.1	snv	C	A	5	17788	189	C>A	TCC	.		93		
CCDS35166.1	1312	1314	Sample_7.1	mnv	CC	GG	2	17788	189	.	TCC	.		90		
CCDS35166.1	1314	1317	Sample_7.1	mnv	CCT	AGA	6	17718	86	.	CCC	.		93		
CCDS35166.1	1314	1317	Sample_7.1	mnv	CCT	GTG	5	17718	86	.	CCC	.		93		
CCDS35166.1	1314	1315	Sample_7.1	snv	C	G	1	17718	86	C>G	CCC	.	v2	2		
CCDS35166.1	1320	1323	Sample_7.1	mnv	CCG	ATC	18	17578	120	.	CCC	.		93		
CCDS35166.1	1320	1322	Sample_7.1	mnv	CC	GA	14	17578	120	.	CCC	.		93		
CCDS35166.1	1320	1323	Sample_7.1	mnv	CCG	TTC	7	17578	120	.	CCC	.		93		
CCDS35166.1	1320	1323	Sample_7.1	mnv	CCG	ACC	4	17578	120	.	CCC	.		93		
CCDS35166.1	1320	1322	Sample_7.1	mnv	CC	AT	4	17578	120	.	CCC	.		93		
CCDS35166.1	1320	1321	Sample_7.1	snv	C	T	4	17578	120	C>T	CCC	.		93		
CCDS35166.1	1320	1323	Sample_7.1	mnv	CCG	AGC	3	17578	120	.	CCC	.		93		
CCDS35166.1	1320	1323	Sample_7.1	mnv	CCG	GCT	3	17578	120	.	CCC	.		93		
CCDS35166.1	1320	1321	Sample_7.1	snv	C	A	1	17578	120	C>A	CCC	.	v2	2		
CCDS35166.1	1320	1322	Sample_7.1	mnv	CC	AA	1	17578	120	.	CCC	.	v2	2		
CCDS35166.1	1321	1322	Sample_7.1	snv	C	A	15	17599	160	C>A	CCG	.		93		
CCDS35166.1	1321	1323	Sample_7.1	mnv	CG	AC	4	17599	160	.	CCG	.		93		
CCDS35166.1	1322	1323	Sample_7.1	snv	G	A	2	17617	263	G>A	CGG	.		90		
CCDS35166.1	1323	1326	Sample_7.1	mnv	GGA	CTG	35	17587	109	.	GGG	.		93		
CCDS35166.1	1323	1326	Sample_7.1	mnv	GGA	ACC	8	17587	109	.	GGG	.		93		
CCDS35166.1	1323	1324	Sample_7.1	snv	G	A	3	17587	109	G>A	GGG	.		93		
CCDS35166.1	1323	1326	Sample_7.1	mnv	GGA	TGG	3	17587	109	.	GGG	.		93		
CCDS35166.1	1323	1326	Sample_7.1	mnv	GGA	TAC	2	17587	109	.	GGG	.		90		
CCDS35166.1	1323	1324	Sample_7.1	snv	G	C	1	17587	109	G>C	GGG	.	v2	2		
CCDS35166.1	1323	1326	Sample_7.1	mnv	GGA	CAG	1	17587	109	.	GGG	.	v2	2		
CCDS35166.1	1324	1326	Sample_7.1	mnv	GA	AG	12	17483	144	.	GGA	.		93		
CCDS35166.1	1324	1325	Sample_7.1	snv	G	A	2	17483	144	G>A	GGA	.		90		
CCDS35166.1	1326	1329	Sample_7.1	mnv	ATT	TTC	5	17688	382	.	AAT	.		93		
CCDS35166.1	1326	1328	Sample_7.1	mnv	AT	GC	4	17688	382	.	AAT	.		93		
CCDS35166.1	1326	1329	Sample_7.1	mnv	ATT	GTG	4	17688	382	.	AAT	.		93		
CCDS35166.1	1327	1329	Sample_7.1	mnv	TT	GA	5	17651	176	.	ATT	.		93		
CCDS35166.1	1327	1329	Sample_7.1	mnv	TT	CC	3	17651	176	.	ATT	.		93		
CCDS35166.1	1329	1330	Sample_7.1	snv	G	A	30	17591	179	G>A	TGA	.		93		
CCDS35166.1	1329	1330	Sample_7.1	snv	G	C	20	17591	179	G>C	TGA	.		93		
CCDS35166.1	1329	1332	Sample_7.1	mnv	GAC	AAT	12	17591	179	.	TGA	.		93		
CCDS35166.1	1329	1330	Sample_7.1	snv	G	T	10	17591	179	G>T	TGA	.		93		
CCDS35166.1	1329	1332	Sample_7.1	mnv	GAC	CAG	9	17591	179	.	TGA	.		93		
CCDS35166.1	1329	1332	Sample_7.1	mnv	GAC	ATG	7	17591	179	.	TGA	.		93		
CCDS35166.1	1329	1332	Sample_7.1	mnv	GAC	CCT	6	17591	179	.	TGA	.		93		
CCDS35166.1	1329	1332	Sample_7.1	mnv	GAC	CTG	5	17591	179	.	TGA	.		93		
CCDS35166.1	1329	1331	Sample_7.1	mnv	GA	TT	3	17591	179	.	TGA	.		93		
CCDS35166.1	1329	1331	Sample_7.1	mnv	GA	AC	2	17591	179	.	TGA	.		90		
CCDS35166.1	1329	1332	Sample_7.1	mnv	GAC	AGA	2	17591	179	.	TGA	.		90		
CCDS35166.1	1329	1332	Sample_7.1	mnv	GAC	TGG	2	17591	179	.	TGA	.		90		
CCDS35166.1	1329	1331	Sample_7.1	mnv	GA	AG	1	17591	179	.	TGA	.	v2	2		
CCDS35166.1	1329	1331	Sample_7.1	mnv	GA	TG	1	17591	179	.	TGA	.	v2	2		
CCDS35166.1	1330	1332	Sample_7.1	mnv	AC	TG	15	17586	180	.	GAC	.		93		
CCDS35166.1	1330	1332	Sample_7.1	mnv	AC	GT	2	17586	180	.	GAC	.		90		
CCDS35166.1	1348	1350	Sample_7.1	mnv	AG	CT	14	33864	12531	.	GAG	.		93		
CCDS35166.1	1348	1349	Sample_7.1	indel	A	AGCTGCTAGAGAAGGACTACCGCATGGAGCGCCCAGAAGGCTGCCCAGAGAAGTTCTATGAACTCATGCGAGCAT	2	33864	12531	.	GAG	.		90		
CCDS35166.1	1365	1366	Sample_7.1	snv	T	A	75	17627	181	T>A	CTA	.		93		
CCDS35166.1	1365	1367	Sample_7.1	mnv	TA	AT	18	17627	181	.	CTA	.		93		
CCDS35166.1	1365	1368	Sample_7.1	mnv	TAC	AGA	9	17627	181	.	CTA	.		93		
CCDS35166.1	1365	1368	Sample_7.1	mnv	TAC	GGT	3	17627	181	.	CTA	.		93		
CCDS35166.1	1365	1366	Sample_7.1	snv	T	C	1	17627	181	T>C	CTA	.	v2	2		
CCDS35166.1	1367	1368	Sample_7.1	snv	C	T	8	17922	228	C>T	ACC	.		93		
CCDS35166.1	1372	1374	Sample_7.1	mnv	TG	AC	12	18196	129	.	ATG	.		93		
CCDS35166.1	1374	1377	Sample_7.1	mnv	GAG	ATC	16	18108	157	.	GGA	.		93		
CCDS35166.1	1374	1375	Sample_7.1	snv	G	C	12	18108	157	G>C	GGA	.		93		
CCDS35166.1	1374	1377	Sample_7.1	mnv	GAG	AGA	3	18108	157	.	GGA	.		93		
CCDS35166.1	1374	1376	Sample_7.1	mnv	GA	AT	3	18108	157	.	GGA	.		93		
CCDS35166.1	1374	1375	Sample_7.1	snv	G	A	2	18108	157	G>A	GGA	.		90		
CCDS35166.1	1374	1377	Sample_7.1	mnv	GAG	CAC	2	18108	157	.	GGA	.		90		
CCDS35166.1	1374	1377	Sample_7.1	mnv	GAG	CCT	2	18108	157	.	GGA	.		90		
CCDS35166.1	1374	1377	Sample_7.1	mnv	GAG	AAC	1	18108	157	.	GGA	.	v2	2		
CCDS35166.1	1374	1377	Sample_7.1	mnv	GAG	ACC	1	18108	157	.	GGA	.	v2	2		
CCDS35166.1	1374	1376	Sample_7.1	mnv	GA	CT	1	18108	157	.	GGA	.	v2	2		
CCDS35166.1	1375	1377	Sample_7.1	mnv	AG	GT	16	18250	241	.	GAG	.		93		
CCDS35166.1	1375	1380	Sample_7.1	mnv	AGCGC	GTCGT	8	18250	241	.	GAG	.		93		
CCDS35166.1	1375	1376	Sample_7.1	snv	A	T	8	18250	241	A>T	GAG	.		93		
CCDS35166.1	1377	1380	Sample_7.1	mnv	CGC	TGG	78	18382	356	.	GCG	.		93		
CCDS35166.1	1377	1379	Sample_7.1	mnv	CG	TA	6	18382	356	.	GCG	.		93		
CCDS35166.1	1377	1380	Sample_7.1	mnv	CGC	GAG	3	18382	356	.	GCG	.		93		
CCDS35166.1	1377	1378	Sample_7.1	snv	C	T	3	18382	356	C>T	GCG	.		93		
CCDS35166.1	1377	1380	Sample_7.1	mnv	CGC	GTG	1	18382	356	.	GCG	.	v2	2		
CCDS35166.1	1380	1381	Sample_7.1	snv	C	T	1	18322	83	C>T	CCC	.	v2	2		
CCDS35166.1	1383	1386	Sample_7.1	mnv	GAA	ATC	28	18469	79	.	AGA	.		93		
CCDS35166.1	1383	1386	Sample_7.1	mnv	GAA	CCT	1	18469	79	.	AGA	.	v2	2		
CCDS35166.1	1384	1386	Sample_7.1	mnv	AA	GT	1	18540	221	.	GAA	.	v2	2		
CCDS35166.1	1386	1389	Sample_7.1	mnv	GGC	CTG	33	18606	91	.	AGG	.		93		
CCDS35166.1	1386	1389	Sample_7.1	mnv	GGC	CAG	9	18606	91	.	AGG	.		93		
CCDS35166.1	1386	1387	Sample_7.1	snv	G	A	8	18606	91	G>A	AGG	.		93		
CCDS35166.1	1386	1389	Sample_7.1	mnv	GGC	TGG	8	18606	91	.	AGG	.		93		
CCDS35166.1	1386	1388	Sample_7.1	mnv	GG	TA	6	18606	91	.	AGG	.		93		
CCDS35166.1	1386	1388	Sample_7.1	mnv	GG	AA	5	18606	91	.	AGG	.		93		
CCDS35166.1	1386	1387	Sample_7.1	snv	G	T	3	18606	91	G>T	AGG	.		93		
CCDS35166.1	1386	1389	Sample_7.1	mnv	GGC	AAG	2	18606	91	.	AGG	.		90		
CCDS35166.1	1386	1389	Sample_7.1	mnv	GGC	AGA	2	18606	91	.	AGG	.		90		
CCDS35166.1	1386	1389	Sample_7.1	mnv	GGC	CCT	2	18606	91	.	AGG	.		90		
CCDS35166.1	1386	1388	Sample_7.1	mnv	GG	AC	1	18606	91	.	AGG	.	v2	2		
CCDS35166.1	1386	1387	Sample_7.1	snv	G	C	1	18606	91	G>C	AGG	.	v2	2		
CCDS35166.1	1387	1389	Sample_7.1	mnv	GC	AT	1	18513	332	.	GGC	.	v2	2		
CCDS35166.1	1387	1388	Sample_7.1	snv	G	C	1	18513	332	G>C	GGC	.	v2	2		
CCDS35166.1	1389	1391	Sample_7.1	mnv	TG	AT	11	18521	116	.	CTG	.		93		
CCDS35166.1	1389	1391	Sample_7.1	mnv	TG	AC	8	18521	116	.	CTG	.		93		
CCDS35166.1	1389	1391	Sample_7.1	mnv	TG	AA	5	18521	116	.	CTG	.		93		
CCDS35166.1	1391	1392	Sample_7.1	snv	C	T	1	18523	391	C>T	GCC	.	v2	2		
CCDS35166.1	1392	1395	Sample_7.1	mnv	CCA	ATG	18	18477	96	.	CCC	.		93		
CCDS35166.1	1392	1395	Sample_7.1	mnv	CCA	AAC	16	18477	96	.	CCC	.		93		
CCDS35166.1	1392	1395	Sample_7.1	mnv	CCA	GAG	15	18477	96	.	CCC	.		93		
CCDS35166.1	1392	1393	Sample_7.1	snv	C	T	14	18477	96	C>T	CCC	.		93		
CCDS35166.1	1392	1395	Sample_7.1	mnv	CCA	GCT	8	18477	96	.	CCC	.		93		
CCDS35166.1	1392	1395	Sample_7.1	mnv	CCA	TAC	8	18477	96	.	CCC	.		93		
CCDS35166.1	1392	1395	Sample_7.1	mnv	CCA	TTC	7	18477	96	.	CCC	.		93		
CCDS35166.1	1392	1395	Sample_7.1	mnv	CCA	AGC	2	18477	96	.	CCC	.		90		
CCDS35166.1	1392	1395	Sample_7.1	mnv	CCA	GTG	2	18477	96	.	CCC	.		90		
CCDS35166.1	1392	1395	Sample_7.1	mnv	CCA	TGG	2	18477	96	.	CCC	.		90		
CCDS35166.1	1392	1395	Sample_7.1	mnv	CCA	GAT	1	18477	96	.	CCC	.	v2	2		
CCDS35166.1	1392	1394	Sample_7.1	mnv	CC	GT	1	18477	96	.	CCC	.	v2	2		
CCDS35166.1	1393	1394	Sample_7.1	snv	C	A	3	18425	177	C>A	CCA	.		93		
CCDS35166.1	1395	1398	Sample_7.1	mnv	GAG	ATC	38	18479	64	.	AGA	.		93		
CCDS35166.1	1395	1398	Sample_7.1	mnv	GAG	TAC	7	18479	64	.	AGA	.		93		
CCDS35166.1	1395	1397	Sample_7.1	mnv	GA	AT	2	18479	64	.	AGA	.		90		
CCDS35166.1	1395	1398	Sample_7.1	mnv	GAG	CCT	2	18479	64	.	AGA	.		90		
CCDS35166.1	1395	1398	Sample_7.1	mnv	GAG	TGC	1	18479	64	.	AGA	.	v2	2		
CCDS35166.1	1396	1398	Sample_7.1	mnv	AG	CT	3	18460	110	.	GAG	.		93		
CCDS35166.1	1397	1398	Sample_7.1	snv	G	A	51	18451	107	G>A	AGA	.		93		
CCDS35166.1	1397	1398	Sample_7.1	snv	G	T	7	18451	107	G>T	AGA	.		93		
CCDS35166.1	1398	1401	Sample_7.1	mnv	AAG	TAC	24	18387	127	.	GAA	.		93		
CCDS35166.1	1398	1399	Sample_7.1	snv	A	C	5	18387	127	A>C	GAA	.		93		
CCDS35166.1	1398	1401	Sample_7.1	mnv	AAG	GAT	5	18387	127	.	GAA	.		93		
CCDS35166.1	1398	1401	Sample_7.1	mnv	AAG	CAC	4	18387	127	.	GAA	.		93		
CCDS35166.1	1398	1401	Sample_7.1	mnv	AAG	CCT	4	18387	127	.	GAA	.		93		
CCDS35166.1	1398	1401	Sample_7.1	mnv	AAG	TTC	3	18387	127	.	GAA	.		93		
CCDS35166.1	1399	1401	Sample_7.1	mnv	AG	CC	10	18360	280	.	AAG	.		93		
CCDS35166.1	1399	1403	Sample_7.1	mnv	AGGT	GGAC	2	18360	280	.	AAG	.		90		
CCDS35166.1	1399	1400	Sample_7.1	snv	A	C	1	18360	280	A>C	AAG	.	v2	2		
CCDS35166.1	1399	1400	Sample_7.1	snv	A	T	1	18360	280	A>T	AAG	.	v2	2		
CCDS35166.1	1400	1401	Sample_7.1	snv	G	A	11	18370	208	G>A	AGG	.		93		
CCDS35166.1	1401	1403	Sample_7.1	mnv	GT	AC	32	18325	88	.	GGT	.		93		
CCDS35166.1	1401	1402	Sample_7.1	snv	G	T	12	18325	88	G>T	GGT	.		93		
CCDS35166.1	1401	1404	Sample_7.1	mnv	GTC	CTG	10	18325	88	.	GGT	.		93		
CCDS35166.1	1401	1404	Sample_7.1	mnv	GTC	CCT	8	18325	88	.	GGT	.		93		
CCDS35166.1	1401	1404	Sample_7.1	mnv	GTC	ATG	6	18325	88	.	GGT	.		93		
CCDS35166.1	1401	1403	Sample_7.1	mnv	GT	TG	4	18325	88	.	GGT	.		93		
CCDS35166.1	1401	1402	Sample_7.1	snv	G	A	3	18325	88	G>A	GGT	.		93		
CCDS35166.1	1401	1404	Sample_7.1	mnv	GTC	AGA	1	18325	88	.	GGT	.	v2	2		
CCDS35166.1	1401	1404	Sample_7.1	mnv	GTC	TGG	1	18325	88	.	GGT	.	v2	2		
CCDS35166.1	1402	1404	Sample_7.1	mnv	TC	AG	15	18278	172	.	GTC	.		93		
CCDS35166.1	1403	1404	Sample_7.1	snv	C	A	2	18294	115	C>A	TCT	.		90		
CCDS35166.1	1404	1407	Sample_7.1	mnv	TAT	GTG	4	18273	118	.	CTA	.		93		
CCDS35166.1	1404	1405	Sample_7.1	snv	T	G	2	18273	118	T>G	CTA	.		90		
CCDS35166.1	1404	1407	Sample_7.1	mnv	TAT	CAG	1	18273	118	.	CTA	.	v2	2		
CCDS35166.1	1404	1406	Sample_7.1	mnv	TA	GG	1	18273	118	.	CTA	.	v2	2		
CCDS35166.1	1405	1407	Sample_7.1	mnv	AT	TC	8	18265	155	.	TAT	.		93		
CCDS35166.1	1405	1407	Sample_7.1	mnv	AT	GC	6	18265	155	.	TAT	.		93		
CCDS35166.1	1405	1407	Sample_7.1	mnv	AT	GG	1	18265	155	.	TAT	.	v2	2		
CCDS35166.1	1407	1410	Sample_7.1	mnv	GAA	CCT	27	18205	102	.	TGA	.		93		
CCDS35166.1	1407	1410	Sample_7.1	mnv	GAA	AAG	19	18205	102	.	TGA	.		93		
CCDS35166.1	1407	1413	Sample_7.1	mnv	GAACTC	CCTCTT	15	18205	102	.	TGA	.		93		
CCDS35166.1	1407	1410	Sample_7.1	mnv	GAA	AGC	13	18205	102	.	TGA	.		93		
CCDS35166.1	1407	1408	Sample_7.1	snv	G	A	7	18205	102	G>A	TGA	.		93		
CCDS35166.1	1407	1410	Sample_7.1	mnv	GAA	CTG	5	18205	102	.	TGA	.		93		
CCDS35166.1	1407	1410	Sample_7.1	mnv	GAA	TAC	5	18205	102	.	TGA	.		93		
CCDS35166.1	1407	1410	Sample_7.1	mnv	GAA	ACC	1	18205	102	.	TGA	.	v2	2		
CCDS35166.1	1407	1410	Sample_7.1	mnv	GAA	ATC	1	18205	102	.	TGA	.	v2	2		
CCDS35166.1	1407	1410	Sample_7.1	mnv	GAA	TTC	1	18205	102	.	TGA	.	v2	2		
CCDS35166.1	1410	1413	Sample_7.1	mnv	CTC	GTG	41	18367	131	.	ACT	.		93		
CCDS35166.1	1410	1413	Sample_7.1	mnv	CTC	GAG	37	18367	131	.	ACT	.		93		
CCDS35166.1	1410	1413	Sample_7.1	mnv	CTC	TGG	14	18367	131	.	ACT	.		93		
CCDS35166.1	1410	1412	Sample_7.1	mnv	CT	AC	11	18367	131	.	ACT	.		93		
CCDS35166.1	1410	1411	Sample_7.1	snv	C	T	10	18367	131	C>T	ACT	.		93		
CCDS35166.1	1410	1413	Sample_7.1	mnv	CTC	ATG	6	18367	131	.	ACT	.		93		
CCDS35166.1	1410	1413	Sample_7.1	mnv	CTC	AAG	5	18367	131	.	ACT	.		93		
CCDS35166.1	1410	1412	Sample_7.1	mnv	CT	AG	5	18367	131	.	ACT	.		93		
CCDS35166.1	1410	1412	Sample_7.1	mnv	CT	TA	3	18367	131	.	ACT	.		93		
CCDS35166.1	1410	1413	Sample_7.1	mnv	CTC	AGA	2	18367	131	.	ACT	.		90		
CCDS35166.1	1410	1412	Sample_7.1	mnv	CT	TG	2	18367	131	.	ACT	.		90		
CCDS35166.1	1411	1412	Sample_7.1	snv	T	A	13	18359	293	T>A	CTC	.		93		
CCDS35166.1	1413	1414	Sample_7.1	snv	A	C	7	18595	174	A>C	CAT	.		93		
CCDS35166.1	1413	1416	Sample_7.1	mnv	ATG	TGC	3	18595	174	.	CAT	.		93		
CCDS35166.1	1413	1414	Sample_7.1	snv	A	G	1	18595	174	A>G	CAT	.	v2	2		
CCDS35166.1	1414	1416	Sample_7.1	mnv	TG	CT	1	18686	119	.	ATG	.	v2	2		
CCDS35166.1	1415	1416	Sample_7.1	snv	G	A	2	18807	114	G>A	TGC	.		90		
CCDS35166.1	1416	1419	Sample_7.1	mnv	CGA	ATG	15	18860	370	.	GCG	.		93		
CCDS35166.1	1416	1419	Sample_7.1	mnv	CGA	AGC	9	18860	370	.	GCG	.		93		
CCDS35166.1	1416	1419	Sample_7.1	mnv	CGA	AAG	7	18860	370	.	GCG	.		93		
CCDS35166.1	1416	1419	Sample_7.1	mnv	CGA	GAT	4	18860	370	.	GCG	.		93		
CCDS35166.1	1416	1419	Sample_7.1	mnv	CGA	TTC	3	18860	370	.	GCG	.		93		
CCDS35166.1	1416	1419	Sample_7.1	mnv	CGA	TGG	2	18860	370	.	GCG	.		90		
CCDS35166.1	1416	1419	Sample_7.1	mnv	CGA	ACC	1	18860	370	.	GCG	.	v2	2		
CCDS35166.1	1419	1422	Sample_7.1	mnv	GCA	AAC	5	18899	225	.	AGC	.		93		
CCDS35166.1	1419	1422	Sample_7.1	mnv	GCA	CAG	4	18899	225	.	AGC	.		93		
CCDS35166.1	1419	1420	Sample_7.1	snv	G	T	3	18899	225	G>T	AGC	.		93		
CCDS35166.1	1419	1422	Sample_7.1	mnv	GCA	TGG	2	18899	225	.	AGC	.		90		
CCDS35166.1	1419	1422	Sample_7.1	mnv	GCA	ATC	1	18899	225	.	AGC	.	v2	2		
CCDS35166.1	1419	1422	Sample_7.1	mnv	GCA	CTG	1	18899	225	.	AGC	.	v2	2		
CCDS35166.1	1419	1422	Sample_7.1	mnv	GCA	TAC	1	18899	225	.	AGC	.	v2	2		
CCDS35166.1	1420	1422	Sample_7.1	mnv	CA	TG	9	18700	323	.	GCA	.		93		
CCDS35166.1	1420	1421	Sample_7.1	snv	C	T	6	18700	323	C>T	GCA	.		93		
CCDS35166.1	1420	1421	Sample_7.1	snv	C	A	1	18700	323	C>A	GCA	.	v2	2		
CCDS35166.1	1422	1425	Sample_7.1	mnv	TGT	AGC	38	18711	225	.	ATG	.		93		
CCDS35166.1	1422	1425	Sample_7.1	mnv	TGT	ACC	18	18711	225	.	ATG	.		93		
CCDS35166.1	1422	1423	Sample_7.1	snv	T	A	4	18711	225	T>A	ATG	.		93		
CCDS35166.1	1422	1425	Sample_7.1	mnv	TGT	ATG	4	18711	225	.	ATG	.		93		
CCDS35166.1	1425	1428	Sample_7.1	mnv	TGG	CAC	4	18668	156	.	TTG	.		93		
CCDS35166.1	1428	1430	Sample_7.1	mnv	CA	AT	34	18672	342	.	GCA	.		93		
CCDS35166.1	1428	1431	Sample_7.1	mnv	CAG	AGA	11	18672	342	.	GCA	.		93		
CCDS35166.1	1428	1431	Sample_7.1	mnv	CAG	ATC	8	18672	342	.	GCA	.		93		
CCDS35166.1	1428	1431	Sample_7.1	mnv	CAG	AAC	6	18672	342	.	GCA	.		93		
CCDS35166.1	1428	1429	Sample_7.1	snv	C	A	5	18672	342	C>A	GCA	.		93		
CCDS35166.1	1428	1429	Sample_7.1	snv	C	G	4	18672	342	C>G	GCA	.		93		
CCDS35166.1	1428	1431	Sample_7.1	mnv	CAG	GCT	2	18672	342	.	GCA	.		90		
CCDS35166.1	1431	1434	Sample_7.1	mnv	TGG	GCT	23	18619	149	.	GTG	.		93		
CCDS35166.1	1431	1434	Sample_7.1	mnv	TGG	CAC	20	18619	149	.	GTG	.		93		
CCDS35166.1	1431	1434	Sample_7.1	mnv	TGG	AGA	8	18619	149	.	GTG	.		93		
CCDS35166.1	1431	1433	Sample_7.1	mnv	TG	AT	6	18619	149	.	GTG	.		93		
CCDS35166.1	1431	1433	Sample_7.1	mnv	TG	GC	3	18619	149	.	GTG	.		93		
CCDS35166.1	1431	1434	Sample_7.1	mnv	TGG	AGC	1	18619	149	.	GTG	.	v2	2		
CCDS35166.1	1431	1433	Sample_7.1	mnv	TG	CA	1	18619	149	.	GTG	.	v2	2		
CCDS35166.1	1434	1437	Sample_7.1	mnv	AAT	TGC	30	18641	185	.	GAA	.		93		
CCDS35166.1	1434	1438	Sample_7.1	mnv	AATC	GTGT	23	18641	185	.	GAA	.		93		
CCDS35166.1	1434	1436	Sample_7.1	mnv	AA	GG	14	18641	185	.	GAA	.		93		
CCDS35166.1	1434	1437	Sample_7.1	mnv	AAT	CAC	1	18641	185	.	GAA	.	v2	2		
CCDS35166.1	1434	1436	Sample_7.1	mnv	AA	GC	1	18641	185	.	GAA	.	v2	2		
CCDS35166.1	1434	1440	Sample_7.1	mnv	AATCCC	TACCCT	1	18641	185	.	GAA	.	v2	2		
CCDS35166.1	1434	1437	Sample_7.1	mnv	AAT	TGG	1	18641	185	.	GAA	.	v2	2		
CCDS35166.1	1435	1436	Sample_7.1	snv	A	C	2	18666	413	A>C	AAT	.	NM8.0	90		
CCDS35166.1	1435	1437	Sample_7.1	mnv	AT	CC	2	18666	413	.	AAT	.		90		
CCDS35166.1	1436	1437	Sample_7.1	snv	T	G	3	18621	162	T>G	ATC	.		93		
CCDS35166.1	1437	1439	Sample_7.1	mnv	CC	AG	6	18536	132	.	TCC	.		93		
CCDS35166.1	1437	1440	Sample_7.1	mnv	CCC	GTG	4	18536	132	.	TCC	.		93		
CCDS35166.1	1437	1439	Sample_7.1	mnv	CC	TT	3	18536	132	.	TCC	.		93		
CCDS35166.1	1437	1439	Sample_7.1	mnv	CC	TA	2	18536	132	.	TCC	.		90		
CCDS35166.1	1437	1443	Sample_7.1	mnv	CCCTCT	TCCATG	1	18536	132	.	TCC	.	v2	2		
CCDS35166.1	1437	1439	Sample_7.1	mnv	CC	TG	1	18536	132	.	TCC	.	v2	2		
CCDS35166.1	1438	1440	Sample_7.1	mnv	CC	AG	18	18629	133	.	CCC	.		93		
CCDS35166.1	1438	1439	Sample_7.1	snv	C	A	14	18629	133	C>A	CCC	.		93		
CCDS35166.1	1439	1440	Sample_7.1	snv	C	T	3	18800	122	C>T	CCT	.		93		
CCDS35166.1	1440	1443	Sample_7.1	mnv	TCT	AGA	46	18876	222	.	CTC	.		93		
CCDS35166.1	1440	1441	Sample_7.1	snv	T	G	13	18876	222	T>G	CTC	.		93		
CCDS35166.1	1440	1441	Sample_7.1	snv	T	C	5	18876	222	T>C	CTC	.		93		
CCDS35166.1	1440	1441	Sample_7.1	snv	T	A	3	18876	222	T>A	CTC	.		93		
CCDS35166.1	1440	1443	Sample_7.1	mnv	TCT	GAG	3	18876	222	.	CTC	.		93		
CCDS35166.1	1440	1443	Sample_7.1	mnv	TCT	ATC	1	18876	222	.	CTC	.	v2	2		
CCDS35166.1	1441	1443	Sample_7.1	mnv	CT	TC	36	18850	97	.	TCT	.		93		
CCDS35166.1	1441	1442	Sample_7.1	snv	C	T	29	18850	97	C>T	TCT	.		93		
CCDS35166.1	1443	1446	Sample_7.1	mnv	GAC	ATG	8	18814	122	.	TGA	.		93		
CCDS35166.1	1443	1445	Sample_7.1	mnv	GA	AT	5	18814	122	.	TGA	.		93		
CCDS35166.1	1443	1444	Sample_7.1	snv	G	C	5	18814	122	G>C	TGA	.		93		
CCDS35166.1	1443	1446	Sample_7.1	mnv	GAC	AAG	1	18814	122	.	TGA	.	v2	2		
CCDS35166.1	1443	1445	Sample_7.1	mnv	GA	AC	1	18814	122	.	TGA	.	v2	2		
CCDS35166.1	1448	1449	Sample_7.1	snv	G	A	3	19185	394	G>A	GGC	.		93		
CCDS35166.1	1449	1452	Sample_7.1	mnv	CCC	AAG	24	19114	219	.	GCC	.		93		
CCDS35166.1	1450	1451	Sample_7.1	snv	C	A	1	19112	181	C>A	CCC	.	v2	2		
CCDS35166.1	1451	1452	Sample_7.1	snv	C	T	3	19145	207	C>T	CCT	.		93		
CCDS35166.1	1452	1455	Sample_7.1	mnv	TCC	CAG	7	19139	191	.	CTC	.		93		
CCDS35166.1	1452	1455	Sample_7.1	mnv	TCC	GAT	6	19139	191	.	CTC	.		93		
CCDS35166.1	1452	1454	Sample_7.1	mnv	TC	CA	2	19139	191	.	CTC	.		90		
CCDS35166.1	1452	1455	Sample_7.1	mnv	TCC	GTG	1	19139	191	.	CTC	.	v2	2		
CCDS35166.1	1453	1454	Sample_7.1	snv	C	T	46	19088	126	C>T	TCC	.		93		
CCDS35166.1	1453	1455	Sample_7.1	mnv	CC	GG	3	19088	126	.	TCC	.		93		
CCDS35166.1	1455	1458	Sample_7.1	mnv	TTT	ATG	2	19227	241	.	CTT	.		90		
CCDS35166.1	1455	1458	Sample_7.1	mnv	TTT	CAC	2	19227	241	.	CTT	.		90		
CCDS35166.1	1455	1458	Sample_7.1	mnv	TTT	CAG	1	19227	241	.	CTT	.	v2	2		
CCDS35166.1	1456	1458	Sample_7.1	mnv	TT	GG	1	19167	269	.	TTT	.	v2	2		
CCDS35166.1	1458	1459	Sample_7.1	snv	G	C	77	19245	215	G>C	TGC	.		93		
CCDS35166.1	1458	1461	Sample_7.1	mnv	GCT	TGC	43	19245	215	.	TGC	.		93		
CCDS35166.1	1458	1461	Sample_7.1	mnv	GCT	TGG	42	19245	215	.	TGC	.		93		
CCDS35166.1	1458	1461	Sample_7.1	mnv	GCT	AGC	35	19245	215	.	TGC	.		93		
CCDS35166.1	1458	1459	Sample_7.1	snv	G	A	21	19245	215	G>A	TGC	.		93		
CCDS35166.1	1458	1461	Sample_7.1	mnv	GCT	ATG	12	19245	215	.	TGC	.		93		
CCDS35166.1	1458	1460	Sample_7.1	mnv	GC	TG	12	19245	215	.	TGC	.		93		
CCDS35166.1	1458	1461	Sample_7.1	mnv	GCT	CAG	9	19245	215	.	TGC	.		93		
CCDS35166.1	1458	1461	Sample_7.1	mnv	GCT	ATC	8	19245	215	.	TGC	.		93		
CCDS35166.1	1458	1461	Sample_7.1	mnv	GCT	ACC	3	19245	215	.	TGC	.		93		
CCDS35166.1	1458	1460	Sample_7.1	mnv	GC	AG	3	19245	215	.	TGC	.		93		
CCDS35166.1	1458	1461	Sample_7.1	mnv	GCT	AGA	3	19245	215	.	TGC	.		93		
CCDS35166.1	1458	1461	Sample_7.1	mnv	GCT	TAC	2	19245	215	.	TGC	.		90		
CCDS35166.1	1458	1461	Sample_7.1	mnv	GCT	AAG	1	19245	215	.	TGC	.	v2	2		
CCDS35166.1	1459	1461	Sample_7.1	mnv	CT	TG	13	19337	442	.	GCT	.		93		
CCDS35166.1	1459	1460	Sample_7.1	snv	C	A	9	19337	442	C>A	GCT	.		93		
CCDS35166.1	1459	1460	Sample_7.1	snv	C	T	2	19337	442	C>T	GCT	.		90		
CCDS35166.1	1461	1464	Sample_7.1	mnv	GAA	ATG	60	19263	274	.	TGA	.		93		
CCDS35166.1	1461	1462	Sample_7.1	snv	G	A	20	19263	274	G>A	TGA	.		93		
CCDS35166.1	1461	1464	Sample_7.1	mnv	GAA	TAC	14	19263	274	.	TGA	.		93		
CCDS35166.1	1461	1464	Sample_7.1	mnv	GAA	AAG	13	19263	274	.	TGA	.		93		
CCDS35166.1	1461	1464	Sample_7.1	mnv	GAA	TGC	7	19263	274	.	TGA	.		93		
CCDS35166.1	1461	1464	Sample_7.1	mnv	GAA	AGC	5	19263	274	.	TGA	.		93		
CCDS35166.1	1461	1464	Sample_7.1	mnv	GAA	CTG	2	19263	274	.	TGA	.		90		
CCDS35166.1	1461	1464	Sample_7.1	mnv	GAA	ACC	1	19263	274	.	TGA	.	v2	2		
CCDS35166.1	1461	1463	Sample_7.1	mnv	GA	AT	1	19263	274	.	TGA	.	v2	2		
CCDS35166.1	1461	1462	Sample_7.1	snv	G	T	1	19263	274	G>T	TGA	.	NM8.0,v2	2		
CCDS35166.1	1462	1464	Sample_7.1	mnv	AA	GT	12	19247	291	.	GAA	.		93		
CCDS35166.1	1462	1464	Sample_7.1	mnv	AA	CT	9	19247	291	.	GAA	.		93		
CCDS35166.1	1462	1463	Sample_7.1	snv	A	C	1	19247	291	A>C	GAA	.	v2	2		
CCDS35166.1	1464	1466	Sample_7.1	mnv	AT	TG	29	19368	171	.	AAT	.		93		
CCDS35166.1	1464	1467	Sample_7.1	mnv	ATC	CTG	16	19368	171	.	AAT	.		93		
CCDS35166.1	1464	1465	Sample_7.1	snv	A	C	1	19368	171	A>C	AAT	.	v2	2		
CCDS35166.1	1464	1465	Sample_7.1	snv	A	T	1	19368	171	A>T	AAT	.	v2	2		
CCDS35166.1	1467	1470	Sample_7.1	mnv	CAC	GAG	8	19337	117	.	CCA	.		93		
CCDS35166.1	1467	1470	Sample_7.1	mnv	CAC	AAG	2	19337	117	.	CCA	.		90		
CCDS35166.1	1467	1468	Sample_7.1	snv	C	G	1	19337	117	C>G	CCA	.	v2	2		
CCDS35166.1	1467	1470	Sample_7.1	mnv	CAC	GCT	1	19337	117	.	CCA	.	v2	2		
CCDS35166.1	1467	1473	Sample_7.1	mnv	CACCAA	TACGCT	1	19337	117	.	CCA	.	v2	2		
CCDS35166.1	1469	1470	Sample_7.1	snv	C	T	8	19402	140	C>T	ACC	.		93		
CCDS35166.1	1470	1473	Sample_7.1	mnv	CAA	AGC	39	19294	123	.	CCA	.		93		
CCDS35166.1	1470	1471	Sample_7.1	snv	C	A	22	19294	123	C>A	CCA	.		93		
CCDS35166.1	1470	1473	Sample_7.1	mnv	CAA	GAG	7	19294	123	.	CCA	.		93		
CCDS35166.1	1470	1473	Sample_7.1	mnv	CAA	AAG	3	19294	123	.	CCA	.		93		
CCDS35166.1	1470	1473	Sample_7.1	mnv	CAA	ACC	3	19294	123	.	CCA	.		93		
CCDS35166.1	1470	1472	Sample_7.1	mnv	CA	AG	3	19294	123	.	CCA	.		93		
CCDS35166.1	1470	1473	Sample_7.1	mnv	CAA	ATG	3	19294	123	.	CCA	.		93		
CCDS35166.1	1470	1473	Sample_7.1	mnv	CAA	GAT	2	19294	123	.	CCA	.		90		
CCDS35166.1	1470	1473	Sample_7.1	mnv	CAA	GGT	2	19294	123	.	CCA	.		90		
CCDS35166.1	1470	1473	Sample_7.1	mnv	CAA	AAC	1	19294	123	.	CCA	.	v2	2		
CCDS35166.1	1470	1473	Sample_7.1	mnv	CAA	TAC	1	19294	123	.	CCA	.	v2	2		
CCDS35166.1	1470	1473	Sample_7.1	mnv	CAA	TGC	1	19294	123	.	CCA	.	v2	2		
CCDS35166.1	1470	1473	Sample_7.1	mnv	CAA	TGG	1	19294	123	.	CCA	.	v2	2		
CCDS35166.1	1471	1475	Sample_7.1	mnv	AAGC	CTGT	33	19330	366	.	CAA	.		93		
CCDS35166.1	1471	1472	Sample_7.1	snv	A	G	11	19330	366	A>G	CAA	.		93		
CCDS35166.1	1471	1473	Sample_7.1	mnv	AA	CT	10	19330	366	.	CAA	.		93		
CCDS35166.1	1473	1476	Sample_7.1	mnv	GCC	AAG	49	19280	228	.	AGC	.		93		
CCDS35166.1	1473	1476	Sample_7.1	mnv	GCC	AGA	16	19280	228	.	AGC	.		93		
CCDS35166.1	1473	1476	Sample_7.1	mnv	GCC	CTG	16	19280	228	.	AGC	.		93		
CCDS35166.1	1473	1476	Sample_7.1	mnv	GCC	CAG	15	19280	228	.	AGC	.		93		
CCDS35166.1	1473	1475	Sample_7.1	mnv	GC	AT	7	19280	228	.	AGC	.		93		
CCDS35166.1	1473	1475	Sample_7.1	mnv	GC	TA	5	19280	228	.	AGC	.		93		
CCDS35166.1	1473	1474	Sample_7.1	snv	G	A	3	19280	228	G>A	AGC	.		93		
CCDS35166.1	1473	1475	Sample_7.1	mnv	GC	CA	2	19280	228	.	AGC	.		90		
CCDS35166.1	1473	1475	Sample_7.1	mnv	GC	TT	2	19280	228	.	AGC	.		90		
CCDS35166.1	1473	1475	Sample_7.1	mnv	GC	AA	1	19280	228	.	AGC	.	v2	2		
CCDS35166.1	1473	1479	Sample_7.1	mnv	GCCTTT	AGATTC	1	19280	228	.	AGC	.	v2	2		
CCDS35166.1	1473	1474	Sample_7.1	snv	G	C	1	19280	228	G>C	AGC	.	v2	2		
CCDS35166.1	1473	1476	Sample_7.1	mnv	GCC	CCT	1	19280	228	.	AGC	.	v2	2		
CCDS35166.1	1473	1475	Sample_7.1	mnv	GC	TG	1	19280	228	.	AGC	.	v2	2		
CCDS35166.1	1474	1476	Sample_7.1	mnv	CC	AT	1	19201	302	.	GCC	.	v2	2		
CCDS35166.1	1474	1479	Sample_7.1	mnv	CCTTT	TGTTC	1	19201	302	.	GCC	.	v2	2		
CCDS35166.1	1475	1476	Sample_7.1	snv	C	T	7	19250	234	C>T	CCT	.		93		
CCDS35166.1	1476	1479	Sample_7.1	mnv	TTT	CAC	167	19273	385	.	CTT	.		93		
CCDS35166.1	1476	1479	Sample_7.1	mnv	TTT	AAC	11	19273	385	.	CTT	.		93		
CCDS35166.1	1476	1478	Sample_7.1	mnv	TT	CA	10	19273	385	.	CTT	.		93		
CCDS35166.1	1476	1479	Sample_7.1	mnv	TTT	GAG	7	19273	385	.	CTT	.		93		
CCDS35166.1	1476	1479	Sample_7.1	mnv	TTT	ACC	4	19273	385	.	CTT	.		93		
CCDS35166.1	1476	1478	Sample_7.1	mnv	TT	GC	4	19273	385	.	CTT	.		93		
CCDS35166.1	1476	1479	Sample_7.1	mnv	TTT	ATC	3	19273	385	.	CTT	.		93		
CCDS35166.1	1476	1479	Sample_7.1	mnv	TTT	CTG	3	19273	385	.	CTT	.		93		
CCDS35166.1	1476	1479	Sample_7.1	mnv	TTT	GTG	3	19273	385	.	CTT	.		93		
CCDS35166.1	1476	1479	Sample_7.1	mnv	TTT	AAG	1	19273	385	.	CTT	.	v2	2		
CCDS35166.1	1476	1478	Sample_7.1	mnv	TT	AG	1	19273	385	.	CTT	.	v2	2		
CCDS35166.1	1476	1479	Sample_7.1	mnv	TTT	ATG	1	19273	385	.	CTT	.	v2	2		
CCDS35166.1	1476	1478	Sample_7.1	mnv	TT	GG	1	19273	385	.	CTT	.	v2	2		
CCDS35166.1	1477	1479	Sample_7.1	mnv	TT	GC	9	19241	424	.	TTT	.		93		
CCDS35166.1	1478	1479	Sample_7.1	snv	T	C	2453	19167	464	T>C	TTG	.		93		
CCDS35166.1	1479	1480	Sample_7.1	snv	G	A	9	19227	140	G>A	TGA	.		93		
CCDS35166.1	1483	1484	Sample_7.1	snv	C	T	2	19137	182	C>T	ACA	.		90		
CCDS35166.1	1487	1488	Sample_7.1	snv	G	A	16	19042	146	G>A	TGT	.		93		
CCDS35166.1	1488	1489	Sample_7.1	snv	T	G	18	19030	313	T>G	GTT	.		93		
CCDS35166.1	1491	1492	Sample_7.1	snv	C	A	20	18913	118	C>A	CCA	.		93		
CCDS35166.1	1493	1494	Sample_7.1	snv	G	A	5	18810	137	G>A	AGG	.		93		
CCDS35166.1	1494	1495	Sample_7.1	snv	G	A	9	18587	122	G>A	GGA	.		93		
CCDS35166.1	1498	1499	Sample_7.1	snv	C	T	1	18385	136	C>T	TCC	.	v2	2		
CCDS35166.1	1499	1500	Sample_7.1	snv	C	T	9	18371	134	C>T	CCA	.		93		
CCDS35166.1	1503	1504	Sample_7.1	snv	A	G	3	18295	145	A>G	TAT	.		93		
CCDS35166.1	1505	1506	Sample_7.1	snv	C	T	18	18195	99	C>T	TCT	.		93		
CCDS35166.1	1507	1508	Sample_7.1	snv	C	A	4	18233	123	C>A	TCA	.		93		
CCDS35166.1	1512	1513	Sample_7.1	snv	G	A	8	18200	182	G>A	CGA	.		93		
CCDS35166.1	1515	1516	Sample_7.1	snv	G	A	2	18311	103	G>A	AGT	.		90		
CCDS35166.1	1517	1518	Sample_7.1	snv	G	A	16	18106	148	G>A	TGG	.		93		
CCDS35166.1	1518	1519	Sample_7.1	snv	G	A	63	18069	131	G>A	GGA	.		93		
CCDS35166.1	1520	1521	Sample_7.1	snv	A	C	1	18093	193	A>C	AAA	.	v2	2		
CCDS35166.1	1523	1524	Sample_7.1	snv	G	A	3	18073	172	G>A	AGG	.		93		
CCDS35166.1	1524	1525	Sample_7.1	snv	G	A	6	17969	104	G>A	GGA	.		93		
CCDS35166.1	1528	1529	Sample_7.1	snv	T	C	1	17751	175	T>C	CTG	.	v2	2		
CCDS35166.1	1529	1530	Sample_7.1	snv	G	A	12	17722	123	G>A	TGG	.		93		
CCDS35166.1	1530	1531	Sample_7.1	snv	G	A	4	17673	111	G>A	GGG	.		93		
CCDS35166.1	1531	1532	Sample_7.1	snv	G	A	9	17689	146	G>A	GGG	.		93		
CCDS35166.1	1532	1533	Sample_7.1	snv	G	A	48	17565	191	G>A	GGA	.		93		
CCDS35166.1	1533	1534	Sample_7.1	snv	A	G	1	17566	103	A>G	GAA	.	v2	2		
CCDS35166.1	1541	1542	Sample_7.1	snv	C	T	6	17679	264	C>T	GCG	.		93		
CCDS35166.1	1548	1549	Sample_7.1	snv	G	A	19	16720	140	G>A	TGG	.		93		
CCDS35166.1	1549	1550	Sample_7.1	snv	G	C	1	16533	112	G>C	GGG	.	v2	2		
CCDS35166.1	1551	1552	Sample_7.1	snv	G	A	18	16159	273	G>A	GGC	.		93		
CCDS35166.1	1554	1555	Sample_7.1	snv	G	A	18	15794	381	G>A	TGT	.		93		
CCDS35166.1	1565	1566	Sample_7.1	snv	G	A	2	14884	113	G>A	TGC	.		90		
CCDS35166.1	1568	1569	Sample_7.1	snv	G	A	2	14565	355	G>A	TGC	.		90		
CCDS35166.1	1571	1572	Sample_7.1	snv	G	A	1	14230	108	G>A	AGG	.	v2	2		
