type,alt_start_pos,alt_end_pos,ref,alt,ct,depth,protein_start,protein_end,amino_acids,codons,impact,polyphen_prediction,consequence_terms
snp,1896,1897,T,C,3,535.666666666667,632.0,632.0,G,ggT/ggC,LOW,,synonymous_variant
snp,1939,1940,G,C,1,886.0,647.0,647.0,A/P,Gcc/Ccc,MODERATE,probably_damaging,missense_variant
snp,2008,2009,A,T,1,7683.0,670.0,670.0,R/W,Agg/Tgg,MODERATE,possibly_damaging,missense_variant
snp,2058,2059,G,T,1,4803.0,686.0,686.0,R/S,agG/agT,MODERATE,benign,missense_variant
snp,2099,2100,A,T,1,5472.0,700.0,700.0,N/I,aAc/aTc,MODERATE,probably_damaging,missense_variant
snp,2146,2147,A,G,2,22574.0,716.0,716.0,K/E,Aaa/Gaa,MODERATE,possibly_damaging,missense_variant
snp,2153,2154,T,C,1,19028.0,718.0,718.0,L/P,cTg/cCg,MODERATE,probably_damaging,missense_variant
snp,2155,2156,G,T,1,23114.0,719.0,719.0,G/C,Ggc/Tgc,MODERATE,probably_damaging,missense_variant
snp,2170,2171,G,A,1,19361.0,724.0,724.0,G/S,Ggc/Agc,MODERATE,probably_damaging,missense_variant
snp,2170,2171,G,C,1,19714.0,724.0,724.0,G/R,Ggc/Cgc,MODERATE,probably_damaging,missense_variant
snp,2197,2198,C,A,2,23040.5,733.0,733.0,P/T,Cca/Aca,MODERATE,probably_damaging,missense_variant
snp,2204,2205,G,A,1,16595.0,735.0,735.0,G/D,gGt/gAt,MODERATE,probably_damaging,missense_variant
snp,2205,2206,T,A,1,18253.0,735.0,735.0,G,ggT/ggA,LOW,,synonymous_variant
snp,2207,2208,A,T,2,23200.0,736.0,736.0,E/V,gAg/gTg,MODERATE,probably_damaging,missense_variant
snp,2210,2211,A,C,1,17519.0,737.0,737.0,K/T,aAa/aCa,MODERATE,benign,missense_variant
snp,2225,2226,T,A,1,19944.0,742.0,742.0,V/D,gTc/gAc,MODERATE,probably_damaging,missense_variant
snp,2233,2234,A,T,1,24525.0,,,,,,,stop_gained
snp,2238,2239,A,G,1,21774.0,746.0,746.0,E,gaA/gaG,LOW,,synonymous_variant
snp,2262,2263,A,T,1,26349.0,754.0,754.0,K/N,aaA/aaT,MODERATE,possibly_damaging,missense_variant
snp,2270,2271,A,T,118,24632.6271186441,757.0,757.0,K/M,aAg/aTg,MODERATE,probably_damaging,missense_variant
snp,2281,2282,G,A,1,24859.0,761.0,761.0,D/N,Gat/Aat,MODERATE,probably_damaging,missense_variant
snp,2293,2294,G,A,1,23708.0,765.0,765.0,V/M,Gtg/Atg,MODERATE,probably_damaging,missense_variant
snp,2303,2304,G,C,2,24663.0,768.0,768.0,S/T,aGc/aCc,MODERATE,possibly_damaging,missense_variant
snp,2307,2308,G,A,1,26002.0,769.0,769.0,V,gtG/gtA,LOW,,synonymous_variant
snp,2323,2324,T,C,1,26002.0,775.0,775.0,C/R,Tgc/Cgc,MODERATE,probably_damaging,missense_variant
snp,2325,2326,C,T,2,25099.0,775.0,775.0,C,tgC/tgT,LOW,,synonymous_variant
snp,2327,2328,G,A,2,25112.0,776.0,776.0,R/H,cGc/cAc,MODERATE,probably_damaging,missense_variant
snp,2328,2329,C,A,1,25928.0,776.0,776.0,R,cgC/cgA,LOW,,synonymous_variant
snp,2342,2343,G,A,1,21346.0,781.0,781.0,C/Y,tGc/tAc,MODERATE,probably_damaging,missense_variant
snp,2343,2344,C,T,1,25037.0,781.0,781.0,C,tgC/tgT,LOW,,synonymous_variant
snp,2352,2353,C,T,1,25187.0,784.0,784.0,S,tcC/tcT,LOW,,synonymous_variant
snp,2363,2364,T,A,1,25101.0,788.0,788.0,L/H,cTc/cAc,MODERATE,probably_damaging,missense_variant
snp,2363,2364,T,C,1,23931.0,788.0,788.0,L/P,cTc/cCc,MODERATE,probably_damaging,missense_variant
snp,2370,2371,G,A,2,22608.0,790.0,790.0,T,acG/acA,LOW,,synonymous_variant
snp,2371,2372,C,A,1,25138.0,791.0,791.0,Q/K,Cag/Aag,MODERATE,probably_damaging,missense_variant
snp,2374,2375,C,A,1,23588.0,792.0,792.0,L/I,Ctc/Atc,MODERATE,probably_damaging,missense_variant
snp,2375,2376,T,G,1,24996.0,792.0,792.0,L/R,cTc/cGc,MODERATE,probably_damaging,missense_variant
snp,2386,2387,G,A,2,19910.0,796.0,796.0,G/S,Ggc/Agc,MODERATE,probably_damaging,missense_variant
snp,2398,2399,G,A,2,21403.0,800.0,800.0,D/N,Gac/Aac,MODERATE,probably_damaging,missense_variant
snp,2405,2406,T,G,1,18926.0,802.0,802.0,V/G,gTc/gGc,MODERATE,probably_damaging,missense_variant
snp,2408,2409,G,A,1,19023.0,803.0,803.0,R/Q,cGg/cAg,MODERATE,probably_damaging,missense_variant
snp,2409,2410,G,A,1,19737.0,803.0,803.0,R,cgG/cgA,LOW,,synonymous_variant
snp,2417,2418,A,T,1,18615.0,806.0,806.0,K/I,aAa/aTa,MODERATE,probably_damaging,missense_variant
snp,2423,2424,A,T,1,18647.0,808.0,808.0,N/I,aAt/aTt,MODERATE,probably_damaging,missense_variant
snp,2427,2428,T,C,1,20725.0,809.0,809.0,I,atT/atC,LOW,,synonymous_variant
snp,2440,2441,C,A,1,18629.0,814.0,814.0,L/M,Ctg/Atg,MODERATE,probably_damaging,missense_variant
snp,2454,2455,T,C,1,18617.0,818.0,818.0,C,tgT/tgC,LOW,,synonymous_variant
snp,2457,2458,G,T,1,18450.0,819.0,819.0,V,gtG/gtT,LOW,,synonymous_variant
snp,2494,2495,C,T,1,19566.0,832.0,832.0,R/C,Cgc/Tgc,MODERATE,possibly_damaging,missense_variant
snp,2499,2500,G,A,2,19459.0,833.0,833.0,L,ttG/ttA,LOW,,synonymous_variant
snp,2500,2501,G,T,1,19672.0,834.0,834.0,V/L,Gtg/Ttg,MODERATE,probably_damaging,missense_variant
snp,2535,2536,G,A,6,19433.1666666667,845.0,845.0,V,gtG/gtA,LOW,,synonymous_variant
snp,2551,2552,G,C,1,20316.0,851.0,851.0,V/L,Gtc/Ctc,MODERATE,probably_damaging,missense_variant
snp,2552,2553,T,C,2,20615.5,851.0,851.0,V/A,gTc/gCc,MODERATE,probably_damaging,missense_variant
snp,2569,2570,G,A,2,19952.5,857.0,857.0,G/R,Ggg/Agg,MODERATE,probably_damaging,missense_variant
snp,2573,2574,G,A,1,18600.0,858.0,858.0,L/Q,cTg/cAg,MODERATE,probably_damaging,missense_variant
snp,2574,2575,G,A,1,19899.0,858.0,858.0,L,ctG/ctA,LOW,,synonymous_variant
snp,2576,2577,C,G,1,20723.0,859.0,859.0,A/G,gCc/gGc,MODERATE,probably_damaging,missense_variant
snp,2577,2578,C,T,1,19128.0,859.0,859.0,A,gcC/gcT,LOW,,synonymous_variant
snp,2584,2585,C,T,1,18511.0,862.0,862.0,L,Ctg/Ttg,LOW,,synonymous_variant
snp,2608,2609,C,T,1,19566.0,870.0,870.0,H/Y,Cat/Tat,MODERATE,benign,missense_variant
snp,2621,2622,G,A,1,19553.0,874.0,874.0,G/D,gGc/gAc,MODERATE,probably_damaging,missense_variant
snp,2640,2641,G,T,1,20277.0,880.0,880.0,W/C,tgG/tgT,MODERATE,probably_damaging,missense_variant
snp,2682,2683,G,C,1,19840.0,894.0,894.0,Q/H,caG/caC,MODERATE,probably_damaging,missense_variant
snp,2703,2704,G,A,1,20277.0,,,,,HIGH,,splice_donor_variant
snp,2731,2732,G,A,1,18361.0,911.0,911.0,G/R,Gga/Aga,MODERATE,probably_damaging,missense_variant
snp,2749,2750,G,A,3,11854.0,917.0,917.0,G/R,Gga/Aga,MODERATE,probably_damaging,missense_variant
snp,2907,2908,C,A,1,1878.0,969.0,969.0,S,tcC/tcA,LOW,,synonymous_variant
mnv,2188,2191,CTC,GAG,1,21774.0,730.0,730.0,L/E,CTC/GAG,MODERATE,possibly_damaging,missense_variant
mnv,2236,2239,GAA,CAC,294,24255.010204081602,746.0,746.0,E/H,GAA/CAC,MODERATE,probably_damaging,missense_variant
mnv,2239,2242,TTA,CCC,4556,24550.2041264267,747.0,747.0,L/P,TTA/CCC,MODERATE,probably_damaging,missense_variant
mnv,2239,2242,TTA,GCC,98,24585.5,747.0,747.0,L/A,TTA/GCC,MODERATE,probably_damaging,missense_variant
mnv,2260,2263,AAA,GGC,34,24952.7058823529,754.0,754.0,K/G,AAA/GGC,MODERATE,possibly_damaging,missense_variant
mnv,2263,2265,GC,AG,9,23885.1111111111,755.0,755.0,A/S,GCc/AGc,MODERATE,probably_damaging,missense_variant
mnv,2323,2325,TG,AA,4,24173.25,775.0,775.0,C/N,TGc/AAc,MODERATE,probably_damaging,missense_variant
mnv,2419,2421,GA,AC,125,20407.528000000002,807.0,807.0,D/T,GAc/ACc,MODERATE,possibly_damaging,missense_variant
mnv,2422,2425,AAT,CAC,2,21726.5,808.0,808.0,N/H,AAT/CAC,MODERATE,benign,missense_variant
mnv,2431,2433,TC,GA,2,19925.0,811.0,811.0,S/D,TCc/GAc,MODERATE,probably_damaging,missense_variant
mnv,2581,2583,CT,TG,23,19925.347826087,861.0,861.0,L/W,CTg/TGg,MODERATE,probably_damaging,missense_variant
mnv,2587,2590,GGT,AGC,209,19832.5598086124,863.0,863.0,G/S,GGT/AGC,MODERATE,benign,missense_variant
mnv,2593,2596,GAA,TTC,1,19873.0,865.0,865.0,E/F,GAA/TTC,MODERATE,possibly_damaging,missense_variant
mnv,2602,2605,GAA,TAC,2,20265.0,868.0,868.0,E/Y,GAA/TAC,MODERATE,probably_damaging,missense_variant
