"","ref_aa","protein_start","alt_aa","ref","alt","alt_start_pos","consequence_terms","ref_codon","alt_codon","alt_codon_shortest","n_nuc_min","score_screen1","netgr_obs_screen1","ct_screen1_before","depth_screen1_before","maf_screen1_before","ct_screen1_after","depth_screen1_after","maf_screen1_after","score_screen2","netgr_obs_screen2","ct_screen2_before","depth_screen2_before","maf_screen2_before","ct_screen2_after","depth_screen2_after","maf_screen2_after","resmuts","resresids","species","score_mean","netgr_obs_mean","depleted"
"1","A","337","I","GC","AT","1009","missense_variant","GCC","ATC","ATC","2"," 2.315948801","0.04269636"," 226","2155422","1.048519e-04"," 24","45969","5.220910e-04"," 2.119885337"," 0.0455856237"," 226","2155422","1.048519e-04"," 1037","2275378","4.557485e-04","FALSE","FALSE","A337I"," 2.21791707","0.044140992","FALSE"
"2","A","337","K","GCC","AAG","1009","missense_variant","GCC","AAG","AAG","3"," 1.601630330","0.03925797"," 309","2155422","1.433594e-04"," 20","45969","4.350758e-04"," 0.895953799"," 0.0396942022"," 309","2155422","1.433594e-04","  607","2275378","2.667689e-04","FALSE","FALSE","A337K"," 1.24879206","0.039476088","FALSE"
"3","A","337","M","GCC","ATG","1009","missense_variant","GCC","ATG","ATG","3"," 0.898225968","0.03587212"," 956","2155422","4.435326e-04"," 38","45969","8.266440e-04"," 1.590852921"," 0.0430391145"," 956","2155422","4.435326e-04"," 3040","2275378","1.336042e-03","FALSE","FALSE","A337M"," 1.24453944","0.039455618","FALSE"
"4","A","337","W","GCC","TGG","1009","missense_variant","GCC","TGG","TGG","3","-0.136072273","0.03089350","1958","2155422","9.084068e-04"," 38","45969","8.266440e-04","-7.205946007"," 0.0006955285","1958","2155422","9.084068e-04","   14","2275378","6.152824e-06","FALSE","FALSE","A337W","-3.67100914","0.015794516","FALSE"
"5","A","344","C","GC","TG","1030","missense_variant","GCC","TGC","TGC","2"," 0.584711574","0.03436301","1436","2175070","6.602086e-04"," 47","47468","9.901407e-04"," 1.873291237"," 0.0443986375","1436","2175070","6.602086e-04"," 5761","2381770","2.418789e-03","FALSE","FALSE","A344C"," 1.22900141","0.039380825","FALSE"
"6","A","344","D","CC","AT","1031","missense_variant","GCC","GAT","GAC","1","-2.624840526","0.01891376","3109","2175070","1.429379e-03"," 11","47468","2.317351e-04","-6.688813054"," 0.0031847594","3109","2175070","1.429379e-03","   33","2381770","1.385524e-05","FALSE","FALSE","A344D","-4.65682679","0.011049261","FALSE"
"7","A","344","K","GCC","AAG","1030","missense_variant","GCC","AAG","AAG","3"," 4.962264850","0.05543446"," 122","2175070","5.609015e-05"," 83","47468","1.748546e-03"," 6.566166214"," 0.0669878949"," 122","2175070","5.609015e-05","12659","2381770","5.314955e-03","FALSE","FALSE","A344K"," 5.76421553","0.061211178","FALSE"
"8","A","344","L","GCC","CTG","1030","missense_variant","GCC","CTG","CTC","2"," 1.214089311","0.03739254","3891","2175070","1.788908e-03","197","47468","4.150164e-03"," 3.406594907"," 0.0517792286","3891","2175070","1.788908e-03","45183","2381770","1.897035e-02","FALSE","FALSE","A344L"," 2.31034211","0.044585882","FALSE"
"9","A","344","M","GCC","ATG","1030","missense_variant","GCC","ATG","ATG","3","-2.970546897","0.01724970","4310","2175070","1.981545e-03"," 12","47468","2.528019e-04"," 0.340520007"," 0.0370206094","4310","2175070","1.981545e-03"," 5976","2381770","2.509058e-03","FALSE","FALSE","A344M","-1.31501344","0.027135153","FALSE"
"10","A","344","P","GCC","CCT","1030","missense_variant","GCC","CCT","CCC","1"," 1.749081982","0.03996773","2072","2175070","9.526130e-04","152","47468","3.202157e-03"," 0.191512741"," 0.0363033596","2072","2175070","9.526130e-04"," 2591","2381770","1.087846e-03","FALSE","FALSE","A344P"," 0.97029736","0.038135547","FALSE"
"11","A","366","T","G","A","1096","missense_variant","GCC","ACC","ACC","1","-1.179511344","0.02587089"," 621","2375584","2.614094e-04","  7","60652","1.154125e-04","-1.475078552"," 0.0282811856"," 621","2375584","2.614094e-04","  266","2828807","9.403257e-05","FALSE","FALSE","A366T","-1.32729495","0.027076036","FALSE"
"12","A","487","C","GCT","TGC","1459","missense_variant","GCT","TGC","TGT","2"," 1.994419622","0.04114867","   5","   8515","5.871991e-04","  5"," 2137","2.339729e-03"," 1.108519162"," 0.0407173903","   5","   8515","5.871991e-04","    5","   3949","1.266143e-03","FALSE","FALSE","A487C"," 1.55146939","0.040933032","FALSE"
"13","A","487","D","C","A","1460","missense_variant","GCT","GAT","GAT","1"," 1.994419622","0.04114867","   8","   8515","9.395185e-04","  8"," 2137","3.743566e-03"," 0.693481663"," 0.0387195981","   8","   8515","9.395185e-04","    6","   3949","1.519372e-03","FALSE","FALSE","A487D"," 1.34395064","0.039934135","FALSE"
"14","A","487","Y","GCT","TAC","1459","missense_variant","GCT","TAC","TAT","2"," 2.119950504","0.04175292","  11","   8515","1.291838e-03"," 12"," 2137","5.615349e-03","-0.028984362"," 0.0352419919","  11","   8515","1.291838e-03","    5","   3949","1.266143e-03","FALSE","FALSE","A487Y"," 1.04548307","0.038497455","FALSE"
"15","A","492","C","GC","TG","1474","missense_variant","GCC","TGC","TGC","2"," 0.979572422","0.03626368","   8","   8345","9.586579e-04","  7"," 3703","1.890359e-03"," 0.049416411"," 0.0356193758","   8","   8345","9.586579e-04","    5","   5040","9.920635e-04","FALSE","FALSE","A492C"," 0.51449442","0.035941530","FALSE"
"16","C","330","D","TGC","GAT"," 988","missense_variant","TGC","GAT","GAC","2"," 8.369449549","0.07183502","   7","2140064","3.270930e-06"," 49","45297","1.081749e-03"," 6.140571691"," 0.0649392863","   7","2140064","3.270930e-06","  513","2223053","2.307637e-04","FALSE","FALSE","C330D"," 7.25501062","0.068387153","FALSE"
"17","C","369","A","TGC","GCT","1105","missense_variant","TGC","GCT","GCC","2","-0.731079994","0.02802942"," 390","2375176","1.641984e-04","  6","60654","9.892175e-05"," 1.179042254"," 0.0410568547"," 390","2375176","1.641984e-04"," 1049","2821497","3.717885e-04","FALSE","FALSE","C369A"," 0.22398113","0.034543138","FALSE"
"18","C","369","I","TG","AT","1105","missense_variant","TGC","ATC","ATC","2"," 2.893748911","0.04547761","1038","2375176","4.370202e-04","197","60654","3.247931e-03"," 5.044830388"," 0.0596649113","1038","2375176","4.370202e-04","40703","2821497","1.442603e-02","FALSE","FALSE","C369I"," 3.96928965","0.052571263","FALSE"
"19","C","369","M","TGC","ATG","1105","missense_variant","TGC","ATG","ATG","3"," 3.794456229","0.04981319"," 127","2375176","5.346972e-05"," 45","60654","7.419131e-04"," 3.804548070"," 0.0536947850"," 127","2375176","5.346972e-05"," 2108","2821497","7.471211e-04","FALSE","FALSE","C369M"," 3.79950215","0.051753987","FALSE"
"20","C","369","S","T","A","1105","missense_variant","TGC","AGC","AGC","1"," 0.244709453","0.03272640"," 661","2375176","2.782952e-04"," 20","60654","3.297392e-04"," 0.482414954"," 0.0377036238"," 661","2375176","2.782952e-04"," 1097","2821497","3.888007e-04","FALSE","FALSE","C369S"," 0.36356220","0.035215014","FALSE"
"21","C","369","T","TG","AC","1105","missense_variant","TGC","ACC","ACC","2"," 0.757056121","0.03519260"," 950","2375176","3.999704e-04"," 41","60654","6.759653e-04"," 3.245787077"," 0.0510051766"," 950","2375176","3.999704e-04","10705","2821497","3.794085e-03","FALSE","FALSE","C369T"," 2.00142160","0.043098886","FALSE"
"22","C","369","V","TGC","GTG","1105","missense_variant","TGC","GTG","GTC","2"," 1.196130586","0.03730609"," 564","2375176","2.374561e-04"," 33","60654","5.440696e-04"," 4.082554034"," 0.0550329728"," 564","2375176","2.374561e-04","11351","2821497","4.023042e-03","FALSE","FALSE","C369V"," 2.63934231","0.046169532","FALSE"
"23","D","325","A","AC","CT"," 974","missense_variant","GAC","GCT","GCC","1","-1.246939626","0.02554632","2264","2134061","1.060888e-03"," 19","42506","4.469957e-04"," 1.306395173"," 0.0416698708","2264","2134061","1.060888e-03"," 5751","2191844","2.623818e-03","FALSE","FALSE","D325A"," 0.02972777","0.033608095","FALSE"
"24","D","325","C","GA","TG"," 973","missense_variant","GAC","TGC","TGC","2","-0.418169287","0.02953562","3086","2134061","1.446069e-03"," 46","42506","1.082200e-03","-0.562631692"," 0.0326732687","3086","2134061","1.446069e-03"," 2146","2191844","9.790843e-04","FALSE","FALSE","D325C","-0.49040049","0.031104446","FALSE"
"25","D","325","F","GA","TT"," 973","missense_variant","GAC","TTC","TTC","2","-2.739550667","0.01836160","4359","2134061","2.042585e-03"," 13","42506","3.058392e-04"," 0.683049499"," 0.0386693826","4359","2134061","2.042585e-03"," 7188","2191844","3.279430e-03","FALSE","FALSE","D325F","-1.02825058","0.028515493","FALSE"
"26","D","325","G","AC","GT"," 974","missense_variant","GAC","GGT","GGC","1"," 4.926798451","0.05526374"," 137","2134061","6.419685e-05"," 83","42506","1.952666e-03"," 3.492780831"," 0.0521940865"," 137","2134061","6.419685e-05"," 1584","2191844","7.226792e-04","FALSE","FALSE","D325G"," 4.20978964","0.053728915","FALSE"
"27","D","325","H","G","C"," 973","missense_variant","GAC","CAC","CAC","1"," 1.779919697","0.04011617","1462","2134061","6.850788e-04","100","42506","2.352609e-03"," 2.301817878"," 0.0464613600","1462","2134061","6.850788e-04"," 7404","2191844","3.377978e-03","FALSE","FALSE","D325H"," 2.04086879","0.043288766","FALSE"
"28","D","325","I","GA","AT"," 973","missense_variant","GAC","ATC","ATC","2"," 1.150985246","0.03708878","2600","2134061","1.218334e-03","115","42506","2.705500e-03"," 0.311082874"," 0.0368789131","2600","2134061","1.218334e-03"," 3313","2191844","1.511513e-03","FALSE","FALSE","D325I"," 0.73103406","0.036983848","FALSE"
"29","D","325","K","GAC","AAG"," 973","missense_variant","GAC","AAG","AAG","2"," 0.268838171","0.03284255","3667","2134061","1.718320e-03"," 88","42506","2.070296e-03","-0.638733203"," 0.0323069524","3667","2134061","1.718320e-03"," 2419","2191844","1.103637e-03","FALSE","FALSE","D325K","-0.18494752","0.032574750","FALSE"
"30","D","325","M","GAC","ATG"," 973","missense_variant","GAC","ATG","ATG","3"," 1.489919766","0.03872025","2288","2134061","1.072134e-03","128","42506","3.011340e-03"," 1.927482689"," 0.0446594893","2288","2134061","1.072134e-03"," 8939","2191844","4.078301e-03","FALSE","FALSE","D325M"," 1.70870123","0.041689870","FALSE"
"31","D","325","N","G","A"," 973","missense_variant","GAC","AAC","AAC","1"," 1.051022803","0.03660761","2520","2134061","1.180847e-03","104","42506","2.446713e-03"," 2.301136658"," 0.0464580809","2520","2134061","1.180847e-03","12756","2191844","5.819757e-03","FALSE","FALSE","D325N"," 1.67607973","0.041532846","FALSE"
"32","D","325","R","GAC","AGA"," 973","missense_variant","GAC","AGA","CGC","2"," 1.418569922","0.03837681"," 601","2134061","2.816227e-04"," 32","42506","7.528349e-04"," 3.134844511"," 0.0504711521"," 601","2134061","2.816227e-04"," 5422","2191844","2.473716e-03","FALSE","FALSE","D325R"," 2.27670722","0.044423980","FALSE"
"33","D","325","S","GA","AG"," 973","missense_variant","GAC","AGC","AGC","2","-0.721605668","0.02807503","3560","2134061","1.668181e-03"," 43","42506","1.011622e-03","-0.258776404"," 0.0341358829","3560","2134061","1.668181e-03"," 3056","2191844","1.394260e-03","FALSE","FALSE","D325S","-0.49019104","0.031105454","FALSE"
"34","D","325","T","GA","AC"," 973","missense_variant","GAC","ACC","ACC","2"," 0.343982674","0.03320426"," 356","2134061","1.668181e-04","  9","42506","2.117348e-04"," 0.439919173"," 0.0374990694"," 356","2134061","1.668181e-04","  496","2191844","2.262935e-04","FALSE","FALSE","D325T"," 0.39195092","0.035351664","FALSE"
"35","D","325","V","AC","TG"," 974","missense_variant","GAC","GTG","GTC","1","-0.687357729","0.02823988","2668","2134061","1.250199e-03"," 33","42506","7.763610e-04","-0.890656103"," 0.0310943160","2668","2134061","1.250199e-03"," 1478","2191844","6.743181e-04","FALSE","FALSE","D325V","-0.78900692","0.029667097","FALSE"
"36","D","325","Y","G","T"," 973","missense_variant","GAC","TAC","TAC","1"," 3.116917113","0.04655184"," 272","2134061","1.274565e-04"," 47","42506","1.105726e-03"," 3.094976303"," 0.0502792456"," 272","2134061","1.274565e-04"," 2387","2191844","1.089037e-03","FALSE","FALSE","D325Y"," 3.10594671","0.048415542","FALSE"
"37","E","329","C","GAG","TGC"," 985","missense_variant","GAG","TGC","TGC","3","-0.421710230","0.02951858","1596","2139987","7.457989e-04"," 25","44902","5.567681e-04","-1.081771513"," 0.0301743777","1596","2139987","7.457989e-04","  783","2222213","3.523515e-04","FALSE","FALSE","E329C","-0.75174087","0.029846478","FALSE"
"38","E","329","D","G","T"," 987","missense_variant","GAG","GAT","GAT","1","-1.495150651","0.02435155","3090","2139987","1.443934e-03"," 23","44902","5.122266e-04","-1.378659517"," 0.0287453008","3090","2139987","1.443934e-03"," 1234","2222213","5.553023e-04","FALSE","FALSE","E329D","-1.43690508","0.026548425","FALSE"
"39","E","329","G","AG","GT"," 986","missense_variant","GAG","GGT","GGG","1"," 0.161896991","0.03232778"," 639","2139987","2.985999e-04"," 15","44902","3.340608e-04","-0.431552689"," 0.0333042204"," 639","2139987","2.985999e-04","  492","2222213","2.214009e-04","FALSE","FALSE","E329G","-0.13482785","0.032816003","FALSE"
"40","E","329","K","G","A"," 985","missense_variant","GAG","AAG","AAG","1"," 0.317090062","0.03307481","1798","2139987","8.401920e-04"," 47","44902","1.046724e-03"," 0.038062242"," 0.0355647222","1798","2139987","8.401920e-04"," 1917","2222213","8.626536e-04","FALSE","FALSE","E329K"," 0.17757615","0.034319766","FALSE"
"41","E","329","M","GA","AT"," 985","missense_variant","GAG","ATG","ATG","2","-0.676093615","0.02829410","1523","2139987","7.116866e-04"," 20","44902","4.454145e-04","-4.167663682"," 0.0153203676","1523","2139987","7.116866e-04","   88","2222213","3.960016e-05","FALSE","FALSE","E329M","-2.42187865","0.021807233","FALSE"
"42","E","329","N","GAG","AAC"," 985","missense_variant","GAG","AAC","AAC","2"," 2.869421782","0.04536052"," 150","2139987","7.009388e-05"," 23","44902","5.122266e-04","-4.475858842"," 0.0138368634"," 150","2139987","7.009388e-05","    7","2222213","3.150013e-06","FALSE","FALSE","E329N","-0.80321853","0.029598689","FALSE"
"43","E","329","P","GAG","CCT"," 985","missense_variant","GAG","CCT","CCG","2"," 2.185981409","0.04207076","1592","2139987","7.439298e-04","152","44902","3.385150e-03"," 1.177417062"," 0.0410490318","1592","2139987","7.439298e-04"," 3739","2222213","1.682557e-03","FALSE","FALSE","E329P"," 1.68169924","0.041559896","FALSE"
"44","E","329","Q","G","C"," 985","missense_variant","GAG","CAG","CAG","1"," 0.017301847","0.03163177"," 518","2139987","2.420575e-04"," 11","44902","2.449780e-04","-5.749275266"," 0.0077072453"," 518","2139987","2.420575e-04","   10","2222213","4.500019e-06","FALSE","FALSE","E329Q","-2.86598671","0.019669509","FALSE"
"45","E","329","R","GAG","AGA"," 985","missense_variant","GAG","AGA","AGG","2"," 1.121505888","0.03694688"," 460","2139987","2.149546e-04"," 21","44902","4.676852e-04"," 0.652783973"," 0.0385236989"," 460","2139987","2.149546e-04","  751","2222213","3.379514e-04","FALSE","FALSE","E329R"," 0.88714493","0.037735291","FALSE"
"46","E","329","S","GAG","AGC"," 985","missense_variant","GAG","AGC","TCG","2"," 0.988213990","0.03630528"," 961","2139987","4.490681e-04"," 40","44902","8.908289e-04"," 0.673836926"," 0.0386250377"," 961","2139987","4.490681e-04"," 1592","2222213","7.164030e-04","FALSE","FALSE","E329S"," 0.83102546","0.037465159","FALSE"
"47","E","329","W","GA","TG"," 985","missense_variant","GAG","TGG","TGG","2","-0.463566654","0.02931710","3746","2139987","1.750478e-03"," 57","44902","1.269431e-03"," 1.586839856"," 0.0430197975","3746","2139987","1.750478e-03","11685","2222213","5.258272e-03","FALSE","FALSE","E329W"," 0.56163660","0.036168450","FALSE"
"48","E","329","Y","GAG","TAC"," 985","missense_variant","GAG","TAC","TAC","2","-2.514904377","0.01944294","4086","2139987","1.909357e-03"," 15","44902","3.340608e-04","-2.513650162"," 0.0232819982","4086","2139987","1.909357e-03","  743","2222213","3.343514e-04","FALSE","FALSE","E329Y","-2.51427727","0.021362470","FALSE"
"49","E","334","K","G","A","1000","missense_variant","GAG","AAG","AAG","1"," 3.663040618","0.04918062"," 448","2143917","2.089633e-04","121","45712","2.647007e-03"," 4.121340039"," 0.0552196701"," 448","2143917","2.089633e-04"," 8101","2227520","3.636780e-03","FALSE","FALSE","E334K"," 3.89219033","0.052200144","FALSE"
"50","E","334","R","GAG","AGA","1000","missense_variant","GAG","AGA","AGG","2"," 1.497963621","0.03875897"," 631","2143917","2.943211e-04"," 38","45712","8.312916e-04"," 0.986500189"," 0.0401300492"," 631","2143917","2.943211e-04"," 1299","2227520","5.831597e-04","FALSE","FALSE","E334R"," 1.24223191","0.039444510","FALSE"
"51","E","352","K","G","A","1054","missense_variant","GAG","AAG","AAG","1"," 0.309457312","0.03303807"," 947","2326985","4.069644e-04"," 25","49571","5.043271e-04"," 2.792061522"," 0.0488211586"," 947","2326985","4.069644e-04"," 6943","2463182","2.818712e-03","FALSE","FALSE","E352K"," 1.55075942","0.040929614","FALSE"
"52","E","352","L","GA","CT","1054","missense_variant","GAG","CTG","CTG","2","-0.157984696","0.03078803"," 419","2326985","1.800613e-04","  8","49571","1.613847e-04"," 0.423878106"," 0.0374218554"," 419","2326985","1.800613e-04","  595","2463182","2.415575e-04","FALSE","FALSE","E352L"," 0.13294671","0.034104941","FALSE"
"53","E","352","T","GAG","ACC","1054","missense_variant","GAG","ACC","ACG","2","-0.555702719","0.02887360"," 828","2326985","3.558252e-04"," 12","49571","2.420770e-04"," 0.535064505"," 0.0379570536"," 828","2326985","3.558252e-04"," 1270","2463182","5.155932e-04","FALSE","FALSE","E352T","-0.01031911","0.033415328","FALSE"
"54","E","373","K","G","A","1117","missense_variant","GAG","AAG","AAG","1","-0.401068295","0.02961794"," 673","2377765","2.830389e-04"," 13","60650","2.143446e-04"," 0.718718220"," 0.0388410748"," 673","2377765","2.830389e-04"," 1306","2803763","4.658026e-04","FALSE","FALSE","E373K"," 0.15882496","0.034229507","FALSE"
"55","E","373","R","GAG","AGA","1117","missense_variant","GAG","AGA","AGG","2"," 1.267419590","0.03764924"," 114","2377765","4.794418e-05","  7","60650","1.154163e-04"," 2.273647626"," 0.0463257619"," 114","2377765","4.794418e-05","  650","2803763","2.318313e-04","FALSE","FALSE","E373R"," 1.77053361","0.041987502","FALSE"
"56","F","359","C","T","G","1076","missense_variant","TTC","TGC","TGC","1","-1.387757838","0.02486849","1099","2174451","5.054149e-04"," 11","56951","1.931485e-04"," 0.019386957"," 0.0354748283","1099","2174451","5.054149e-04"," 1351","2637371","5.122525e-04","TRUE","TRUE","F359C","-0.68418544","0.030171658","FALSE"
"57","F","493","N","TTT","AAC","1477","missense_variant","TTT","AAC","AAT","2"," 0.055533121","0.03181580","  13","   8311","1.564192e-03","  6"," 3691","1.625576e-03"," 0.180246964"," 0.0362491315","  13","   8311","1.564192e-03","    9","   5078","1.772351e-03","FALSE","FALSE","F493N"," 0.11789004","0.034032466","FALSE"
"58","F","493","S","TTT","AGC","1477","missense_variant","TTT","AGC","TCT","1"," 0.978365261","0.03625787","   8","   8311","9.625797e-04","  7"," 3691","1.896505e-03"," 1.032689776"," 0.0403523838","   8","   8311","9.625797e-04","   10","   5078","1.969279e-03","FALSE","FALSE","F493S"," 1.00552752","0.038305128","FALSE"
"59","G","372","A","GG","CT","1115","missense_variant","GGG","GCT","GCG","1"," 1.785203758","0.04014161"," 148","2377375","6.225354e-05"," 13","60587","2.145675e-04"," 1.364461651"," 0.0419493751"," 148","2377375","6.225354e-05","  450","2807402","1.602905e-04","FALSE","FALSE","G372A"," 1.57483270","0.041045491","FALSE"
"60","G","372","E","G","A","1115","missense_variant","GGG","GAG","GAG","1"," 1.799224602","0.04020910","1150","2377375","4.837268e-04","102","60587","1.683529e-03","-0.536919601"," 0.0327970344","1150","2377375","4.837268e-04","  936","2807402","3.334043e-04","FALSE","FALSE","G372E"," 0.63115250","0.036503066","FALSE"
"61","G","372","R","GGG","AGA","1114","missense_variant","GGG","AGA","AGG","1","-1.949908537","0.02216256"," 758","2377375","3.188391e-04","  5","60587","8.252595e-05"," 3.217834140"," 0.0508706245"," 758","2377375","3.188391e-04"," 8328","2807402","2.966444e-03","FALSE","FALSE","G372R"," 0.63396280","0.036516593","FALSE"
"62","G","372","T","GGG","ACC","1114","missense_variant","GGG","ACC","ACG","2"," 1.135788043","0.03701563"," 125","2377375","5.257900e-05","  7","60587","1.155363e-04"," 2.646098582"," 0.0481185628"," 125","2377375","5.257900e-05","  924","2807402","3.291299e-04","FALSE","FALSE","G372T"," 1.89094331","0.042567097","FALSE"
"63","H","375","A","CAC","GCT","1123","missense_variant","CAC","GCT","GCC","2"," 1.895101156","0.04067060"," 208","2375763","8.755082e-05"," 19","58346","3.256436e-04"," 4.465805600"," 0.0568777627"," 208","2375763","8.755082e-05"," 5394","2788106","1.934647e-03","FALSE","FALSE","H375A"," 3.18045338","0.048774182","FALSE"
"64","H","375","L","AC","TG","1124","missense_variant","CAC","CTG","CTC","1","-0.568863284","0.02881025"," 302","2375763","1.271171e-04","  5","58346","8.569568e-05","-0.408603295"," 0.0334146878"," 302","2375763","1.271171e-04","  267","2788106","9.576393e-05","FALSE","FALSE","H375L","-0.48873329","0.031112471","FALSE"
"65","H","375","N","C","A","1123","missense_variant","CAC","AAC","AAC","1"," 1.726124984","0.03985723"," 160","2375763","6.734679e-05"," 13","58346","2.228088e-04"," 2.236711062"," 0.0461479669"," 160","2375763","6.734679e-05","  885","2788106","3.174198e-04","FALSE","FALSE","H375N"," 1.98141802","0.043002599","FALSE"
"66","H","375","R","CAC","AGA","1123","missense_variant","CAC","AGA","CGC","1"," 2.205433349","0.04216439"," 309","2375763","1.300635e-04"," 35","58346","5.998697e-04"," 0.222156337"," 0.0364508632"," 309","2375763","1.300635e-04","  423","2788106","1.517159e-04","FALSE","FALSE","H375R"," 1.21379484","0.039307628","FALSE"
"67","L","323","A","CTC","GCT"," 967","missense_variant","CTC","GCT","GCC","2"," 1.493237456","0.03873622"," 860","2131300","4.035096e-04"," 48","42255","1.135960e-03"," 2.264765337"," 0.0462830068"," 860","2131300","4.035096e-04"," 4237","2184954","1.939171e-03","FALSE","FALSE","L323A"," 1.87900140","0.042509614","FALSE"
"68","L","323","C","CT","TG"," 967","missense_variant","CTC","TGC","TGC","2"," 1.260719477","0.03761699","2947","2131300","1.382724e-03","140","42255","3.313217e-03"," 0.788380657"," 0.0391763965","2947","2131300","1.382724e-03"," 5218","2184954","2.388151e-03","FALSE","FALSE","L323C"," 1.02455007","0.038396694","FALSE"
"69","L","323","I","C","A"," 967","missense_variant","CTC","ATC","ATC","1","-2.969241038","0.01725598","2370","2131300","1.111997e-03","  6","42255","1.419950e-04","-0.517769721"," 0.0328892128","2370","2131300","1.111997e-03"," 1697","2184954","7.766754e-04","FALSE","FALSE","L323I","-1.74350538","0.025072598","FALSE"
"70","L","323","V","CTC","GTG"," 967","missense_variant","CTC","GTG","GTC","1"," 2.065273351","0.04148973"," 928","2131300","4.354150e-04"," 77","42255","1.822270e-03"," 1.520835014"," 0.0427020817"," 928","2131300","4.354150e-04"," 2730","2184954","1.249454e-03","FALSE","FALSE","L323V"," 1.79305418","0.042095905","FALSE"
"71","L","324","C","CTG","TGC"," 970","missense_variant","CTG","TGC","TGC","3"," 0.629911927","0.03458058","1142","2133529","5.352634e-04"," 35","42255","8.283043e-04"," 1.465549583"," 0.0424359641","1142","2133529","5.352634e-04"," 3230","2185046","1.478230e-03","FALSE","FALSE","L324C"," 1.04773076","0.038508275","FALSE"
"72","L","324","E","CT","GA"," 970","missense_variant","CTG","GAG","GAG","2","-0.294668345","0.03013010","1858","2133529","8.708576e-04"," 30","42255","7.099752e-04"," 1.186194592"," 0.0410912827","1858","2133529","8.708576e-04"," 4330","2185046","1.981652e-03","FALSE","FALSE","L324E"," 0.44576312","0.035610690","FALSE"
"73","L","324","G","CTG","GGT"," 970","missense_variant","CTG","GGT","GGG","2"," 2.420274406","0.04319853","2179","2133529","1.021313e-03","231","42255","5.466809e-03"," 1.827412302"," 0.0441777983","2179","2133529","1.021313e-03"," 7920","2185046","3.624638e-03","FALSE","FALSE","L324G"," 2.12384335","0.043688166","FALSE"
"74","L","324","H","TG","AC"," 971","missense_variant","CTG","CAC","CAC","2"," 3.657975846","0.04915624","  96","2133529","4.499587e-05"," 24","42255","5.679801e-04"," 0.619020307"," 0.0383611767","  96","2133529","4.499587e-05","  151","2185046","6.910610e-05","FALSE","FALSE","L324H"," 2.13849808","0.043758707","FALSE"
"75","L","324","I","CTG","ATC"," 970","missense_variant","CTG","ATC","ATC","2"," 1.506466911","0.03879990","3892","2133529","1.824208e-03","219","42255","5.182819e-03"," 1.306800316"," 0.0416718210","3892","2133529","1.824208e-03"," 9861","2185046","4.512948e-03","FALSE","FALSE","L324I"," 1.40663361","0.040235861","FALSE"
"76","L","324","K","CT","AA"," 970","missense_variant","CTG","AAG","AAG","2"," 4.376101000","0.05261295","1634","2133529","7.658673e-04","672","42255","1.590344e-02"," 4.408095263"," 0.0565999727","1634","2133529","7.658673e-04","35529","2185046","1.626007e-02","FALSE","FALSE","L324K"," 4.39209813","0.054606461","FALSE"
"77","L","324","M","C","A"," 970","missense_variant","CTG","ATG","ATG","1"," 1.846020356","0.04043435","3455","2133529","1.619383e-03","246","42255","5.821796e-03"," 2.514532098"," 0.0474852646","3455","2133529","1.619383e-03","20219","2185046","9.253352e-03","FALSE","FALSE","L324M"," 2.18027623","0.043959807","FALSE"
"78","L","324","N","CTG","AAC"," 970","missense_variant","CTG","AAC","AAC","3"," 3.396528854","0.04789776","1635","2133529","7.663360e-04","341","42255","8.070051e-03"," 1.073091908"," 0.0405468604","1635","2133529","7.663360e-04"," 3523","2185046","1.612323e-03","FALSE","FALSE","L324N"," 2.23481038","0.044222309","FALSE"
"79","L","324","Q","T","A"," 971","missense_variant","CTG","CAG","CAG","1"," 3.442565025","0.04811935","3367","2133529","1.578137e-03","725","42255","1.715773e-02"," 3.284417798"," 0.0511911264","3367","2133529","1.578137e-03","33598","2185046","1.537634e-02","FALSE","FALSE","L324Q"," 3.36349141","0.049655240","FALSE"
"80","L","324","R","CTG","AGA"," 970","missense_variant","CTG","AGA","CGG","1"," 4.529501288","0.05335134","2007","2133529","9.406950e-04","918","42255","2.172524e-02"," 3.883115908"," 0.0540729730","2007","2133529","9.406950e-04","30328","2185046","1.387980e-02","FALSE","FALSE","L324R"," 4.20630860","0.053712159","FALSE"
"81","L","324","S","CTG","AGC"," 970","missense_variant","CTG","AGC","TCG","2"," 0.515017892","0.03402754"," 424","2133529","1.987318e-04"," 12","42255","2.839901e-04"," 3.451976735"," 0.0519976751"," 424","2133529","1.987318e-04"," 4752","2185046","2.174783e-03","FALSE","FALSE","L324S"," 1.98349731","0.043012608","FALSE"
"82","L","340","W","CTG","TGG","1018","missense_variant","CTG","TGG","TGG","2","-1.786081062","0.02295115","2083","2160543","9.641095e-04"," 13","46503","2.795519e-04","-0.460076730"," 0.0331669193","2083","2160543","9.641095e-04"," 1612","2300041","7.008571e-04","FALSE","FALSE","L340W","-1.12307890","0.028059034","FALSE"
"83","L","341","A","CTG","GCT","1021","missense_variant","CTG","GCT","GCG","2","-0.795235424","0.02772061","1209","2159399","5.598780e-04"," 15","46493","3.226292e-04","-7.329036063"," 0.0001030318","1209","2159399","5.598780e-04","    8","2297504","3.482040e-06","FALSE","FALSE","L341A","-4.06213574","0.013911819","FALSE"
"84","L","341","D","CTG","GAT","1021","missense_variant","CTG","GAT","GAT","3","-0.635984183","0.02848717","1227","2159399","5.682137e-04"," 17","46493","3.656464e-04","-7.180432066"," 0.0008183405","1227","2159399","5.682137e-04","    9","2297504","3.917295e-06","FALSE","FALSE","L341D","-3.90820812","0.014652753","FALSE"
"85","L","341","M","C","A","1021","missense_variant","CTG","ATG","ATG","1","-0.437897824","0.02944066"," 755","2159399","3.496343e-04"," 12","46493","2.581034e-04"," 0.949212604"," 0.0399505646"," 755","2159399","3.496343e-04"," 1551","2297504","6.750804e-04","FALSE","FALSE","L341M"," 0.25565739","0.034695612","FALSE"
"86","L","341","R","CTG","AGA","1021","missense_variant","CTG","AGA","CGG","1"," 1.182268260","0.03723936"," 307","2159399","1.421692e-04"," 15","46493","3.226292e-04"," 2.811488261"," 0.0489146696"," 307","2159399","1.421692e-04"," 2293","2297504","9.980396e-04","FALSE","FALSE","L341R"," 1.99687826","0.043077017","FALSE"
"87","L","364","I","CTT","ATC","1090","missense_variant","CTT","ATC","ATT","1"," 0.389813123","0.03342486"," 660","2379982","2.773130e-04"," 22","60549","3.633421e-04"," 1.340734018"," 0.0418351616"," 660","2379982","2.773130e-04"," 1982","2821839","7.023788e-04","FALSE","FALSE","L364I"," 0.86527357","0.037630013","FALSE"
"88","L","364","M","CTT","ATG","1090","missense_variant","CTT","ATG","ATG","2"," 1.324718095","0.03792505"," 204","2379982","8.571493e-05"," 13","60549","2.147021e-04"," 3.101480371"," 0.0503105531"," 204","2379982","8.571493e-05"," 2076","2821839","7.356904e-04","FALSE","FALSE","L364M"," 2.21309923","0.044117801","FALSE"
"89","L","376","M","T","A","1126","missense_variant","TTG","ATG","ATG","1"," 0.002963135","0.03156275"," 245","2375985","1.031151e-04","  6","58068","1.033271e-04","-0.326680027"," 0.0338090273"," 245","2375985","1.031151e-04","  229","2785182","8.222084e-05","FALSE","FALSE","L376M","-0.16185845","0.032685890","FALSE"
"90","L","384","M","C","A","1150","missense_variant","CTG","ATG","ATG","1"," 4.107101746","0.05131811","1669","2359097","7.074741e-04","692","56759","1.219190e-02"," 4.703243073"," 0.0580206732","1669","2359097","7.074741e-04","50225","2725161","1.843010e-02","FALSE","FALSE","L384M"," 4.40517241","0.054669394","FALSE"
"91","L","387","H","TTG","CAC","1159","missense_variant","TTG","CAC","CAC","3"," 6.973054379","0.06511344","  17","2349979","7.234107e-06"," 51","56116","9.088317e-04"," 8.479419836"," 0.0761973835","  17","2349979","7.234107e-06"," 6974","2701079","2.581931e-03","FALSE","FALSE","L387H"," 7.72623711","0.070655412","FALSE"
"92","L","387","K","TT","AA","1159","missense_variant","TTG","AAG","AAG","2"," 4.288556205","0.05219155","  45","2349979","1.914911e-05"," 21","56116","3.742248e-04"," 5.683926994"," 0.0627412169","  45","2349979","1.914911e-05"," 2659","2701079","9.844214e-04","FALSE","FALSE","L387K"," 4.98624160","0.057466383","FALSE"
"93","L","387","M","T","A","1159","missense_variant","TTG","ATG","ATG","1"," 7.099966492","0.06572434","  29","2349979","1.234054e-05"," 95","56116","1.692922e-03"," 7.258543647"," 0.0703206690","  29","2349979","1.234054e-05"," 5104","2701079","1.889615e-03","FALSE","FALSE","L387M"," 7.17925507","0.068022502","FALSE"
"94","L","387","Q","TT","CA","1159","missense_variant","TTG","CAG","CAG","2"," 6.320977682","0.06197466","  11","2349979","4.680893e-06"," 21","56116","3.742248e-04"," 9.463640121"," 0.0809349495","  11","2349979","4.680893e-06"," 8927","2701079","3.304976e-03","FALSE","FALSE","L387Q"," 7.89230890","0.071454803","FALSE"
"95","L","387","R","TTG","AGA","1159","missense_variant","TTG","AGA","AGG","2"," 4.675668468","0.05405492"," 136","2349979","5.787286e-05"," 83","56116","1.479079e-03"," 5.103698227"," 0.0599482729"," 136","2349979","5.787286e-05"," 5375","2701079","1.989945e-03","FALSE","FALSE","L387R"," 4.88968335","0.057001598","FALSE"
"96","M","343","C","ATG","TGC","1027","missense_variant","ATG","TGC","TGC","3"," 1.545471897","0.03898765","5270","2165848","2.433227e-03","330","46462","7.102578e-03"," 2.177378021"," 0.0458623660","5270","2165848","2.433227e-03","25288","2297607","1.100623e-02","FALSE","FALSE","M343C"," 1.86142496","0.042425010","FALSE"
"97","M","343","F","ATG","TTC","1027","missense_variant","ATG","TTC","TTC","2","-1.268081848","0.02544455","2919","2165848","1.347740e-03"," 26","46462","5.595971e-04","-8.426533546","-0.0051797965","2919","2165848","1.347740e-03","    9","2297607","3.917119e-06","FALSE","FALSE","M343F","-4.84730770","0.010132377","FALSE"
"98","M","343","V","A","G","1027","missense_variant","ATG","GTG","GTG","1","-3.078093819","0.01673202","2362","2165848","1.090566e-03","  6","46462","1.291378e-04"," 0.364984561"," 0.0371383700","2362","2165848","1.090566e-03"," 3227","2297607","1.404505e-03","FALSE","FALSE","M343V","-1.35655463","0.026935194","FALSE"
"99","M","343","W","AT","TG","1027","missense_variant","ATG","TGG","TGG","2"," 1.332905053","0.03796446","1906","2165848","8.800248e-04","103","46462","2.216865e-03"," 0.764561928"," 0.0390617445","1906","2165848","8.800248e-04"," 3435","2297607","1.495034e-03","FALSE","FALSE","M343W"," 1.04873349","0.038513101","FALSE"
"100","M","351","A","ATG","GCT","1051","missense_variant","ATG","GCT","GCG","2","-0.136552098","0.03089119"," 977","2203433","4.433990e-04"," 20","49584","4.033559e-04","-1.084668486"," 0.0301604331"," 977","2203433","4.433990e-04","  505","2415541","2.090629e-04","FALSE","TRUE","M351A","-0.61061029","0.030525813","FALSE"
"101","M","351","F","ATG","TTC","1051","missense_variant","ATG","TTC","TTC","2"," 3.213207009","0.04701533"," 115","2203433","5.219129e-05"," 24","49584","4.840271e-04"," 5.651045542"," 0.0625829413"," 115","2203433","5.219129e-05"," 6335","2415541","2.622601e-03","FALSE","TRUE","M351F"," 4.43212628","0.054799137","FALSE"
"102","M","351","L","A","C","1051","missense_variant","ATG","CTG","CTG","1"," 0.482779698","0.03387236"," 159","2203433","7.216012e-05","  5","49584","1.008390e-04"," 2.148848337"," 0.0457250377"," 159","2203433","7.216012e-05","  773","2415541","3.200111e-04","FALSE","TRUE","M351L"," 1.31581402","0.039798699","FALSE"
"103","M","351","N","TG","AC","1052","missense_variant","ATG","AAC","AAC","2","-0.505305823","0.02911619"," 820","2203433","3.721466e-04"," 13","49584","2.621813e-04","-0.434862880"," 0.0332882867"," 820","2203433","3.721466e-04","  665","2415541","2.753006e-04","FALSE","TRUE","M351N","-0.47008435","0.031202238","FALSE"
"104","M","351","S","TG","GC","1052","missense_variant","ATG","AGC","AGC","2","-0.091557962","0.03110777"," 947","2203433","4.297839e-04"," 20","49584","4.033559e-04"," 1.157605611"," 0.0409536690"," 947","2203433","4.297839e-04"," 2316","2415541","9.587914e-04","FALSE","TRUE","M351S"," 0.53302382","0.036030721","FALSE"
"105","M","351","T","TG","CC","1052","missense_variant","ATG","ACC","ACG","1"," 2.957159033","0.04578284"," 103","2203433","4.674524e-05"," 18","49584","3.630203e-04"," 7.056367559"," 0.0693474899"," 103","2203433","4.674524e-05","15029","2415541","6.221795e-03","TRUE","TRUE","M351T"," 5.00676330","0.057565165","FALSE"
"106","M","388","L","A","C","1162","missense_variant","ATG","CTG","CTG","1"," 7.347983961","0.06691817","  46","2347569","1.959474e-05","177","55446","3.192295e-03"," 5.787349181"," 0.0632390419","  46","2347569","1.959474e-05"," 2919","2697298","1.082194e-03","FALSE","FALSE","M388L"," 6.56766657","0.065078608","FALSE"
"107","N","322","C","AA","TG"," 964","missense_variant","AAC","TGC","TGC","2"," 0.284820942","0.03291948","1863","2131170","8.741677e-04"," 45","42255","1.064963e-03","-1.248178829"," 0.0293733724","1863","2131170","8.741677e-04","  804","2184744","3.680065e-04","FALSE","FALSE","N322C","-0.48167894","0.031146427","FALSE"
"108","N","322","D","AAC","GAT"," 964","missense_variant","AAC","GAT","GAC","1"," 1.856774382","0.04048611"," 557","2131170","2.613588e-04"," 40","42255","9.466335e-04"," 2.331492268"," 0.0466041983"," 557","2131170","2.613588e-04"," 2874","2184744","1.315486e-03","FALSE","FALSE","N322D"," 2.09413333","0.043545156","FALSE"
"109","N","322","S","A","G"," 965","missense_variant","AAC","AGC","AGC","1","-0.519630693","0.02904724","1663","2131170","7.803225e-04"," 23","42255","5.443143e-04","-2.521071893"," 0.0232462736","1663","2131170","7.803225e-04","  297","2184744","1.359427e-04","FALSE","FALSE","N322S","-1.52035129","0.026146755","FALSE"
"110","N","331","C","AA","TG"," 991","missense_variant","AAC","TGC","TGC","2"," 1.010278822","0.03641149"," 445","2140139","2.079304e-04"," 19","45364","4.188343e-04"," 0.277182586"," 0.0367157333"," 445","2140139","2.079304e-04","  561","2226407","2.519755e-04","FALSE","FALSE","N331C"," 0.64373070","0.036563611","FALSE"
"111","N","336","S","A","G","1007","missense_variant","AAC","AGC","AGC","1","-0.580800686","0.02875279","1401","2150425","6.514991e-04"," 20","45915","4.355875e-04"," 0.208097390"," 0.0363831902","1401","2150425","6.514991e-04"," 1710","2272159","7.525882e-04","FALSE","FALSE","N336S","-0.18635165","0.032567992","FALSE"
"112","N","336","V","AAC","GTG","1006","missense_variant","AAC","GTG","GTC","2"," 4.732376517","0.05432789","  37","2150425","1.720590e-05"," 21","45915","4.573669e-04","-2.966967250"," 0.0210999464","  37","2150425","1.720590e-05","    5","2272159","2.200550e-06","FALSE","FALSE","N336V"," 0.88270463","0.037713918","FALSE"
"113","N","374","S","A","G","1121","missense_variant","AAC","AGC","AGC","1"," 1.365274431","0.03812027"," 360","2375767","1.515300e-04"," 23","58917","3.903797e-04"," 0.004709673"," 0.0354041789"," 360","2375767","1.515300e-04","  424","2789006","1.520255e-04","FALSE","FALSE","N374S"," 0.68499205","0.036762224","FALSE"
"114","Q","346","C","CAG","TGC","1036","missense_variant","CAG","TGC","TGC","3"," 0.392455855","0.03343758","1175","2191568","5.361458e-04"," 34","48312","7.037589e-04"," 1.874541726"," 0.0444046568","1175","2191568","5.361458e-04"," 4712","2396785","1.965967e-03","FALSE","FALSE","Q346C"," 1.13349879","0.038921121","FALSE"
"115","Q","491","A","CAA","GCT","1471","missense_variant","CAA","GCT","GCA","2","-0.083904752","0.03114461","  14","   6997","2.000858e-03","  7"," 3708","1.887810e-03"," 0.253212148"," 0.0366003511","  14","   6997","2.000858e-03","   12","   5032","2.384738e-03","FALSE","FALSE","Q491A"," 0.08465370","0.033872482","FALSE"
"116","Q","491","P","AA","CT","1472","missense_variant","CAA","CCT","CCA","1"," 1.150560501","0.03708674","  17","   6997","2.429613e-03"," 20"," 3708","5.393743e-03","-1.026895771"," 0.0304385233","  17","   6997","2.429613e-03","    6","   5032","1.192369e-03","FALSE","FALSE","Q491P"," 0.06183237","0.033762631","FALSE"
"117","Q","491","R","CA","AG","1471","missense_variant","CAA","AGA","CGA","1"," 1.594167153","0.03922205","   5","   6997","7.145920e-04","  8"," 3708","2.157497e-03"," 1.613108093"," 0.0431462402","   5","   6997","7.145920e-04","   11","   5032","2.186010e-03","FALSE","FALSE","Q491R"," 1.60363762","0.041184145","FALSE"
"118","S","348","L","TC","CT","1042","missense_variant","TCG","CTG","TTG","1"," 2.092473712","0.04162066"," 463","2197113","2.107311e-04"," 29","32268","8.987232e-04"," 1.654283272"," 0.0433444379"," 463","2197113","2.107311e-04"," 1595","2404602","6.633114e-04","FALSE","FALSE","S348L"," 1.87337849","0.042482548","FALSE"
"119","S","348","T","TCG","ACC","1042","missense_variant","TCG","ACC","ACG","1"," 9.176823941","0.07572133","  12","2197113","5.461713e-06","102","32268","3.161026e-03"," 5.537513878"," 0.0620364542","  12","2197113","5.461713e-06","  610","2404602","2.536802e-04","FALSE","FALSE","S348T"," 7.35716891","0.068878894","FALSE"
"120","S","349","I","TCA","ATC","1045","missense_variant","TCA","ATC","ATA","2"," 4.052749157","0.05105649"," 479","2199484","2.177784e-04","178","49250","3.614213e-03"," 3.868282460"," 0.0540015719"," 479","2199484","2.177784e-04"," 7672","2412264","3.180415e-03","FALSE","FALSE","S349I"," 3.96051581","0.052529030","FALSE"
"121","S","349","N","TCA","AAC","1045","missense_variant","TCA","AAC","AAC","3"," 4.743931978","0.05438351","  15","2199484","6.819781e-06","  9","49250","1.827411e-04"," 6.160785310"," 0.0650365850","  15","2199484","6.819781e-06"," 1177","2412264","4.879234e-04","FALSE","FALSE","S349N"," 5.45235864","0.059710048","FALSE"
"122","S","385","A","AGC","GCT","1153","missense_variant","AGC","GCT","GCC","2"," 3.844036430","0.05005184","  81","2356108","3.437873e-05"," 28","56715","4.936966e-04"," 7.312439783"," 0.0705800992","  81","2356108","3.437873e-05","14862","2719717","5.464539e-03","FALSE","FALSE","S385A"," 5.57823811","0.060315972","FALSE"
"123","S","385","N","G","A","1154","missense_variant","AGC","AAC","AAC","1","-0.315959454","0.03002761"," 362","2356108","1.536432e-04","  7","56715","1.234241e-04","-2.167737944"," 0.0249470543"," 362","2356108","1.536432e-04","   93","2719717","3.419473e-05","FALSE","FALSE","S385N","-1.24184870","0.027487333","FALSE"
"124","T","345","A","A","G","1033","missense_variant","ACT","GCT","GCT","1","-0.126092841","0.03094154"," 643","2185431","2.942211e-04"," 13","48220","2.695977e-04","-4.600611055"," 0.0132363659"," 643","2185431","2.942211e-04","   29","2391366","1.212696e-05","FALSE","FALSE","T345A","-2.36335195","0.022088953","FALSE"
"125","T","345","I","CT","TC","1034","missense_variant","ACT","ATC","ATT","1","-2.689328164","0.01860335","1754","2185431","8.025877e-04","  6","48220","1.244297e-04","-5.382788200"," 0.0094713389","1754","2185431","8.025877e-04","   46","2391366","1.923587e-05","FALSE","FALSE","T345I","-4.03605818","0.014037344","FALSE"
"126","T","345","R","CT","GA","1034","missense_variant","ACT","AGA","AGA","2","-2.125756248","0.02131612"," 989","2185431","4.525423e-04","  5","48220","1.036914e-04"," 1.507564894"," 0.0426382057"," 989","2185431","4.525423e-04"," 3077","2391366","1.286712e-03","FALSE","FALSE","T345R","-0.30909568","0.031977161","FALSE"
"127","T","345","V","ACT","GTG","1033","missense_variant","ACT","GTG","GTT","2","-1.006887104","0.02670182","7013","2185431","3.208978e-03"," 77","48220","1.596848e-03","-1.272283761"," 0.0292573428","7013","2185431","3.208978e-03"," 3177","2391366","1.328529e-03","FALSE","FALSE","T345V","-1.13958543","0.027979580","FALSE"
"128","T","345","W","ACT","TGG","1033","missense_variant","ACT","TGG","TGG","3"," 4.760675381","0.05446411"," 321","2185431","1.468818e-04","192","48220","3.981750e-03"," 4.594182295"," 0.0574957067"," 321","2185431","1.468818e-04"," 8484","2391366","3.547763e-03","FALSE","FALSE","T345W"," 4.67742884","0.055979906","FALSE"
"129","T","392","Y","AC","TA","1174","missense_variant","ACC","TAC","TAC","2"," 3.131113713","0.04662018","  79","2318152","3.407887e-05"," 16","53589","2.985687e-04"," 3.179899606"," 0.0506880258","  79","2318152","3.407887e-05","  802","2596833","3.088377e-04","FALSE","FALSE","T392Y"," 3.15550666","0.048654100","FALSE"
"130","V","338","G","TG","GT","1013","missense_variant","GTG","GGT","GGG","1"," 1.060301182","0.03665227"," 742","2156151","3.441317e-04"," 33","45984","7.176409e-04","-0.204367837"," 0.0343977797"," 742","2156151","3.441317e-04","  681","2280044","2.986784e-04","FALSE","FALSE","V338G"," 0.42796667","0.035525026","FALSE"
"131","V","338","Q","GT","CA","1012","missense_variant","GTG","CAG","CAG","2"," 1.341729074","0.03800693","1369","2156151","6.349277e-04"," 74","45984","1.609255e-03"," 1.203095422"," 0.0411726352","1369","2156151","6.349277e-04"," 3333","2280044","1.461814e-03","FALSE","FALSE","V338Q"," 1.27241225","0.039589784","FALSE"
"132","V","338","S","GTG","AGC","1012","missense_variant","GTG","AGC","TCG","2"," 6.551182440","0.06308275","   5","2156151","2.318947e-06"," 10","45984","2.174669e-04"," 5.359019689"," 0.0611772684","   5","2156151","2.318947e-06","  217","2280044","9.517360e-05","FALSE","FALSE","V338S"," 5.95510106","0.062130010","FALSE"
"133","V","338","T","GTG","ACC","1012","missense_variant","GTG","ACC","ACG","2"," 3.244032400","0.04716371"," 777","2156151","3.603644e-04","157","45984","3.414231e-03","-6.682374237"," 0.0032157528"," 777","2156151","3.603644e-04","    8","2280044","3.508704e-06","FALSE","FALSE","V338T","-1.71917092","0.025189732","FALSE"
"134","V","338","W","GT","TG","1012","missense_variant","GTG","TGG","TGG","2"," 2.244521101","0.04235254"," 188","2156151","8.719241e-05"," 19","45984","4.131872e-04","-5.313264206"," 0.0098059942"," 188","2156151","8.719241e-05","    5","2280044","2.192940e-06","FALSE","FALSE","V338W","-1.53437155","0.026079268","FALSE"
"135","V","339","K","GT","AA","1015","missense_variant","GTG","AAG","AAG","2"," 2.296397634","0.04260225","1574","2156325","7.299456e-04","165","46016","3.585709e-03"," 0.680079015"," 0.0386550842","1574","2156325","7.299456e-04"," 2673","2285516","1.169539e-03","FALSE","FALSE","V339K"," 1.48823832","0.040628667","FALSE"
"136","V","339","L","G","C","1015","missense_variant","GTG","CTG","CTG","1","-1.559100141","0.02404373","1657","2156325","7.684370e-04"," 12","46016","2.607789e-04","-1.983887303"," 0.0258320234","1657","2156325","7.684370e-04","  444","2285516","1.942669e-04","FALSE","FALSE","V339L","-1.77149372","0.024937875","FALSE"
"137","V","377","M","G","A","1129","missense_variant","GTG","ATG","ATG","1","-1.276986470","0.02540169","1188","2375602","5.000838e-04"," 12","58150","2.063629e-04","-0.618838833"," 0.0324027144","1188","2375602","5.000838e-04","  907","2785182","3.256520e-04","FALSE","FALSE","V377M","-0.94791265","0.028902201","FALSE"
"138","V","379","I","GTA","ATC","1135","missense_variant","GTA","ATC","ATA","1"," 2.954019808","0.04576773"," 198","2370471","8.352770e-05"," 37","57164","6.472605e-04"," 4.078915779"," 0.0550154600"," 198","2370471","8.352770e-05"," 3924","2779857","1.411583e-03","FALSE","FALSE","V379I"," 3.51646779","0.050391595","FALSE"
"139","V","379","L","GTA","CTG","1135","missense_variant","GTA","CTG","CTA","1"," 2.131848275","0.04181019"," 123","2370471","5.188842e-05"," 13","57164","2.274159e-04"," 2.058869748"," 0.0452919238"," 123","2370471","5.188842e-05","  601","2779857","2.161982e-04","FALSE","FALSE","V379L"," 2.09535901","0.043551056","FALSE"
"140","Y","326","C","A","G"," 977","missense_variant","TAC","TGC","TGC","1"," 2.180786784","0.04204576","3044","2136174","1.424978e-03","275","42564","6.460859e-03"," 0.376946636"," 0.0371959498","3044","2136174","1.424978e-03"," 4062","2195127","1.850462e-03","FALSE","FALSE","Y326C"," 1.27886671","0.039620853","FALSE"
"141","Y","326","M","TAC","ATG"," 976","missense_variant","TAC","ATG","ATG","3","-1.697367640","0.02337817","3418","2136174","1.600057e-03"," 21","42564","4.933747e-04","-8.970857004","-0.0077999095","3418","2136174","1.600057e-03","    7","2195127","3.188882e-06","FALSE","FALSE","Y326M","-5.33411232","0.007789132","FALSE"
"142","Y","326","R","TAC","AGA"," 976","missense_variant","TAC","AGA","CGC","2"," 1.424560814","0.03840564","1047","2136174","4.901286e-04"," 56","42564","1.315666e-03","-0.051730243"," 0.0351325041","1047","2136174","4.901286e-04"," 1038","2195127","4.728656e-04","FALSE","FALSE","Y326R"," 0.68641529","0.036769075","FALSE"
"143","Y","326","V","TAC","GTG"," 976","missense_variant","TAC","GTG","GTC","2"," 0.250587089","0.03275470","1139","2136174","5.331963e-04"," 27","42564","6.343389e-04","-2.132131345"," 0.0251184475","1139","2136174","5.331963e-04","  267","2195127","1.216331e-04","FALSE","FALSE","Y326V","-0.94077213","0.028936572","FALSE"
"144","Y","342","E","TAC","GAG","1024","missense_variant","TAC","GAG","GAG","2","-1.695285080","0.02338820","1655","2160223","7.661246e-04"," 11","46497","2.365744e-04"," 1.433111270"," 0.0422798215","1655","2160223","7.661246e-04"," 4753","2297518","2.068754e-03","FALSE","FALSE","Y342E","-0.13108690","0.032834010","FALSE"
"145","Y","342","N","T","A","1024","missense_variant","TAC","AAC","AAC","1","-1.998273679","0.02192976","2413","2160223","1.117014e-03"," 13","46497","2.795879e-04","-8.003580020","-0.0031439004","2413","2160223","1.117014e-03","   10","2297518","4.352523e-06","FALSE","FALSE","Y342N","-5.00092685","0.009392928","FALSE"
"146","Y","342","R","TAC","AGA","1024","missense_variant","TAC","AGA","CGC","2"," 0.656817394","0.03471010","1385","2160223","6.411375e-04"," 47","46497","1.010818e-03"," 1.912145366"," 0.0445856627","1385","2160223","6.411375e-04"," 5544","2297518","2.413039e-03","FALSE","FALSE","Y342R"," 1.28448138","0.039647879","FALSE"
