type,alt_start_pos,alt_end_pos,ref,ref_codon,alt,alt_codon,frame_pos,ct,depth,protein_start,protein_end,ref_aa,alt_aa,amino_acids,consequence_terms
snp,1389,1390,C,GGC,T,GGT,2,1,850.0,463,463,G,G,G/G,synonymous_variant
snp,1398,1399,G,GAG,T,GAT,2,1,854.0,466,466,E,D,E/D,missense_variant
snp,1414,1415,A,ATG,C,CTG,0,2,850.0,472,472,M,L,M/L,missense_variant
snp,1431,1432,G,CAG,C,CAC,2,1,850.0,477,477,Q,H,Q/H,missense_variant
snp,1437,1438,T,AAT,G,AAG,2,1,850.0,479,479,N,K,N/K,missense_variant
snp,1446,1447,C,GAC,G,GAG,2,1,850.0,482,482,D,E,D/E,missense_variant
snp,1457,1458,T,TTT,C,TCT,1,5,850.0,486,486,F,S,F/S,missense_variant
snp,1473,1474,A,CAA,C,CAC,2,1,850.0,491,491,Q,H,Q/H,missense_variant
snp,1474,1475,G,GCC,A,ACC,0,1,854.0,492,492,A,T,A/T,missense_variant
snp,1505,1506,T,ATC,C,ACC,1,1,984.0,502,502,I,T,I/T,missense_variant
mnv,1186,1189,CAT,CAT,ACC,ACC,0,1,1.0,396,396,H,T,H/T,missense_variant
mnv,1396,1399,GAG,GAG,ACC,ACC,0,1,854.0,466,466,E,T,E/T,missense_variant
mnv,1396,1399,GAG,GAG,AGA,AGA,0,1,854.0,466,466,E,R,E/R,missense_variant
mnv,1396,1399,GAG,GAG,ATC,ATC,0,1,854.0,466,466,E,I,E/I,missense_variant
mnv,1399,1402,AAG,AAG,GCT,GCT,0,1,850.0,467,467,K,A,K/A,missense_variant
mnv,1402,1405,GTC,GTC,AAG,AAG,0,1,850.0,468,468,V,K,V/K,missense_variant
mnv,1402,1405,GTC,GTC,CTG,CTG,0,1,850.0,468,468,V,L,V/L,missense_variant
mnv,1405,1408,TAT,TAT,AAC,AAC,0,1,850.0,469,469,Y,N,Y/N,missense_variant
mnv,1405,1408,TAT,TAT,CAC,CAC,0,2,850.0,469,469,Y,H,Y/H,missense_variant
mnv,1406,1408,AT,TAT,TC,TTC,1,1,850.0,469,469,Y,F,Y/F,missense_variant
mnv,1408,1411,GAA,GAA,AAC,AAC,0,1,850.0,470,470,E,N,E/N,missense_variant
mnv,1408,1411,GAA,GAA,TAC,TAC,0,1,850.0,470,470,E,Y,E/Y,missense_variant
mnv,1411,1414,CTC,CTC,ATG,ATG,0,1,850.0,471,471,L,M,L/M,missense_variant
mnv,1411,1414,CTC,CTC,GGT,GGT,0,1,850.0,471,471,L,G,L/G,missense_variant
mnv,1412,1414,TC,CTC,AG,CAG,1,2,850.0,471,471,L,Q,L/Q,missense_variant
mnv,1417,1420,CGA,CGA,AAC,AAC,0,1,850.0,473,473,R,N,R/N,missense_variant
mnv,1417,1420,CGA,CGA,ACC,ACC,0,1,850.0,473,473,R,T,R/T,missense_variant
mnv,1420,1422,GC,GCA,AG,AGA,0,2,850.0,474,474,A,R,A/R,missense_variant
mnv,1420,1423,GCA,GCA,AGC,AGC,0,1,850.0,474,474,A,S,A/S,missense_variant
mnv,1420,1423,GCA,GCA,ATC,ATC,0,1,850.0,474,474,A,I,A/I,missense_variant
mnv,1420,1423,GCA,GCA,CAC,CAC,0,1,850.0,474,474,A,H,A/H,missense_variant
mnv,1423,1426,TGT,TGT,AAC,AAC,0,1,850.0,475,475,C,N,C/N,missense_variant
mnv,1423,1426,TGT,TGT,ACC,ACC,0,1,850.0,475,475,C,T,C/T,missense_variant
mnv,1429,1432,CAG,CAG,AAC,AAC,0,2,850.0,477,477,Q,N,Q/N,missense_variant
mnv,1429,1432,CAG,CAG,AGC,AGC,0,1,850.0,477,477,Q,S,Q/S,missense_variant
mnv,1432,1434,TG,TGG,AA,AAG,0,1,850.0,478,478,W,K,W/K,missense_variant
mnv,1432,1435,TGG,TGG,AGC,AGC,0,2,850.0,478,478,W,S,W/S,missense_variant
mnv,1435,1437,AA,AAT,CC,CCT,0,1,850.0,479,479,N,P,N/P,missense_variant
mnv,1435,1437,AA,AAT,GC,GCT,0,2,850.0,479,479,N,A,N/A,missense_variant
mnv,1435,1438,AAT,AAT,TAC,TAC,0,1,850.0,479,479,N,Y,N/Y,missense_variant
mnv,1436,1438,AT,AAT,CC,ACC,1,1,850.0,479,479,N,T,N/T,missense_variant
mnv,1436,1438,AT,AAT,TC,ATC,1,1,850.0,479,479,N,I,N/I,missense_variant
mnv,1438,1440,CC,CCC,AA,AAC,0,1,850.0,480,480,P,N,P/N,missense_variant
mnv,1438,1440,CC,CCC,TA,TAC,0,1,850.0,480,480,P,Y,P/Y,missense_variant
mnv,1438,1441,CCC,CCC,AAG,AAG,0,2,850.0,480,480,P,K,P/K,missense_variant
mnv,1438,1441,CCC,CCC,AGA,AGA,0,1,850.0,480,480,P,R,P/R,missense_variant
mnv,1438,1441,CCC,CCC,GCT,GCT,0,1,850.0,480,480,P,A,P/A,missense_variant
mnv,1438,1441,CCC,CCC,GGT,GGT,0,1,850.0,480,480,P,G,P/G,missense_variant
mnv,1444,1446,GA,GAC,TT,TTC,0,1,850.0,482,482,D,F,D/F,missense_variant
mnv,1444,1447,GAC,GAC,AAG,AAG,0,1,850.0,482,482,D,K,D/K,missense_variant
mnv,1444,1447,GAC,GAC,CCT,CCT,0,2,850.0,482,482,D,P,D/P,missense_variant
mnv,1453,1455,TC,TCC,AA,AAC,0,1,850.0,485,485,S,N,S/N,missense_variant
mnv,1453,1455,TC,TCC,CA,CAC,0,1,850.0,485,485,S,H,S/H,missense_variant
mnv,1453,1456,TCC,TCC,AAG,AAG,0,1,850.0,485,485,S,K,S/K,missense_variant
mnv,1454,1456,CC,TCC,GG,TGG,1,3,850.0,485,485,S,W,S/W,missense_variant
mnv,1456,1458,TT,TTT,CC,CCT,0,3,850.0,486,486,F,P,F/P,missense_variant
mnv,1456,1458,TT,TTT,GC,GCT,0,1,850.0,486,486,F,A,F/A,missense_variant
mnv,1456,1459,TTT,TTT,AGC,AGC,0,4,850.0,486,486,F,S,F/S,missense_variant
mnv,1456,1459,TTT,TTT,ATG,ATG,0,3,850.0,486,486,F,M,F/M,missense_variant
mnv,1456,1459,TTT,TTT,CAC,CAC,0,1,850.0,486,486,F,H,F/H,missense_variant
mnv,1457,1459,TT,TTT,GG,TGG,1,1,850.0,486,486,F,W,F/W,missense_variant
mnv,1459,1462,GCT,GCT,AAG,AAG,0,1,850.0,487,487,A,K,A/K,missense_variant
mnv,1459,1462,GCT,GCT,ATC,ATC,0,1,850.0,487,487,A,I,A/I,missense_variant
mnv,1462,1465,GAA,GAA,AAC,AAC,0,1,850.0,488,488,E,N,E/N,missense_variant
mnv,1462,1465,GAA,GAA,AAG,AAG,0,1,850.0,488,488,E,K,E/K,missense_variant
mnv,1462,1465,GAA,GAA,ATC,ATC,0,1,850.0,488,488,E,I,E/I,missense_variant
mnv,1462,1465,GAA,GAA,CAC,CAC,0,1,850.0,488,488,E,H,E/H,missense_variant
mnv,1462,1465,GAA,GAA,TAC,TAC,0,1,850.0,488,488,E,Y,E/Y,missense_variant
mnv,1462,1465,GAA,GAA,TGC,TGC,0,1,850.0,488,488,E,C,E/C,missense_variant
mnv,1465,1467,AT,ATC,TG,TGC,0,1,850.0,489,489,I,C,I/C,missense_variant
mnv,1465,1468,ATC,ATC,GTG,GTG,0,1,850.0,489,489,I,V,I/V,missense_variant
mnv,1471,1474,CAA,CAA,TAC,TAC,0,2,850.0,491,491,Q,Y,Q/Y,missense_variant
mnv,1472,1474,AA,CAA,CT,CCT,1,1,850.0,491,491,Q,P,Q/P,missense_variant
mnv,1474,1476,GC,GCC,AT,ATC,0,1,854.0,492,492,A,I,A/I,missense_variant
mnv,1474,1476,GC,GCC,CA,CAC,0,1,854.0,492,492,A,H,A/H,missense_variant
mnv,1474,1476,GC,GCC,TT,TTC,0,2,854.0,492,492,A,F,A/F,missense_variant
mnv,1474,1477,GCC,GCC,CAG,CAG,0,1,854.0,492,492,A,Q,A/Q,missense_variant
mnv,1474,1477,GCC,GCC,TGG,TGG,0,1,854.0,492,492,A,W,A/W,missense_variant
mnv,1475,1477,CC,GCC,AG,GAG,1,1,854.0,492,492,A,E,A/E,missense_variant
mnv,1475,1477,CC,GCC,AT,GAT,1,1,854.0,492,492,A,D,A/D,missense_variant
mnv,1475,1477,CC,GCC,GT,GGT,1,1,854.0,492,492,A,G,A/G,missense_variant
mnv,1475,1477,CC,GCC,TG,GTG,1,1,854.0,492,492,A,V,A/V,missense_variant
mnv,1477,1479,TT,TTT,GC,GCT,0,1,852.7,493,493,F,A,F/A,missense_variant
mnv,1477,1480,TTT,TTT,CAC,CAC,0,1,852.7,493,493,F,H,F/H,missense_variant
mnv,1478,1480,TT,TTT,AC,TAC,1,3,852.7,493,493,F,Y,F/Y,missense_variant
mnv,1501,1504,AGT,AGT,CCC,CCC,0,2,984.0,501,501,S,P,S/P,missense_variant
mnv,1501,1504,AGT,AGT,GAG,GAG,0,1,984.0,501,501,S,E,S/E,missense_variant
mnv,1501,1504,AGT,AGT,TGC,TGC,0,1,984.0,501,501,S,C,S/C,missense_variant
mnv,1504,1507,ATC,ATC,CAG,CAG,0,1,984.0,502,502,I,Q,I/Q,missense_variant
mnv,1508,1510,CA,TCA,GC,TGC,1,1,984.0,503,503,S,C,S/C,missense_variant
mnv,1508,1510,CA,TCA,TC,TTC,1,1,984.0,503,503,S,F,S/F,missense_variant
