type,protein_start,ref_aa,alt_aa,ref_codon,alt_codon,netgrowth,ct_D6,mutant,is_intended
snp,240,T,T,ACG,ACA,0.005249495,1,T240T,0
snp,243,T,I,ACC,ATC,0.016426147,1,T243I,1
snp,244,M,I,ATG,ATC,0.016426147,1,M244I,1
mnv,244,M,T,ATG,ACC,0.011612625,1,M244T,1
mnv,246,H,L,CAC,CTG,0.006799103,1,H246L,1
snp,247,K,K,AAG,AAA,0.008796895,1,K247K,0
mnv,247,K,W,AAG,TGG,0.026609043,13,K247W,1
mnv,247,K,R,AAG,AGA,0.011612625,1,K247R,1
snp,248,L,V,CTG,GTG,0.036302542,35,L248V,1
mnv,248,L,R,CTG,AGA,0.042043365,40,L248R,1
mnv,248,L,S,CTG,AGC,0.030866713,8,L248S,1
mnv,248,L,I,CTG,ATC,0.019973547,5,L248I,1
mnv,248,L,C,CTG,TGC,0.026474196,17,L248C,1
snp,250,G,E,GGG,GAG,0.035766503,81,G250E,1
snp,250,G,V,GGG,GTG,0.019449189,17,G250V,1
mnv,250,G,Q,GGG,CAG,0.011612625,2,G250Q,1
mnv,250,G,H,GGG,CAC,0.011612625,1,G250H,1
mnv,250,G,C,GGG,TGC,0.029939412,28,G250C,1
mnv,250,G,F,GGG,TTC,0.016426147,1,G250F,1
mnv,250,G,A,GGG,GCT,0.027875165,26,G250A,1
snp,252,Q,H,CAG,CAC,0.031684651,9,Q252H,1
mnv,252,Q,M,CAG,ATG,0.016426147,2,Q252M,1
mnv,252,Q,G,CAG,GGT,0.010063017,2,Q252G,1
snp,253,Y,F,TAC,TTC,0.046125217,72,Y253F,1
mnv,253,Y,S,TAC,AGC,0.024055399,3,Y253S,1
mnv,253,Y,M,TAC,ATG,0.028868921,18,Y253M,1
mnv,253,Y,A,TAC,GCT,0.011612625,3,Y253A,1
mnv,253,Y,G,TAC,GGT,0.021239669,2,Y253G,1
snp,255,E,K,GAG,AAG,0.034551632,68,E255K,1
snp,255,E,Q,GAG,CAG,0.016426147,3,E255Q,1
snp,255,E,V,GAG,GTG,0.033343623,80,E255V,1
snp,255,E,D,GAG,GAT,0.024055399,12,E255D,1
mnv,255,E,M,GAG,ATG,0.02512589,14,E255M,1
mnv,255,E,L,GAG,CTG,0.038078577,226,E255L,1
mnv,255,E,W,GAG,TGG,0.052488347,180,E255W,1
mnv,255,E,N,GAG,AAC,0.039313903,27,E255N,1
mnv,255,E,T,GAG,ACC,0.034893231,200,E255T,1
mnv,255,E,R,GAG,AGA,0.022789277,5,E255R,1
mnv,255,E,S,GAG,AGC,0.029939412,21,E255S,1
mnv,255,E,I,GAG,ATC,0.035823425,49,E255I,1
mnv,255,E,H,GAG,CAC,0.014428355,6,E255H,1
mnv,255,E,Y,GAG,TAC,0.04070745,165,E255Y,1
mnv,255,E,C,GAG,TGC,0.016426147,6,E255C,1
mnv,255,E,F,GAG,TTC,0.022789277,10,E255F,1
mnv,257,Y,R,TAC,AGA,0.02072503,13,Y257R,1
snp,258,E,Q,GAG,CAG,0.005249495,1,E258Q,1
mnv,258,E,M,GAG,ATG,0.045829664,69,E258M,1
mnv,258,E,C,GAG,TGC,0.022789277,5,E258C,1
mnv,258,E,F,GAG,TTC,0.026053191,4,E258F,1
mnv,258,E,A,GAG,GCT,0.023237461,16,E258A,1
mnv,260,V,I,GTG,ATC,0.011612625,1,V260I,1
mnv,261,W,M,TGG,ATG,0.011612625,1,W261M,1
mnv,261,W,I,TGG,ATC,0.019241877,3,W261I,1
snp,262,K,N,AAG,AAC,0.023061643,13,K262N,1
mnv,262,K,W,AAG,TGG,0.016426147,4,K262W,1
mnv,263,K,M,AAA,ATG,0.028050983,16,K263M,1
mnv,265,S,F,AGC,TTC,0.019241877,3,S265F,1
mnv,265,S,M,AGC,ATG,0.008796895,1,S265M,1
mnv,266,L,R,CTG,AGA,0.016426147,1,L266R,1
mnv,267,T,C,ACG,TGC,0.022789277,5,T267C,1
mnv,269,A,P,GCC,CCT,0.001985581,1,A269P,1
mnv,269,A,D,GCC,GAT,-0.000830149,1,A269D,1
mnv,270,V,C,GTG,TGC,0.006799103,2,V270C,1
mnv,271,K,G,AAG,GGT,0.019973547,5,K271G,1
snp,272,T,S,ACC,AGC,0.011612625,1,T272S,1
mnv,272,T,L,ACC,CTG,0.003983373,1,T272L,1
mnv,273,L,N,TTG,AAC,0.029939412,14,L273N,1
mnv,273,L,R,TTG,AGA,0.04425485,220,L273R,1
snp,275,E,K,GAG,AAG,0.024055399,3,E275K,1
snp,275,E,Q,GAG,CAG,0.03057116,23,E275Q,1
snp,275,E,E,GAG,GAA,0.028105026,43,E275E,0
mnv,275,E,R,GAG,AGA,0.028868921,18,E275R,1
mnv,275,E,A,GAG,GCT,0.031684651,9,E275A,1
snp,276,D,H,GAC,CAC,0.030866713,16,D276H,1
mnv,276,D,S,GAC,AGC,0.021239669,2,D276S,1
mnv,276,D,R,GAC,AGA,0.011612625,2,D276R,1
mnv,276,D,G,GAC,GGT,0.019241877,3,D276G,1
snp,277,T,N,ACC,AAC,0.016426147,1,T277N,1
mnv,277,T,Q,ACC,CAG,0.021239669,2,T277Q,1
mnv,277,T,A,ACC,GCT,0.016426147,1,T277A,1
snp,279,E,K,GAG,AAG,0.038495965,24,E279K,1
mnv,279,E,W,GAG,TGG,0.011612625,1,E279W,1
mnv,279,E,T,GAG,ACC,0.03789172,22,E279T,1
mnv,279,E,H,GAG,CAC,0.012539926,4,E279H,1
mnv,279,E,P,GAG,CCT,0.027602799,5,E279P,1
mnv,279,E,Y,GAG,TAC,0.022789277,10,E279Y,1
mnv,279,E,G,GAG,GGT,0.000435973,1,E279G,1
snp,280,V,V,GTG,GTA,0.029686859,27,V280V,0
mnv,280,V,W,GTG,TGG,0.024787069,10,V280W,1
mnv,280,V,N,GTG,AAC,0.016426147,1,V280N,1
mnv,280,V,H,GTG,CAC,0.011612625,1,V280H,1
mnv,280,V,F,GTG,TTC,0.024055399,3,V280F,1
mnv,280,V,G,GTG,GGT,0.022789277,5,V280G,1
snp,281,E,K,GAA,AAA,0.021453361,33,E281K,0
mnv,281,E,R,GAA,AGA,0.028868921,6,E281R,1
mnv,281,E,N,GAA,AAC,0.016426147,2,E281N,1
mnv,281,E,K,GAA,AAG,0.026053191,8,E281K,1
snp,282,E,D,GAG,GAT,0.011612625,1,E282D,1
mnv,282,E,W,GAG,TGG,0.03610124,17,E282W,1
mnv,282,E,Y,GAG,TAC,0.022057607,9,E282Y,1
mnv,282,E,C,GAG,TGC,0.013610417,2,E282C,1
mnv,283,F,S,TTC,AGC,0.028264675,11,F283S,1
snp,285,K,R,AAA,AGA,0.006799103,1,K285R,1
mnv,285,K,H,AAA,CAC,0.030418529,30,K285H,1
mnv,285,K,Q,AAA,CAG,0.013610417,2,K285Q,1
mnv,285,K,Y,AAA,TAC,0.026053191,8,K285Y,1
snp,287,A,G,GCT,GGT,0.031287718,17,A287G,1
mnv,288,A,N,GCA,AAC,0.013610417,2,A288N,1
mnv,288,A,Q,GCA,CAG,0.013610417,2,A288Q,1
snp,289,V,F,GTC,TTC,0.026053191,8,V289F,1
mnv,289,V,N,GTC,AAC,0.011612625,1,V289N,1
mnv,289,V,R,GTC,AGA,0.032644028,31,V289R,1
mnv,290,M,H,ATG,CAC,0.034500381,27,M290H,1
snp,292,E,K,GAG,AAG,0.006799103,1,E292K,1
snp,292,E,V,GAG,GTG,0.034500381,27,E292V,1
mnv,292,E,L,GAG,CTG,0.028264675,11,E292L,1
mnv,292,E,W,GAG,TGG,0.027319313,24,E292W,1
mnv,292,E,N,GAG,AAC,0.022789277,5,E292N,1
mnv,292,E,S,GAG,AGC,0.032755142,21,E292S,1
mnv,292,E,H,GAG,CAC,0.018423939,4,E292H,1
mnv,292,E,Y,GAG,TAC,0.016426147,2,E292Y,1
mnv,292,E,C,GAG,TGC,0.033078198,11,E292C,1
mnv,292,E,F,GAG,TTC,0.022789277,10,E292F,1
mnv,292,E,A,GAG,GCT,0.026053191,4,E292A,1
mnv,293,I,Q,ATC,CAG,0.011612625,1,I293Q,1
mnv,293,I,V,ATC,GTG,0.033965929,25,I293V,1
snp,294,K,N,AAA,AAC,0.031080405,33,K294N,1
mnv,294,K,E,AAA,GAG,0.011612625,1,K294E,1
mnv,294,K,A,AAA,GCT,0.024055399,3,K294A,1
mnv,296,P,S,CCT,AGC,0.016426147,1,P296S,1
mnv,296,P,W,CCT,TGG,0.03620262,69,P296W,1
snp,297,N,K,AAC,AAG,0.004587619,2,N297K,1
mnv,297,N,F,AAC,TTC,0.011612625,2,N297F,1
mnv,297,N,R,AAC,AGA,0.026053191,4,N297R,1
snp,298,L,L,CTG,CTA,0.011612625,5,L298L,0
mnv,298,L,T,CTG,ACC,0.030484354,53,L298T,1
mnv,298,L,S,CTG,AGC,0.009614833,3,L298S,1
mnv,298,L,A,CTG,GCT,0.027602799,25,L298A,1
mnv,298,L,C,CTG,TGC,0.042705242,44,L298C,1
mnv,299,V,T,GTG,ACC,0.011612625,1,V299T,1
mnv,300,Q,I,CAG,ATC,0.016426147,3,Q300I,1
mnv,300,Q,D,CAG,GAT,0.013610417,2,Q300D,1
mnv,304,V,T,GTC,ACC,0.016426147,1,V304T,0
mnv,306,T,F,ACC,TTC,0.024055399,3,T306F,1
mnv,308,E,C,GAG,TGC,0.016426147,1,E308C,1
snp,309,P,S,CCC,TCC,0.016426147,1,P309S,0
snp,311,F,I,TTC,ATC,0.042599218,130,F311I,1
snp,311,F,Y,TTC,TAC,0.026053191,4,F311Y,1
mnv,311,F,L,TTC,CTG,0.027602799,10,F311L,1
mnv,311,F,V,TTC,GTG,0.041311695,72,F311V,1
mnv,314,I,L,ATC,CTG,-0.00190064,1,I314L,1
mnv,314,I,W,ATC,TGG,0.016426147,1,I314W,1
mnv,315,T,L,ACT,CTG,0.042809671,134,T315L,1
mnv,315,T,E,ACT,GAG,0.035680235,32,T315E,1
mnv,315,T,V,ACT,GTG,0.049730248,121,T315V,1
mnv,315,T,C,ACT,TGC,0.029939412,14,T315C,1
mnv,315,T,F,ACT,TTC,0.026053191,4,T315F,1
mnv,315,T,L,ACT,TTG,0.032060118,19,T315L,0
mnv,315,T,M,ACT,ATG,0.031684651,18,T315M,1
snp,317,F,C,TTC,TGC,0.010542134,3,F317C,1
mnv,317,F,R,TTC,AGA,0.028264675,11,F317R,1
snp,320,Y,F,TAC,TTC,0.027602799,10,Y320F,1
snp,321,G,G,GGG,GGA,0.008796895,2,G321G,0
