"type","alt_start_pos","alt_end_pos","ref","alt","ct","depth","protein_start","protein_end","amino_acids","codons","impact","polyphen_prediction","consequence_terms"
"snp",766,767,"G","C",1,313,256,256,"V/L","Gtg/Ctg","MODERATE","probably_damaging","missense_variant"
"snp",772,773,"G","A",1,72,258,258,"E/K","Gag/Aag","MODERATE","possibly_damaging","missense_variant"
"snp",775,776,"G","A",2,76,259,259,"G/S","Ggc/Agc","MODERATE","probably_damaging","missense_variant"
"snp",786,787,"G","A",3,891.666666666667,262,262,"K","aaG/aaA","LOW","NaN","synonymous_variant"
"snp",819,820,"G","C",1,1615,273,273,"L/F","ttG/ttC","MODERATE","possibly_damaging","missense_variant"
"snp",825,826,"G","A",1,1555,275,275,"E","gaG/gaA","LOW","NaN","splice_region_variant"
"snp",838,839,"G","A",1,1488,280,280,"V/M","Gtg/Atg","MODERATE","probably_damaging","missense_variant"
"snp",852,853,"G","A",2,1375,284,284,"L","ttG/ttA","LOW","NaN","synonymous_variant"
"snp",859,860,"G","A",3,1206.33333333333,287,287,"A/T","Gct/Act","MODERATE","probably_damaging","missense_variant"
"snp",894,895,"G","A",1,1272,298,298,"L","ctG/ctA","LOW","NaN","synonymous_variant"
"snp",913,914,"T","A",1,1209,305,305,"C/S","Tgc/Agc","MODERATE","probably_damaging","missense_variant"
"snp",928,929,"C","T",1,1174,310,310,"P/S","Ccg/Tcg","MODERATE","probably_damaging","missense_variant"
"snp",942,943,"C","T",1,1230,314,314,"I","atC/atT","LOW","NaN","synonymous_variant"
"snp",955,956,"A","G",1,1173,319,319,"T/A","Acc/Gcc","MODERATE","benign","missense_variant"
"snp",963,964,"G","A",2,737,321,321,"G","ggG/ggA","LOW","NaN","synonymous_variant"
"snp",970,971,"C","A",2,1284.5,324,324,"L/M","Ctg/Atg","MODERATE","probably_damaging","missense_variant"
"snp",1019,1020,"T","C",2,494.5,340,340,"L/P","cTg/cCg","MODERATE","probably_damaging","missense_variant"
"snp",1029,1030,"G","A",2,1069.5,343,343,"M/I","atG/atA","MODERATE","possibly_damaging","missense_variant"
"snp",1030,1031,"G","A",1,634,344,344,"A/T","Gcc/Acc","MODERATE","probably_damaging","missense_variant"
"snp",1073,1074,"A","G",2,1256,358,358,"N/S","aAc/aGc","MODERATE","possibly_damaging","missense_variant"
"snp",1101,1102,"A","C",1,495,367,367,"R","cgA/cgC","LOW","NaN","synonymous_variant"
"snp",1121,1122,"A","G",1,724,374,374,"N/S","aAc/aGc","MODERATE","benign","missense_variant"
"snp",1122,1123,"C","T",1,1333,374,374,"N","aaC/aaT","LOW","NaN","synonymous_variant"
"snp",1123,1124,"C","T",2,1357.5,375,375,"H/Y","Cac/Tac","MODERATE","benign","missense_variant"
"snp",1131,1132,"G","A",3,978,377,377,"V","gtG/gtA","LOW","NaN","synonymous_variant"
"snp",1231,1232,"C","G",1,618,411,411,"L/V","Ctg/Gtg","MODERATE","possibly_damaging","missense_variant"
"snp",1233,1234,"G","A",1,389,411,411,"L","ctG/ctA","LOW","NaN","synonymous_variant"
"snp",1241,1242,"A","C",1,414,414,414,"N/T","aAc/aCc","MODERATE","probably_damaging","missense_variant"
"snp",1245,1246,"G","C",2,401.5,415,415,"K/N","aaG/aaC","MODERATE","possibly_damaging","missense_variant"
"snp",1254,1255,"C","G",2,426.5,418,418,"I/M","atC/atG","MODERATE","probably_damaging","missense_variant"
"snp",1258,1259,"T","A",2,727,420,420,"S/T","Tcc/Acc","MODERATE","probably_damaging","missense_variant"
"snp",1261,1262,"G","A",1,1130,421,421,"D/N","Gac/Aac","MODERATE","probably_damaging","missense_variant"
"snp",1285,1286,"C","T",1,1133,429,429,"L/F","Ctt/Ttt","MODERATE","possibly_damaging","missense_variant"
"snp",1298,1299,"C","T",4,1237.25,433,433,"A/V","gCt/gTt","MODERATE","possibly_damaging","missense_variant"
"snp",1300,1301,"A","G",1,852,434,434,"T/A","Acc/Gcc","MODERATE","possibly_damaging","missense_variant"
"snp",1325,1326,"G","A",1,657,442,442,"G/E","gGa/gAa","MODERATE","probably_damaging","missense_variant"
"snp",1348,1349,"G","A",1,1244,450,450,"E/K","Gag/Aag","MODERATE","benign","missense_variant"
"snp",1382,1383,"C","T",1,1269,461,461,"P/L","cCa/cTa","MODERATE","probably_damaging","missense_variant"
"snp",1398,1399,"G","A",1,790,466,466,"E","gaG/gaA","LOW","NaN","synonymous_variant"
"snp",1408,1409,"G","A",3,982,470,470,"E/K","Gaa/Aaa","MODERATE","benign","missense_variant"
"snp",1416,1417,"G","C",1,750,472,472,"M/I","atG/atC","MODERATE","possibly_damaging","missense_variant"
"snp",1424,1425,"G","C",1,1516,NA,NA,"NaN","NaN","HIGH","NaN","splice_donor_variant"
"snp",1435,1436,"A","G",2,1435.5,479,479,"N/D","Aat/Gat","MODERATE","benign","missense_variant"
"snp",1439,1440,"C","A",1,754,480,480,"P/H","cCc/cAc","MODERATE","benign","missense_variant"
"snp",1439,1440,"C","T",1,2011,480,480,"P/L","cCc/cTc","MODERATE","benign","missense_variant"
"snp",1441,1442,"T","G",2,1430,481,481,"S/A","Tct/Gct","MODERATE","benign","missense_variant"
"snp",1472,1473,"A","G",2,1890,491,491,"Q/R","cAa/cGa","MODERATE","benign","missense_variant"
"snp",1479,1480,"T","C",55,1889.32727272727,493,493,"F","ttT/ttC","LOW","NaN","synonymous_variant"
"snp",1485,1486,"A","C",2,2257.5,495,495,"T","acA/acC","LOW","NaN","synonymous_variant"
"snp",1510,1511,"G","A",2,2618.5,504,504,"D/N","Gac/Aac","MODERATE","possibly_damaging","missense_variant"
"snp",1513,1514,"G","A",2,2798,505,505,"E/K","Gaa/Aaa","MODERATE","probably_damaging","missense_variant"
"snp",1518,1519,"G","A",3,2716,506,506,"V","gtG/gtA","LOW","NaN","synonymous_variant"
"snp",1519,1520,"G","A",3,1737,507,507,"E/K","Gaa/Aaa","MODERATE","possibly_damaging","missense_variant"
"snp",1552,1553,"G","A",4,2052.5,518,518,"A/T","Gct/Act","MODERATE","benign","missense_variant"
"snp",1628,1629,"A","C",1,2719,543,543,"D/A","gAc/gCc","MODERATE","benign","missense_variant"
"mnv",766,769,"GTG","TTC",1,137,256,256,"V/F","GTG/TTC","MODERATE","probably_damaging","missense_variant"
"mnv",853,856,"AAA","GAG",1,728,285,285,"K/E","AAA/GAG","MODERATE","benign","missense_variant"
"mnv",865,867,"GT","AC",2,430.5,289,289,"V/T","GTc/ACc","MODERATE","probably_damaging","missense_variant"
"mnv",958,961,"TAC","GAT",2,1095.5,320,320,"Y/D","TAC/GAT","MODERATE","possibly_damaging","missense_variant"
"mnv",1006,1009,"AAC","GTG",2,1112.5,336,336,"N/V","AAC/GTG","MODERATE","benign","missense_variant"
"mnv",1045,1048,"TCA","GCT",2,582,349,349,"S/A","TCA/GCT","MODERATE","possibly_damaging","missense_variant"
"mnv",1090,1093,"CTT","GTG",2,496.5,364,364,"L/V","CTT/GTG","MODERATE","probably_damaging","missense_variant"
"mnv",1150,1153,"CTG","TTC",2,1102,384,384,"L/F","CTG/TTC","MODERATE","probably_damaging","missense_variant"
"mnv",1174,1176,"AC","TG",1,1259,392,392,"T/C","ACc/TGc","MODERATE","possibly_damaging","missense_variant"
"mnv",1189,1192,"GCT","CTG",1,421,397,397,"A/L","GCT/CTG","MODERATE","possibly_damaging","missense_variant"
"mnv",1231,1234,"CTG","TTC",1,634,411,411,"L/F","CTG/TTC","MODERATE","probably_damaging","missense_variant"
"mnv",1234,1237,"GCC","AGA",2,503,412,412,"A/R","GCC/AGA","MODERATE","probably_damaging","missense_variant"
"mnv",1237,1239,"TA","AC",1,530,413,413,"Y/T","TAc/ACc","MODERATE","probably_damaging","missense_variant"
"mnv",1312,1315,"TCC","CTG",1,405,438,438,"S/L","TCC/CTG","MODERATE","possibly_damaging","missense_variant"
"mnv",1354,1357,"CTA","AAC",2,1254.5,452,452,"L/N","CTA/AAC","MODERATE","probably_damaging","missense_variant"
"mnv",1363,1366,"GAC","TGG",3,1027,455,455,"D/W","GAC/TGG","MODERATE","probably_damaging","missense_variant"
"mnv",1402,1404,"GT","TA",2,1259,468,468,"V/Y","GTc/TAc","MODERATE","probably_damaging","missense_variant"
"mnv",1408,1411,"GAA","AAG",1,965,470,470,"E/K","GAA/AAG","MODERATE","benign","missense_variant"
"mnv",1414,1416,"AT","TG",2,1026,472,472,"M/W","ATg/TGg","MODERATE","probably_damaging","missense_variant"
"mnv",1423,1426,"TGT","CTG",1,810,475,475,"NaN","NaN","HIGH","NaN","splice_donor_variant"
"mnv",1459,1462,"GCT","ATC",1,1512,487,487,"A/I","GCT/ATC","MODERATE","probably_damaging","missense_variant"
"mnv",1474,1477,"GCC","AAG",1,1196,492,492,"A/K","GCC/AAG","MODERATE","benign","missense_variant"
"mnv",1511,1514,"ACG","CCA",1,997,504,505,"DE/AK","gACGaa/gCCAaa","MODERATE","NaN","missense_variant"
