conc,Wt,F359Lmini,F359Lmaxi,M244V,V299L_H,V299L_L,E355A,D276G_mini,D276G_maxi,H396R,F317L,F359I,E459K,G250E,F359C,F359V,M351T,L248V,E355G_mini,E355G_maxi,Q252H_mini,Q252H_maxi,Y253F,F486S_mini,F486S_maxi,H396P_mini,H396P_maxi,E255K,Y253H,T315I,E255V
10,6.17E-04,2.73E-04,6.01E-04,1.08E-03,3.34E-04,2.89E-04,2.25E-04,7.46E-04,3.38E-04,8.14E-04,1.89E-04,3.57E-04,1.97E-03,3.60E-03,2.56E-04,3.60E-04,3.20E-04,3.89E-04,1.63E-04,3.44E-04,8.41E-04,6.32E-04,7.58E-04,4.87E-04,5.66E-04,3.32E-04,6.57E-04,3.72E-04,4.56E-03,1.17E-02,8.18E-03
5,3.07E-03,1.81E-03,2.30E-03,3.84E-03,1.31E-02,5.20E-03,3.87E-03,2.48E-03,4.54E-03,7.53E-02,3.74E-03,2.41E-03,5.64E-03,8.55E-02,1.44E-03,6.44E-03,2.27E-03,4.67E-03,4.92E-03,4.83E-03,3.93E-03,7.56E-03,2.01E-02,4.44E-03,5.58E-03,4.26E-03,1.01E-02,1.85E-03,4.72E-01,6.96E-01,6.80E-01
2.5,6.24E-03,1.22E-02,1.34E-02,5.41E-03,1.74E-02,1.10E-02,5.86E-03,2.54E-02,2.41E-02,2.04E-01,4.50E-03,5.23E-03,9.11E-03,3.57E-01,5.68E-03,5.17E-03,8.56E-03,1.94E-02,3.45E-02,3.94E-02,6.30E-02,7.47E-02,1.57E-01,1.46E-01,1.67E-01,2.89E-01,3.08E-01,5.33E-02,7.58E-01,7.65E-01,8.25E-01
1.25,1.31E-02,1.54E-02,2.02E-02,6.77E-03,1.85E-02,1.19E-02,2.26E-02,3.53E-02,3.94E-02,2.66E-01,3.58E-02,3.12E-02,1.22E-02,5.17E-01,1.70E-01,3.73E-02,4.49E-02,2.67E-01,8.28E-02,8.14E-02,3.41E-01,3.64E-01,4.97E-01,5.63E-01,6.64E-01,7.14E-01,7.02E-01,5.25E-01,9.29E-01,7.57E-01,9.32E-01
0.625,3.09E-02,1.97E-02,2.92E-02,2.75E-02,4.32E-02,3.20E-02,2.00E-01,9.09E-02,8.48E-02,4.16E-01,3.35E-01,2.81E-01,9.41E-02,6.92E-01,6.67E-01,3.99E-01,3.80E-01,6.53E-01,3.12E-01,3.46E-01,6.96E-01,7.58E-01,7.47E-01,8.44E-01,9.26E-01,9.54E-01,8.76E-01,8.10E-01,9.83E-01,7.95E-01,9.57E-01
0.3125,2.72E-01,2.50E-02,5.49E-02,2.29E-01,2.01E-01,3.11E-01,7.54E-01,3.86E-01,4.41E-01,6.38E-01,6.86E-01,5.79E-01,6.19E-01,1.00E+00,9.48E-01,8.41E-01,8.17E-01,8.45E-01,6.58E-01,7.28E-01,8.69E-01,1.04E+00,9.26E-01,9.10E-01,1.02E+00,1.02E+00,9.45E-01,9.91E-01,1.06E+00,8.74E-01,8.56E-01
0.15625,6.12E-01,4.78E-02,1.46E-01,5.07E-01,5.20E-01,6.48E-01,8.83E-01,6.63E-01,6.49E-01,7.75E-01,9.32E-01,7.94E-01,7.92E-01,9.72E-01,1.08E+00,1.08E+00,9.07E-01,1.01E+00,7.84E-01,8.54E-01,9.65E-01,1.10E+00,8.39E-01,8.96E-01,9.84E-01,1.09E+00,9.95E-01,8.81E-01,9.76E-01,8.22E-01,9.46E-01
0.078125,7.77E-01,2.00E-01,3.57E-01,7.41E-01,7.96E-01,9.70E-01,1.03E+00,7.67E-01,7.99E-01,8.41E-01,9.69E-01,8.78E-01,1.03E+00,9.26E-01,1.20E+00,1.11E+00,1.00E+00,9.65E-01,8.46E-01,1.00E+00,9.17E-01,1.05E+00,8.16E-01,8.78E-01,9.14E-01,9.74E-01,9.55E-01,1.20E+00,1.00E+00,8.63E-01,9.93E-01
0.039063,8.94E-01,4.98E-01,5.63E-01,8.79E-01,1.08E+00,1.19E+00,9.53E-01,9.07E-01,9.05E-01,9.99E-01,1.13E+00,1.06E+00,1.05E+00,1.02E+00,1.19E+00,1.19E+00,8.68E-01,1.03E+00,9.19E-01,1.02E+00,9.52E-01,1.08E+00,8.75E-01,8.98E-01,9.08E-01,1.00E+00,9.72E-01,1.16E+00,1.05E+00,8.18E-01,9.73E-01
0.019531,9.09E-01,6.19E-01,6.69E-01,7.99E-01,1.09E+00,1.10E+00,9.73E-01,8.23E-01,9.26E-01,9.32E-01,1.12E+00,1.01E+00,9.96E-01,9.86E-01,1.09E+00,1.21E+00,8.55E-01,1.05E+00,9.10E-01,9.47E-01,9.55E-01,9.96E-01,8.33E-01,9.20E-01,9.02E-01,9.04E-01,8.70E-01,1.12E+00,8.90E-01,8.86E-01,1.03E+00
,,,,,,,,,,,,,,,,,,,,,,,,,,,,,,,
,,,,,,,,,,,,,,,,,,,,,,,,,,,,,,,
,,,,,,,,,,,,,,,,,,,,,,,,,,,,,,,
,,,,,,,,,,,,,,,,,,,,,,,,,,,,,,,
,,,,,,,,,,,,,,,,,,,,,,,,,,,,,,,
,,,,,,,,,,,,,,,,,,,,,,,,,,,,,,,
,,,,,,,,,,,,,,,,,,,,,,,,,,,,,,,
,,,,,,,,,,,,,,,,,,,,,,,,,,,,,,,
,,,,,,,,,,,,,,,,,,,,,,,,,,,,,,,
,,,,,,,,,,,,,,,,,,,,,,,,,,,,,,,
,,,,,,,,,,,,,,,,,,,,,,,,,,,,,,,
,,,,,,,,,,,,,,,,,,,,,,,,,,,,,,,
,,,,,,,,,,,,,,,,,,,,,,,,,,,,,,,
,,,,,,,,,,,,,,,,,,,,,,,,,,,,,,,
,,,,,,,,,,,,,,,,,,,,,,,,,,,,,,,
,,,,,,,,,,,,,,,,,,,,,,,,,,,,,,,
,,,,,,,,,,,,,,,,,,,,,,,,,,,,,,,
,,,,,,,,,,,,,,,,,,,,,,,,,,,,,,,
,,,,,,,,,,,,,,,,,,,,,,,,,,,,,,,
,,,,,,,,,,,,,,,,,,,,,,,,,,,,,,,
,,,,,,,,,,,,,,,,,,,,,,,,,,,,,,,
,,,,,,,,,,,,,,,,,,,,,,,,,,,,,,,
,,,,,,,,,,,,,,,,,,,,,,,,,,,,,,,
,,,,,,,,,,,,,,,,,,,,,,,,,,,,,,,
,,,,,,,,,,,,,,,,,,,,,,,,,,,,,,,
,,,,,,,,,,,,,,,,,,,,,,,,,,,,,,,
,,,,,,,,,,,,,,,,,,,,,,,,,,,,,,,
,,,,,,,,,,,,,,,,,,,,,,,,,,,,,,,
,,,,,,,,,,,,,,,,,,,,,,,,,,,,,,,
,,,,,,,,,,,,,,,,,,,,,,,,,,,,,,,
,,,,,,,,,,,,,,,,,,,,,,,,,,,,,,,
,,,,,,,,,,,,,,,,,,,,,,,,,,,,,,,
,,,,,,,,,,,,,,,,,,,,,,,,,,,,,,,
,,,,,,,,,,,,,,,,,,,,,,,,,,,,,,,
,,,,,,,,,,,,,,,,,,,,,,,,,,,,,,,
,,,,,,,,,,,,,,,,,,,,,,,,,,,,,,,
,,,,,,,,,,,,,,,,,,,,,,,,,,,,,,,
,,,,,,,,,,,,,,,,,,,,,,,,,,,,,,,
,,,,,,,,,,,,,,,,,,,,,,,,,,,,,,,
,,,,,,,,,,,,,,,,,,,,,,,,,,,,,,,
,,,,,,,,,,,,,,,,,,,,,,,,,,,,,,,
,,,,,,,,,,,,,,,,,,,,,,,,,,,,,,,
,,,,,,,,,,,,,,,,,,,,,,,,,,,,,,,