"","type","alt_start_pos","alt_end_pos","ref","alt","ct","protein_start","protein_end","amino_acids","codons","impact","polyphen_prediction","consequence_terms"
"1","snp",130854063,130854064,"G","A",4,NA,NA,NA,NA,NA,NA,"splice_acceptor_variant"
"2","snp",130854136,130854137,"A","G",1,51,51,"K/R","aAg/aGg","MODERATE","benign","missense_variant"
"3","snp",130854205,130854206,"C","T",1,74,74,"A/V","gCc/gTc","MODERATE","probably_damaging","missense_variant"
"4","snp",130854240,130854241,"A","G",2,NA,NA,NA,NA,NA,NA,"splice_region_variant"
"5","snp",130854798,130854799,"C","A",21,NA,NA,NA,NA,NA,NA,"splice_region_variant"
"6","snp",130854812,130854813,"C","T",1,89,89,"R/W","Cgg/Tgg","MODERATE","probably_damaging","missense_variant"
"7","snp",130854821,130854822,"G","T",1,92,92,"G/C","Ggc/Tgc","MODERATE","possibly_damaging","missense_variant"
"8","snp",130854843,130854844,"G","T",1,99,99,"W/L","tGg/tTg","MODERATE","probably_damaging","missense_variant"
"9","snp",130854860,130854861,"A","C",1,105,105,"K/Q","Aaa/Caa","MODERATE","benign","missense_variant"
"10","snp",130854867,130854868,"G","A",1,107,107,"G/D","gGc/gAc","MODERATE","probably_damaging","missense_variant"
"11","snp",130854873,130854874,"G","A",1,109,109,"G/D","gGc/gAc","MODERATE","probably_damaging","missense_variant"
"12","snp",130854886,130854887,"C","A",1,113,113,"S/R","agC/agA","MODERATE","probably_damaging","missense_variant"
"13","snp",130854891,130854892,"A","T",1,115,115,"Y/F","tAc/tTc","MODERATE","possibly_damaging","missense_variant"
"14","snp",130854966,130854967,"T","C",608,140,140,"L/P","cTg/cCg","MODERATE","probably_damaging","missense_variant"
"15","snp",130855022,130855023,"G","A",1699,159,159,"G/S","Ggc/Agc","MODERATE","probably_damaging","missense_variant"
"16","snp",130855025,130855026,"C","T",3,NA,NA,NA,NA,NA,NA,"stop_gained"
"17","snp",130855043,130855044,"A","T",2,NA,NA,NA,NA,NA,NA,"stop_gained"
"18","snp",130855047,130855048,"A","T",3,167,167,"Y/F","tAc/tTc","MODERATE","benign","missense_variant"
"19","snp",130855052,130855053,"G","T",2,169,169,"G/W","Ggg/Tgg","MODERATE","probably_damaging","missense_variant"
"20","snp",130855056,130855057,"G","T",2,170,170,"R/M","aGg/aTg","MODERATE","probably_damaging","missense_variant"
"21","snp",130855063,130855064,"C","A",2,NA,NA,NA,NA,NA,NA,"stop_gained"
"22","snp",130855063,130855064,"C","T",2,172,172,"Y","taC/taT","LOW",NA,"synonymous_variant"
"23","snp",130855066,130855067,"T","G",2,173,173,"H/Q","caT/caG","MODERATE","probably_damaging","missense_variant"
"24","snp",130855082,130855083,"G","A",2,179,179,"A/T","Gct/Act","MODERATE","benign","missense_variant"
"25","snp",130862760,130862761,"C","A",52,NA,NA,NA,NA,NA,NA,"splice_region_variant"
"26","snp",130862769,130862770,"G","A",2,186,186,"V/I","Gtc/Atc","MODERATE","possibly_damaging","missense_variant"
"27","snp",130862771,130862772,"C","G",2,186,186,"V","gtC/gtG","LOW",NA,"synonymous_variant"
"28","snp",130862771,130862772,"C","T",1,186,186,"V","gtC/gtT","LOW",NA,"synonymous_variant"
"29","snp",130862773,130862774,"C","T",1,187,187,"S/F","tCc/tTc","MODERATE","probably_damaging","missense_variant"
"30","snp",130862780,130862781,"G","T",2,189,189,"E/D","gaG/gaT","MODERATE","benign","missense_variant"
"31","snp",130862782,130862783,"G","A",3,190,190,"S/N","aGc/aAc","MODERATE","benign","missense_variant"
"32","snp",130862783,130862784,"C","T",3,190,190,"S","agC/agT","LOW",NA,"synonymous_variant"
"33","snp",130862785,130862786,"G","A",3,191,191,"R/H","cGc/cAc","MODERATE","possibly_damaging","missense_variant"
"34","snp",130862786,130862787,"C","T",1,191,191,"R","cgC/cgT","LOW",NA,"synonymous_variant"
"35","snp",130862795,130862796,"C","T",3,194,194,"T","acC/acT","LOW",NA,"synonymous_variant"
"36","snp",130862796,130862797,"C","A",2,195,195,"L/M","Ctg/Atg","MODERATE","probably_damaging","missense_variant"
"37","snp",130862799,130862800,"G","A",4,196,196,"A/T","Gcc/Acc","MODERATE","probably_damaging","missense_variant"
"38","snp",130862800,130862801,"C","A",1,196,196,"A/D","gCc/gAc","MODERATE","probably_damaging","missense_variant"
"39","snp",130862800,130862801,"C","T",5,196,196,"A/V","gCc/gTc","MODERATE","probably_damaging","missense_variant"
"40","snp",130862816,130862817,"T","A",2,201,201,"H/Q","caT/caA","MODERATE","probably_damaging","missense_variant"
"41","snp",130862817,130862818,"C","T",3,202,202,"H/Y","Cat/Tat","MODERATE","probably_damaging","missense_variant"
"42","snp",130862824,130862825,"C","T",1,204,204,"T/M","aCg/aTg","MODERATE","benign","missense_variant"
"43","snp",130862826,130862827,"G","A",1,205,205,"V/M","Gtg/Atg","MODERATE","possibly_damaging","missense_variant"
"44","snp",130862829,130862830,"G","A",2,206,206,"A/T","Gcc/Acc","MODERATE","benign","missense_variant"
"45","snp",130862830,130862831,"C","T",1,206,206,"A/V","gCc/gTc","MODERATE","benign","missense_variant"
"46","snp",130862831,130862832,"C","T",2,206,206,"A","gcC/gcT","LOW",NA,"synonymous_variant"
"47","snp",130862832,130862833,"G","A",2,207,207,"D/N","Gac/Aac","MODERATE","probably_damaging","missense_variant"
"48","snp",130862834,130862835,"C","T",6,207,207,"D","gaC/gaT","LOW",NA,"synonymous_variant"
"49","snp",130862835,130862836,"G","A",1,208,208,"G/R","Ggg/Agg","MODERATE","probably_damaging","missense_variant"
"50","snp",130862835,130862836,"G","T",2,208,208,"G/W","Ggg/Tgg","MODERATE","probably_damaging","missense_variant"
"51","snp",130862837,130862838,"G","A",6,208,208,"G","ggG/ggA","LOW",NA,"synonymous_variant"
"52","snp",130862839,130862840,"T","A",1,209,209,"L/H","cTc/cAc","MODERATE","probably_damaging","missense_variant"
"53","snp",130862844,130862845,"A","G",1,211,211,"T/A","Acc/Gcc","MODERATE","benign","missense_variant"
"54","snp",130862849,130862850,"G","A",1,212,212,"T","acG/acA","LOW",NA,"synonymous_variant"
"55","snp",130862849,130862850,"G","T",1,212,212,"T","acG/acT","LOW",NA,"synonymous_variant"
"56","snp",130862854,130862855,"A","T",2,214,214,"H/L","cAt/cTt","MODERATE","benign","missense_variant"
"57","snp",130862860,130862861,"C","T",1,216,216,"P/L","cCa/cTa","MODERATE","probably_damaging","missense_variant"
"58","snp",130862861,130862862,"A","T",1,216,216,"P","ccA/ccT","LOW",NA,"synonymous_variant"
"59","snp",130862862,130862863,"G","A",2,217,217,"A/T","Gcc/Acc","MODERATE","probably_damaging","missense_variant"
"60","snp",130862863,130862864,"C","T",3,217,217,"A/V","gCc/gTc","MODERATE","possibly_damaging","missense_variant"
"61","snp",130862865,130862866,"C","A",1,218,218,"P/T","Cca/Aca","MODERATE","possibly_damaging","missense_variant"
"62","snp",130862869,130862870,"A","G",1,219,219,"K/R","aAg/aGg","MODERATE","probably_damaging","missense_variant"
"63","snp",130862871,130862872,"C","T",1,220,220,"R/C","Cgc/Tgc","MODERATE","benign","missense_variant"
"64","snp",130862872,130862873,"G","A",1,220,220,"R/H","cGc/cAc","MODERATE","benign","missense_variant"
"65","snp",130862873,130862874,"C","A",1,220,220,"R","cgC/cgA","LOW",NA,"synonymous_variant"
"66","snp",130862880,130862881,"C","T",1,223,223,"P/S","Ccc/Tcc","MODERATE","possibly_damaging","missense_variant"
"67","snp",130862882,130862883,"C","A",1,223,223,"P","ccC/ccA","LOW",NA,"synonymous_variant"
"68","snp",130862884,130862885,"C","G",1,224,224,"T/S","aCt/aGt","MODERATE","benign","missense_variant"
"69","snp",130862886,130862887,"G","A",2,225,225,"V/I","Gtc/Atc","MODERATE","benign","missense_variant"
"70","snp",130862898,130862899,"T","C",1,229,229,"S/P","Tcc/Ccc","MODERATE","probably_damaging","missense_variant"
"71","snp",130862910,130862911,"G","A",1,233,233,"D/N","Gac/Aac","MODERATE","probably_damaging","missense_variant"
"72","snp",130862924,130862925,"G","A",2,237,237,"M/I","atG/atA","MODERATE","benign","missense_variant"
"73","snp",130862929,130862930,"G","A",2,239,239,"R/H","cGc/cAc","MODERATE","probably_damaging","missense_variant"
"74","snp",130862932,130862933,"C","T",2,240,240,"T/M","aCg/aTg","MODERATE","possibly_damaging","missense_variant"
"75","snp",130862933,130862934,"G","A",3,240,240,"T","acG/acA","LOW",NA,"synonymous_variant"
"76","snp",130862939,130862940,"C","G",2,242,242,"I/M","atC/atG","MODERATE","probably_damaging","missense_variant"
"77","snp",130862940,130862941,"A","T",1,243,243,"T/S","Acc/Tcc","MODERATE","benign","missense_variant"
"78","snp",130862948,130862949,"G","A",1,245,245,"K","aaG/aaA","LOW",NA,"synonymous_variant"
"79","snp",130862949,130862950,"C","T",1,246,246,"H/Y","Cac/Tac","MODERATE","probably_damaging","missense_variant"
"80","snp",130862955,130862956,"C","G",163,248,248,"L/V","Ctg/Gtg","MODERATE","probably_damaging","missense_variant"
"81","snp",130862956,130862957,"T","C",1,248,248,"L/P","cTg/cCg","MODERATE","probably_damaging","missense_variant"
"82","snp",130862958,130862959,"G","A",3,249,249,"G/S","Ggc/Agc","MODERATE","probably_damaging","missense_variant"
"83","snp",130862960,130862961,"C","T",1,249,249,"G","ggC/ggT","LOW",NA,"synonymous_variant"
"84","snp",130862962,130862963,"G","A",2278,250,250,"G/E","gGg/gAg","MODERATE","probably_damaging","missense_variant"
"85","snp",130862966,130862967,"C","T",3,251,251,"G","ggC/ggT","LOW",NA,"synonymous_variant"
"86","snp",130862969,130862970,"G","A",1,252,252,"Q","caG/caA","LOW",NA,"synonymous_variant"
"87","snp",130862969,130862970,"G","T",1336,252,252,"Q/H","caG/caT","MODERATE","probably_damaging","missense_variant"
"88","snp",130862970,130862971,"T","C",1363,253,253,"Y/H","Tac/Cac","MODERATE","probably_damaging","missense_variant"
"89","snp",130862976,130862977,"G","A",3,255,255,"E/K","Gag/Aag","MODERATE","probably_damaging","missense_variant"
"90","snp",130862977,130862978,"A","T",304,255,255,"E/V","gAg/gTg","MODERATE","probably_damaging","missense_variant"
"91","snp",130862978,130862979,"G","T",3,255,255,"E/D","gaG/gaT","MODERATE","possibly_damaging","missense_variant"
"92","snp",130862989,130862990,"G","A",1,259,259,"G/D","gGc/gAc","MODERATE","probably_damaging","missense_variant"
"93","snp",130862990,130862991,"C","T",3,259,259,"G","ggC/ggT","LOW",NA,"synonymous_variant"
"94","snp",130862991,130862992,"G","C",3,260,260,"V/L","Gtg/Ctg","MODERATE","benign","missense_variant"
"95","snp",130862992,130862993,"T","A",2,260,260,"V/E","gTg/gAg","MODERATE","benign","missense_variant"
"96","snp",130863005,130863006,"C","T",2,264,264,"Y","taC/taT","LOW",NA,"synonymous_variant"
"97","snp",130863007,130863008,"G","A",1,265,265,"S/N","aGc/aAc","MODERATE","benign","missense_variant"
"98","snp",130863008,130863009,"C","T",1,265,265,"S","agC/agT","LOW",NA,"synonymous_variant"
"99","snp",130863013,130863014,"C","T",1,267,267,"T/M","aCg/aTg","MODERATE","probably_damaging","missense_variant"
"100","snp",130863014,130863015,"G","T",108,267,267,"T","acG/acT","LOW",NA,"synonymous_variant"
"101","snp",130863018,130863019,"G","A",1,269,269,"A/T","Gcc/Acc","MODERATE","probably_damaging","missense_variant"
"102","snp",130863019,130863020,"C","T",3,269,269,"A/V","gCc/gTc","MODERATE","probably_damaging","missense_variant"
"103","snp",130863021,130863022,"G","A",2,270,270,"V/M","Gtg/Atg","MODERATE","probably_damaging","missense_variant"
"104","snp",130863037,130863038,"T","A",21,NA,NA,NA,NA,NA,NA,"splice_donor_variant"
"105","snp",130872126,130872127,"C","A",8,NA,NA,NA,NA,NA,NA,"splice_region_variant"
"106","snp",130872133,130872134,"A","G",1,276,276,"D/G","gAc/gGc","MODERATE","possibly_damaging","missense_variant"
"107","snp",130872146,130872147,"G","A",1,280,280,"V","gtG/gtA","LOW",NA,"synonymous_variant"
"108","snp",130872149,130872150,"A","G",61,281,281,"E","gaA/gaG","LOW",NA,"synonymous_variant"
"109","snp",130872166,130872167,"C","T",2,287,287,"A/V","gCt/gTt","MODERATE","probably_damaging","missense_variant"
"110","snp",130872168,130872169,"G","A",1,288,288,"A/T","Gca/Aca","MODERATE","possibly_damaging","missense_variant"
"111","snp",130872175,130872176,"T","C",3,290,290,"M/T","aTg/aCg","MODERATE","probably_damaging","missense_variant"
"112","snp",130872179,130872180,"A","G",225,291,291,"K","aaA/aaG","LOW",NA,"synonymous_variant"
"113","snp",130872200,130872201,"G","A",7211,298,298,"L","ctG/ctA","LOW",NA,"synonymous_variant"
"114","snp",130872858,130872859,"A","T",78,NA,NA,NA,NA,NA,NA,"splice_acceptor_variant"
"115","snp",130872866,130872867,"G","A",4,305,305,"C/Y","tGc/tAc","MODERATE","probably_damaging","missense_variant"
"116","snp",130872867,130872868,"C","A",2,NA,NA,NA,NA,NA,NA,"stop_gained"
"117","snp",130872867,130872868,"C","T",9,305,305,"C","tgC/tgT","LOW",NA,"synonymous_variant"
"118","snp",130872868,130872869,"A","G",2,306,306,"T/A","Acc/Gcc","MODERATE","probably_damaging","missense_variant"
"119","snp",130872869,130872870,"C","T",2,306,306,"T/I","aCc/aTc","MODERATE","probably_damaging","missense_variant"
"120","snp",130872870,130872871,"C","T",1,306,306,"T","acC/acT","LOW",NA,"synonymous_variant"
"121","snp",130872872,130872873,"G","A",2,307,307,"R/Q","cGg/cAg","MODERATE","benign","missense_variant"
"122","snp",130872877,130872878,"C","T",3,309,309,"P/S","Ccc/Tcc","MODERATE","possibly_damaging","missense_variant"
"123","snp",130872878,130872879,"C","T",1,309,309,"P/L","cCc/cTc","MODERATE","possibly_damaging","missense_variant"
"124","snp",130872881,130872882,"C","A",1,310,310,"P/Q","cCg/cAg","MODERATE","probably_damaging","missense_variant"
"125","snp",130872888,130872889,"T","C",1,312,312,"Y","taT/taC","LOW",NA,"synonymous_variant"
"126","snp",130872890,130872891,"T","C",1,313,313,"I/T","aTc/aCc","MODERATE","probably_damaging","missense_variant"
"127","snp",130872891,130872892,"C","A",1,313,313,"I","atC/atA","LOW",NA,"synonymous_variant"
"128","snp",130872893,130872894,"T","C",5,314,314,"I/T","aTc/aCc","MODERATE","probably_damaging","missense_variant"
"129","snp",130872894,130872895,"C","A",2,314,314,"I","atC/atA","LOW",NA,"synonymous_variant"
"130","snp",130872901,130872902,"T","A",4,317,317,"F/I","Ttc/Atc","MODERATE","probably_damaging","missense_variant"
"131","snp",130872903,130872904,"C","T",2,317,317,"F","ttC/ttT","LOW",NA,"synonymous_variant"
"132","snp",130872904,130872905,"A","C",1,318,318,"M/L","Atg/Ctg","MODERATE","probably_damaging","missense_variant"
"133","snp",130872904,130872905,"A","G",1,318,318,"M/V","Atg/Gtg","MODERATE","possibly_damaging","missense_variant"
"134","snp",130872905,130872906,"T","C",2,318,318,"M/T","aTg/aCg","MODERATE","probably_damaging","missense_variant"
"135","snp",130872908,130872909,"C","T",2,319,319,"T/I","aCc/aTc","MODERATE","benign","missense_variant"
"136","snp",130872912,130872913,"C","G",2,NA,NA,NA,NA,NA,NA,"stop_gained"
"137","snp",130872912,130872913,"C","T",6,320,320,"Y","taC/taT","LOW",NA,"synonymous_variant"
"138","snp",130872914,130872915,"G","A",2,321,321,"G/E","gGg/gAg","MODERATE","probably_damaging","missense_variant"
"139","snp",130872918,130872919,"C","A",1,322,322,"N/K","aaC/aaA","MODERATE","probably_damaging","missense_variant"
"140","snp",130872919,130872920,"C","T",1,323,323,"L/F","Ctc/Ttc","MODERATE","probably_damaging","missense_variant"
"141","snp",130872922,130872923,"C","T",1,324,324,"L","Ctg/Ttg","LOW",NA,"synonymous_variant"
"142","snp",130872923,130872924,"T","C",1,324,324,"L/P","cTg/cCg","MODERATE","probably_damaging","missense_variant"
"143","snp",130872928,130872929,"T","A",4,326,326,"Y/N","Tac/Aac","MODERATE","probably_damaging","missense_variant"
"144","snp",130872932,130872933,"T","C",1,327,327,"L/P","cTg/cCg","MODERATE","probably_damaging","missense_variant"
"145","snp",130872933,130872934,"G","A",3,327,327,"L","ctG/ctA","LOW",NA,"synonymous_variant"
"146","snp",130872934,130872935,"A","G",1,328,328,"R/G","Agg/Ggg","MODERATE","probably_damaging","missense_variant"
"147","snp",130872934,130872935,"A","T",3,328,328,"R/W","Agg/Tgg","MODERATE","probably_damaging","missense_variant"
"148","snp",130872935,130872936,"G","T",1,328,328,"R/M","aGg/aTg","MODERATE","probably_damaging","missense_variant"
"149","snp",130872936,130872937,"G","A",1,328,328,"R","agG/agA","LOW",NA,"synonymous_variant"
"150","snp",130872939,130872940,"G","A",2,329,329,"E","gaG/gaA","LOW",NA,"synonymous_variant"
"151","snp",130872941,130872942,"G","A",2,330,330,"C/Y","tGc/tAc","MODERATE","probably_damaging","missense_variant"
"152","snp",130872942,130872943,"C","T",9,330,330,"C","tgC/tgT","LOW",NA,"synonymous_variant"
"153","snp",130872943,130872944,"A","T",1,331,331,"N/Y","Aac/Tac","MODERATE","probably_damaging","missense_variant"
"154","snp",130872945,130872946,"C","T",4,331,331,"N","aaC/aaT","LOW",NA,"synonymous_variant"
"155","snp",130872948,130872949,"G","A",3,332,332,"R","cgG/cgA","LOW",NA,"synonymous_variant"
"156","snp",130872949,130872950,"C","T",2,NA,NA,NA,NA,NA,NA,"stop_gained"
"157","snp",130872951,130872952,"G","T",2,333,333,"Q/H","caG/caT","MODERATE","benign","missense_variant"
"158","snp",130872952,130872953,"G","A",2,334,334,"E/K","Gag/Aag","MODERATE","possibly_damaging","missense_variant"
"159","snp",130872952,130872953,"G","T",3,NA,NA,NA,NA,NA,NA,"stop_gained"
"160","snp",130872953,130872954,"A","G",2,334,334,"E/G","gAg/gGg","MODERATE","possibly_damaging","missense_variant"
"161","snp",130872956,130872957,"T","C",2,335,335,"V/A","gTg/gCg","MODERATE","possibly_damaging","missense_variant"
"162","snp",130872957,130872958,"G","A",3,335,335,"V","gtG/gtA","LOW",NA,"synonymous_variant"
"163","snp",130872960,130872961,"C","T",3,336,336,"N","aaC/aaT","LOW",NA,"synonymous_variant"
"164","snp",130872961,130872962,"G","A",8,337,337,"A/T","Gcc/Acc","MODERATE","probably_damaging","missense_variant"
"165","snp",130872962,130872963,"C","T",2,337,337,"A/V","gCc/gTc","MODERATE","probably_damaging","missense_variant"
"166","snp",130872963,130872964,"C","T",3,337,337,"A","gcC/gcT","LOW",NA,"synonymous_variant"
"167","snp",130872966,130872967,"G","A",3,338,338,"V","gtG/gtA","LOW",NA,"synonymous_variant"
"168","snp",130872970,130872971,"C","T",5,340,340,"L","Ctg/Ttg","LOW",NA,"synonymous_variant"
"169","snp",130872972,130872973,"G","A",6,340,340,"L","ctG/ctA","LOW",NA,"synonymous_variant"
"170","snp",130872973,130872974,"C","T",3,341,341,"L","Ctg/Ttg","LOW",NA,"synonymous_variant"
"171","snp",130872975,130872976,"G","A",1,341,341,"L","ctG/ctA","LOW",NA,"synonymous_variant"
"172","snp",130872976,130872977,"T","C",1,342,342,"Y/H","Tac/Cac","MODERATE","benign","missense_variant"
"173","snp",130872978,130872979,"C","T",7,342,342,"Y","taC/taT","LOW",NA,"synonymous_variant"
"174","snp",130872980,130872981,"T","A",1,343,343,"M/K","aTg/aAg","MODERATE","probably_damaging","missense_variant"
"175","snp",130872980,130872981,"T","G",1,343,343,"M/R","aTg/aGg","MODERATE","probably_damaging","missense_variant"
"176","snp",130872981,130872982,"G","A",1,343,343,"M/I","atG/atA","MODERATE","possibly_damaging","missense_variant"
"177","snp",130872982,130872983,"G","A",5,344,344,"A/T","Gcc/Acc","MODERATE","probably_damaging","missense_variant"
"178","snp",130872982,130872983,"G","T",7,344,344,"A/S","Gcc/Tcc","MODERATE","probably_damaging","missense_variant"
"179","snp",130872983,130872984,"C","T",7,344,344,"A/V","gCc/gTc","MODERATE","probably_damaging","missense_variant"
"180","snp",130872984,130872985,"C","T",1,344,344,"A","gcC/gcT","LOW",NA,"synonymous_variant"
"181","snp",130872987,130872988,"T","C",2,345,345,"T","acT/acC","LOW",NA,"synonymous_variant"
"182","snp",130872988,130872989,"C","T",2,NA,NA,NA,NA,NA,NA,"stop_gained"
"183","snp",130872996,130872997,"G","A",8,348,348,"S","tcG/tcA","LOW",NA,"synonymous_variant"
"184","snp",130872996,130872997,"G","C",1,348,348,"S","tcG/tcC","LOW",NA,"synonymous_variant"
"185","snp",130873000,130873001,"G","A",5,350,350,"A/T","Gcc/Acc","MODERATE","probably_damaging","missense_variant"
"186","snp",130873001,130873002,"C","T",8,350,350,"A/V","gCc/gTc","MODERATE","probably_damaging","missense_variant"
"187","snp",130873002,130873003,"C","T",1,350,350,"A","gcC/gcT","LOW",NA,"synonymous_variant"
"188","snp",130873004,130873005,"T","C",1,351,351,"M/T","aTg/aCg","MODERATE","probably_damaging","missense_variant"
"189","snp",130873005,130873006,"G","A",2,351,351,"M/I","atG/atA","MODERATE","probably_damaging","missense_variant"
"190","snp",130873006,130873007,"G","A",2,352,352,"E/K","Gag/Aag","MODERATE","possibly_damaging","missense_variant"
"191","snp",130873011,130873012,"C","T",1,353,353,"Y","taC/taT","LOW",NA,"synonymous_variant"
"192","snp",130873013,130873014,"T","C",2,354,354,"L/P","cTg/cCg","MODERATE","probably_damaging","missense_variant"
"193","snp",130873019,130873020,"A","T",1,356,356,"K/M","aAg/aTg","MODERATE","probably_damaging","missense_variant"
"194","snp",130873023,130873024,"A","G",160,357,357,"K","aaA/aaG","LOW",NA,"synonymous_variant"
"195","snp",130873026,130873027,"C","T",2,358,358,"N","aaC/aaT","LOW",NA,"synonymous_variant"
"196","snp",130873027,130873028,"T","A",2,359,359,"F/I","Ttc/Atc","MODERATE","probably_damaging","missense_variant"
"197","snp",130873028,130873029,"T","A",3,359,359,"F/Y","tTc/tAc","MODERATE","possibly_damaging","missense_variant"
"198","snp",130873028,130873029,"T","G",2,359,359,"F/C","tTc/tGc","MODERATE","probably_damaging","missense_variant"
"199","snp",130873035,130873036,"C","A",2,NA,NA,NA,NA,NA,NA,"missense_variant"
"200","snp",130873036,130873037,"A","C",3,NA,NA,NA,NA,NA,NA,"splice_region_variant"
"201","snp",130873038,130873039,"G","A",105,NA,NA,NA,NA,NA,NA,"splice_donor_variant"
"202","snp",130873256,130873257,"A","G",26,NA,NA,NA,NA,NA,NA,"intron_variant"
"203","snp",130873277,130873278,"C","T",35,NA,NA,NA,NA,NA,NA,"intron_variant"
"204","snp",130873666,130873667,"A","G",58,NA,NA,NA,NA,NA,NA,"intron_variant"
"205","snp",130873823,130873824,"G","A",1,NA,NA,NA,NA,NA,NA,"intron_variant"
"206","snp",130874072,130874073,"C","A",4,NA,NA,NA,NA,NA,NA,"intron_variant"
"207","snp",130874207,130874208,"T","C",10,NA,NA,NA,NA,NA,NA,"intron_variant"
"208","snp",130874227,130874228,"T","C",3,NA,NA,NA,NA,NA,NA,"intron_variant"
"209","snp",130874865,130874866,"T","C",65,NA,NA,NA,NA,NA,NA,"splice_region_variant"
"210","snp",130874869,130874870,"G","C",2,NA,NA,NA,NA,NA,NA,"missense_variant"
"211","snp",130874875,130874876,"G","A",2,365,365,"A/T","Gct/Act","MODERATE","probably_damaging","missense_variant"
"212","snp",130874876,130874877,"C","T",2,365,365,"A/V","gCt/gTt","MODERATE","probably_damaging","missense_variant"
"213","snp",130874879,130874880,"C","T",5,366,366,"A/V","gCc/gTc","MODERATE","probably_damaging","missense_variant"
"214","snp",130874881,130874882,"C","T",1,NA,NA,NA,NA,NA,NA,"stop_gained"
"215","snp",130874888,130874889,"G","A",7,369,369,"C/Y","tGc/tAc","MODERATE","probably_damaging","missense_variant"
"216","snp",130874889,130874890,"C","T",6,369,369,"C","tgC/tgT","LOW",NA,"synonymous_variant"
"217","snp",130874890,130874891,"C","A",1,370,370,"L/M","Ctg/Atg","MODERATE","probably_damaging","missense_variant"
"218","snp",130874890,130874891,"C","T",2,370,370,"L","Ctg/Ttg","LOW",NA,"synonymous_variant"
"219","snp",130874895,130874896,"A","T",1,371,371,"V","gtA/gtT","LOW",NA,"synonymous_variant"
"220","snp",130874896,130874897,"G","T",1,372,372,"G/W","Ggg/Tgg","MODERATE","probably_damaging","missense_variant"
"221","snp",130874897,130874898,"G","A",2,372,372,"G/E","gGg/gAg","MODERATE","probably_damaging","missense_variant"
"222","snp",130874900,130874901,"A","G",2,373,373,"E/G","gAg/gGg","MODERATE","benign","missense_variant"
"223","snp",130874901,130874902,"G","A",4,373,373,"E","gaG/gaA","LOW",NA,"synonymous_variant"
"224","snp",130874903,130874904,"A","G",1,374,374,"N/S","aAc/aGc","MODERATE","benign","missense_variant"
"225","snp",130874904,130874905,"C","T",1,374,374,"N","aaC/aaT","LOW",NA,"synonymous_variant"
"226","snp",130874905,130874906,"C","A",2,375,375,"H/N","Cac/Aac","MODERATE","benign","missense_variant"
"227","snp",130874910,130874911,"G","A",4,376,376,"L","ttG/ttA","LOW",NA,"synonymous_variant"
"228","snp",130874912,130874913,"T","C",1,377,377,"V/A","gTg/gCg","MODERATE","probably_damaging","missense_variant"
"229","snp",130874916,130874917,"G","A",1,378,378,"K","aaG/aaA","LOW",NA,"synonymous_variant"
"230","snp",130874917,130874918,"G","A",5,379,379,"V/I","Gta/Ata","MODERATE","possibly_damaging","missense_variant"
"231","snp",130874919,130874920,"A","G",30,379,379,"V","gtA/gtG","LOW",NA,"synonymous_variant"
"232","snp",130874920,130874921,"G","A",5,380,380,"A/T","Gct/Act","MODERATE","probably_damaging","missense_variant"
"233","snp",130874921,130874922,"C","T",9,380,380,"A/V","gCt/gTt","MODERATE","probably_damaging","missense_variant"
"234","snp",130874923,130874924,"G","A",3,381,381,"D/N","Gat/Aat","MODERATE","probably_damaging","missense_variant"
"235","snp",130874927,130874928,"T","A",2,382,382,"F/Y","tTt/tAt","MODERATE","probably_damaging","missense_variant"
"236","snp",130874928,130874929,"T","G",2,382,382,"F/L","ttT/ttG","MODERATE","possibly_damaging","missense_variant"
"237","snp",130874930,130874931,"G","A",3,383,383,"G/D","gGc/gAc","MODERATE","probably_damaging","missense_variant"
"238","snp",130874930,130874931,"G","T",1,383,383,"G/V","gGc/gTc","MODERATE","probably_damaging","missense_variant"
"239","snp",130874931,130874932,"C","T",12,383,383,"G","ggC/ggT","LOW",NA,"synonymous_variant"
"240","snp",130874932,130874933,"C","A",33,384,384,"L/M","Ctg/Atg","MODERATE","probably_damaging","missense_variant"
"241","snp",130874933,130874934,"T","C",1,384,384,"L/P","cTg/cCg","MODERATE","possibly_damaging","missense_variant"
"242","snp",130874936,130874937,"G","A",4,385,385,"S/N","aGc/aAc","MODERATE","possibly_damaging","missense_variant"
"243","snp",130874937,130874938,"C","T",5,385,385,"S","agC/agT","LOW",NA,"synonymous_variant"
"244","snp",130874938,130874939,"A","T",5,386,386,"R/W","Agg/Tgg","MODERATE","probably_damaging","missense_variant"
"245","snp",130874939,130874940,"G","A",2,386,386,"R/K","aGg/aAg","MODERATE","probably_damaging","missense_variant"
"246","snp",130874940,130874941,"G","A",3,386,386,"R","agG/agA","LOW",NA,"synonymous_variant"
"247","snp",130874940,130874941,"G","T",2,386,386,"R/S","agG/agT","MODERATE","probably_damaging","missense_variant"
"248","snp",130874947,130874948,"A","G",1,389,389,"T/A","Aca/Gca","MODERATE","benign","missense_variant"
"249","snp",130874948,130874949,"C","T",1,389,389,"T/I","aCa/aTa","MODERATE","benign","missense_variant"
"250","snp",130874950,130874951,"G","A",1,390,390,"G/R","Ggg/Agg","MODERATE","possibly_damaging","missense_variant"
"251","snp",130874953,130874954,"G","A",6,391,391,"D/N","Gac/Aac","MODERATE","benign","missense_variant"
"252","snp",130874954,130874955,"A","G",1,391,391,"D/G","gAc/gGc","MODERATE","probably_damaging","missense_variant"
"253","snp",130874958,130874959,"C","A",1,392,392,"T","acC/acA","LOW",NA,"synonymous_variant"
"254","snp",130874964,130874965,"A","G",41,394,394,"T","acA/acG","LOW",NA,"synonymous_variant"
"255","snp",130874966,130874967,"C","T",9,395,395,"A/V","gCc/gTc","MODERATE","probably_damaging","missense_variant"
"256","snp",130874969,130874970,"A","C",56,396,396,"H/P","cAt/cCt","MODERATE","possibly_damaging","missense_variant"
"257","snp",130874971,130874972,"G","A",7,397,397,"A/T","Gct/Act","MODERATE","benign","missense_variant"
"258","snp",130874971,130874972,"G","T",1,397,397,"A/S","Gct/Tct","MODERATE","benign","missense_variant"
"259","snp",130874972,130874973,"C","T",4,397,397,"A/V","gCt/gTt","MODERATE","possibly_damaging","missense_variant"
"260","snp",130874973,130874974,"T","A",1,397,397,"A","gcT/gcA","LOW",NA,"synonymous_variant"
"261","snp",130874978,130874979,"C","T",3,399,399,"A/V","gCc/gTc","MODERATE","possibly_damaging","missense_variant"
"262","snp",130874987,130874988,"C","A",3,402,402,"P/H","cCc/cAc","MODERATE","probably_damaging","missense_variant"
"263","snp",130874994,130874995,"A","G",2,404,404,"K","aaA/aaG","LOW",NA,"synonymous_variant"
"264","snp",130874998,130874999,"A","G",2,406,406,"T/A","Act/Gct","MODERATE","possibly_damaging","missense_variant"
"265","snp",130875001,130875002,"G","A",8,407,407,"A/T","Gca/Aca","MODERATE","probably_damaging","missense_variant"
"266","snp",130875001,130875002,"G","C",1,407,407,"A/P","Gca/Cca","MODERATE","probably_damaging","missense_variant"
"267","snp",130875002,130875003,"C","T",3,407,407,"A/V","gCa/gTa","MODERATE","probably_damaging","missense_variant"
"268","snp",130875004,130875005,"C","T",2,408,408,"P/S","Ccc/Tcc","MODERATE","probably_damaging","missense_variant"
"269","snp",130875007,130875008,"G","A",1,409,409,"E/K","Gag/Aag","MODERATE","probably_damaging","missense_variant"
"270","snp",130875008,130875009,"A","T",3,409,409,"E/V","gAg/gTg","MODERATE","probably_damaging","missense_variant"
"271","snp",130875010,130875011,"A","T",5,410,410,"S/C","Agc/Tgc","MODERATE","probably_damaging","missense_variant"
"272","snp",130875011,130875012,"G","A",4,410,410,"S/N","aGc/aAc","MODERATE","probably_damaging","missense_variant"
"273","snp",130875012,130875013,"C","T",11,410,410,"S","agC/agT","LOW",NA,"synonymous_variant"
"274","snp",130875013,130875014,"C","T",1,411,411,"L","Ctg/Ttg","LOW",NA,"synonymous_variant"
"275","snp",130875015,130875016,"G","A",2,411,411,"L","ctG/ctA","LOW",NA,"synonymous_variant"
"276","snp",130875016,130875017,"G","A",10,412,412,"A/T","Gcc/Acc","MODERATE","possibly_damaging","missense_variant"
"277","snp",130875016,130875017,"G","T",2,412,412,"A/S","Gcc/Tcc","MODERATE","benign","missense_variant"
"278","snp",130875017,130875018,"C","T",7,412,412,"A/V","gCc/gTc","MODERATE","benign","missense_variant"
"279","snp",130875019,130875020,"T","C",1,413,413,"Y/H","Tac/Cac","MODERATE","possibly_damaging","missense_variant"
"280","snp",130875023,130875024,"A","G",1,414,414,"N/S","aAc/aGc","MODERATE","possibly_damaging","missense_variant"
"281","snp",130875027,130875028,"G","A",2,415,415,"K","aaG/aaA","LOW",NA,"synonymous_variant"
"282","snp",130875038,130875039,"A","T",1,419,419,"K/M","aAg/aTg","MODERATE","probably_damaging","missense_variant"
"283","snp",130875039,130875040,"G","A",1,419,419,"K","aaG/aaA","LOW",NA,"synonymous_variant"
"284","snp",130875041,130875042,"C","T",1,420,420,"S/F","tCc/tTc","MODERATE","probably_damaging","missense_variant"
"285","snp",130875042,130875043,"C","G",2,420,420,"S","tcC/tcG","LOW",NA,"synonymous_variant"
"286","snp",130875042,130875043,"C","T",1,420,420,"S","tcC/tcT","LOW",NA,"synonymous_variant"
"287","snp",130875050,130875051,"G","A",2,NA,NA,NA,NA,NA,NA,"stop_gained"
"288","snp",130875053,130875054,"G","C",44,NA,NA,NA,NA,NA,NA,"splice_donor_variant"
"289","snp",130876101,130876102,"c","A",1,NA,NA,NA,NA,NA,NA,"intron_variant"
"290","snp",130878413,130878414,"A","G",88,NA,NA,NA,NA,NA,NA,"splice_acceptor_variant"
"291","snp",130878414,130878415,"G","T",3,NA,NA,NA,NA,NA,NA,"splice_acceptor_variant"
"292","snp",130878420,130878421,"G","T",1,NA,NA,NA,NA,NA,NA,"stop_gained"
"293","snp",130878428,130878429,"G","A",2,428,428,"L","ttG/ttA","LOW",NA,"synonymous_variant"
"294","snp",130878429,130878430,"C","T",2,429,429,"L/F","Ctt/Ttt","MODERATE","possibly_damaging","missense_variant"
"295","snp",130878431,130878432,"T","C",133,429,429,"L","ctT/ctC","LOW",NA,"synonymous_variant"
"296","snp",130878439,130878440,"T","A",1,432,432,"I/N","aTt/aAt","MODERATE","probably_damaging","missense_variant"
"297","snp",130878441,130878442,"G","A",4,433,433,"A/T","Gct/Act","MODERATE","probably_damaging","missense_variant"
"298","snp",130878442,130878443,"C","T",2,433,433,"A/V","gCt/gTt","MODERATE","possibly_damaging","missense_variant"
"299","snp",130878446,130878447,"C","A",4,434,434,"T","acC/acA","LOW",NA,"synonymous_variant"
"300","snp",130878451,130878452,"G","A",2,436,436,"G/D","gGc/gAc","MODERATE","probably_damaging","missense_variant"
"301","snp",130878451,130878452,"G","T",2,436,436,"G/V","gGc/gTc","MODERATE","probably_damaging","missense_variant"
"302","snp",130878452,130878453,"C","T",3,436,436,"G","ggC/ggT","LOW",NA,"synonymous_variant"
"303","snp",130878453,130878454,"A","T",1,437,437,"M/L","Atg/Ttg","MODERATE","benign","missense_variant"
"304","snp",130878457,130878458,"C","T",2,438,438,"S/F","tCc/tTc","MODERATE","probably_damaging","missense_variant"
"305","snp",130878459,130878460,"C","A",1,439,439,"P/T","Cct/Act","MODERATE","probably_damaging","missense_variant"
"306","snp",130878462,130878463,"T","A",4,440,440,"Y/N","Tac/Aac","MODERATE","probably_damaging","missense_variant"
"307","snp",130878463,130878464,"A","G",1,440,440,"Y/C","tAc/tGc","MODERATE","probably_damaging","missense_variant"
"308","snp",130878467,130878468,"G","A",5,441,441,"P","ccG/ccA","LOW",NA,"synonymous_variant"
"309","snp",130878470,130878471,"A","T",2,442,442,"G","ggA/ggT","LOW",NA,"synonymous_variant"
"310","snp",130878475,130878476,"A","G",1,444,444,"D/G","gAc/gGc","MODERATE","benign","missense_variant"
"311","snp",130878476,130878477,"C","T",2,444,444,"D","gaC/gaT","LOW",NA,"synonymous_variant"
"312","snp",130878477,130878478,"C","T",1,445,445,"L","Ctg/Ttg","LOW",NA,"synonymous_variant"
"313","snp",130878479,130878480,"G","A",1,445,445,"L","ctG/ctA","LOW",NA,"synonymous_variant"
"314","snp",130878482,130878483,"C","T",2,446,446,"S","tcC/tcT","LOW",NA,"synonymous_variant"
"315","snp",130878483,130878484,"C","A",1,447,447,"Q/K","Cag/Aag","MODERATE","benign","missense_variant"
"316","snp",130878483,130878484,"C","T",1,NA,NA,NA,NA,NA,NA,"stop_gained"
"317","snp",130878486,130878487,"G","A",4,448,448,"V/M","Gtg/Atg","MODERATE","probably_damaging","missense_variant"
"318","snp",130878490,130878491,"A","G",2,449,449,"Y/C","tAt/tGt","MODERATE","probably_damaging","missense_variant"
"319","snp",130878493,130878494,"A","T",3,450,450,"E/V","gAg/gTg","MODERATE","benign","missense_variant"
"320","snp",130878495,130878496,"C","T",5,451,451,"L","Ctg/Ttg","LOW",NA,"synonymous_variant"
"321","snp",130878497,130878498,"G","A",3,451,451,"L","ctG/ctA","LOW",NA,"synonymous_variant"
"322","snp",130878498,130878499,"C","T",4,452,452,"L","Cta/Tta","LOW",NA,"synonymous_variant"
"323","snp",130878506,130878507,"G","T",1,454,454,"K/N","aaG/aaT","MODERATE","benign","missense_variant"
"324","snp",130878513,130878514,"C","T",1,457,457,"R/C","Cgc/Tgc","MODERATE","probably_damaging","missense_variant"
"325","snp",130878514,130878515,"G","A",3,457,457,"R/H","cGc/cAc","MODERATE","probably_damaging","missense_variant"
"326","snp",130878514,130878515,"G","T",2,457,457,"R/L","cGc/cTc","MODERATE","probably_damaging","missense_variant"
"327","snp",130878519,130878520,"G","A",1,459,459,"E/K","Gag/Aag","MODERATE","benign","missense_variant"
"328","snp",130878522,130878523,"C","T",6,460,460,"R/C","Cgc/Tgc","MODERATE","benign","missense_variant"
"329","snp",130878523,130878524,"G","A",4,460,460,"R/H","cGc/cAc","MODERATE","benign","missense_variant"
"330","snp",130878525,130878526,"C","T",2,461,461,"P/S","Cca/Tca","MODERATE","probably_damaging","missense_variant"
"331","snp",130878526,130878527,"C","G",1,461,461,"P/R","cCa/cGa","MODERATE","probably_damaging","missense_variant"
"332","snp",130878527,130878528,"A","T",2,461,461,"P","ccA/ccT","LOW",NA,"synonymous_variant"
"333","snp",130878532,130878533,"G","A",7,463,463,"G/D","gGc/gAc","MODERATE","probably_damaging","missense_variant"
"334","snp",130878533,130878534,"C","T",3,463,463,"G","ggC/ggT","LOW",NA,"synonymous_variant"
"335","snp",130878535,130878536,"G","A",3,464,464,"C/Y","tGc/tAc","MODERATE","probably_damaging","missense_variant"
"336","snp",130878536,130878537,"C","T",5,464,464,"C","tgC/tgT","LOW",NA,"synonymous_variant"
"337","snp",130878540,130878541,"G","T",2,NA,NA,NA,NA,NA,NA,"stop_gained"
"338","snp",130878547,130878548,"T","G",1,468,468,"V/G","gTc/gGc","MODERATE","probably_damaging","missense_variant"
"339","snp",130878550,130878551,"A","G",1,469,469,"Y/C","tAt/tGt","MODERATE","probably_damaging","missense_variant"
"340","snp",130878552,130878553,"G","A",1,470,470,"E/K","Gaa/Aaa","MODERATE","benign","missense_variant"
"341","snp",130878554,130878555,"A","G",1,470,470,"E","gaA/gaG","LOW",NA,"synonymous_variant"
"342","snp",130878555,130878556,"C","A",1,471,471,"L/I","Ctc/Atc","MODERATE","probably_damaging","missense_variant"
"343","snp",130878557,130878558,"C","A",2,471,471,"L","ctC/ctA","LOW",NA,"synonymous_variant"
"344","snp",130878557,130878558,"C","T",1,471,471,"L","ctC/ctT","LOW",NA,"synonymous_variant"
"345","snp",130878561,130878562,"C","T",3,NA,NA,NA,NA,NA,NA,"stop_gained"
"346","snp",130878562,130878563,"G","T",2,473,473,"R/L","cGa/cTa","MODERATE","benign","missense_variant"
"347","snp",130878564,130878565,"G","A",7,474,474,"A/T","Gca/Aca","MODERATE","benign","missense_variant"
"348","snp",130878569,130878570,"T","A",3,NA,NA,NA,NA,NA,NA,"splice_donor_variant"
"349","snp",130878570,130878571,"A","G",1,NA,NA,NA,NA,NA,NA,"splice_region_variant"
"350","snp",130878570,130878571,"A","T",26,NA,NA,NA,NA,NA,NA,"splice_region_variant"
"351","snp",130880067,130880068,"G","T",184,NA,NA,NA,NA,NA,NA,"splice_acceptor_variant"
"352","snp",130880073,130880074,"C","T",1,NA,NA,NA,NA,NA,NA,"stop_gained"
"353","snp",130880078,130880079,"G","A",2,NA,NA,NA,NA,NA,NA,"stop_gained"
"354","snp",130880079,130880080,"A","T",1,479,479,"N/Y","Aat/Tat","MODERATE","possibly_damaging","missense_variant"
"355","snp",130880081,130880082,"T","C",2881,479,479,"N","aaT/aaC","LOW",NA,"synonymous_variant"
"356","snp",130880082,130880083,"C","T",3,480,480,"P/S","Ccc/Tcc","MODERATE","benign","missense_variant"
"357","snp",130880083,130880084,"C","A",3,480,480,"P/H","cCc/cAc","MODERATE","benign","missense_variant"
"358","snp",130880083,130880084,"C","T",1,480,480,"P/L","cCc/cTc","MODERATE","benign","missense_variant"
"359","snp",130880084,130880085,"C","A",2,480,480,"P","ccC/ccA","LOW",NA,"synonymous_variant"
"360","snp",130880085,130880086,"T","G",2,481,481,"S/A","Tct/Gct","MODERATE","benign","missense_variant"
"361","snp",130880090,130880091,"C","T",4,482,482,"D","gaC/gaT","LOW",NA,"synonymous_variant"
"362","snp",130880091,130880092,"C","T",1,483,483,"R/W","Cgg/Tgg","MODERATE","probably_damaging","missense_variant"
"363","snp",130880093,130880094,"G","A",8,483,483,"R","cgG/cgA","LOW",NA,"synonymous_variant"
"364","snp",130880096,130880097,"C","A",2,484,484,"P","ccC/ccA","LOW",NA,"synonymous_variant"
"365","snp",130880097,130880098,"T","C",3,485,485,"S/P","Tcc/Ccc","MODERATE","possibly_damaging","missense_variant"
"366","snp",130880099,130880100,"C","T",3,485,485,"S","tcC/tcT","LOW",NA,"synonymous_variant"
"367","snp",130880103,130880104,"G","A",3,487,487,"A/T","Gct/Act","MODERATE","benign","missense_variant"
"368","snp",130880104,130880105,"C","T",2,487,487,"A/V","gCt/gTt","MODERATE","possibly_damaging","missense_variant"
"369","snp",130880105,130880106,"T","C",2,487,487,"A","gcT/gcC","LOW",NA,"synonymous_variant"
"370","snp",130880107,130880108,"A","T",3,488,488,"E/V","gAa/gTa","MODERATE","probably_damaging","missense_variant"
"371","snp",130880111,130880112,"C","A",2,489,489,"I","atC/atA","LOW",NA,"synonymous_variant"
"372","snp",130880116,130880117,"A","G",1,491,491,"Q/R","cAa/cGa","MODERATE","benign","missense_variant"
"373","snp",130880119,130880120,"C","T",1,492,492,"A/V","gCc/gTc","MODERATE","possibly_damaging","missense_variant"
"374","snp",130880121,130880122,"T","A",1,493,493,"F/I","Ttt/Att","MODERATE","probably_damaging","missense_variant"
"375","snp",130880125,130880126,"A","C",1,494,494,"E/A","gAa/gCa","MODERATE","probably_damaging","missense_variant"
"376","snp",130880127,130880128,"A","T",1,495,495,"T/S","Aca/Tca","MODERATE","benign","missense_variant"
"377","snp",130880129,130880130,"A","C",102,495,495,"T","acA/acC","LOW",NA,"synonymous_variant"
"378","snp",130880130,130880131,"A","G",2,496,496,"M/V","Atg/Gtg","MODERATE","possibly_damaging","missense_variant"
"379","snp",130880134,130880135,"T","A",2,497,497,"F/Y","tTc/tAc","MODERATE","benign","missense_variant"
"380","snp",130880136,130880137,"C","A",1,498,498,"Q/K","Cag/Aag","MODERATE","benign","missense_variant"
"381","snp",130880136,130880137,"C","T",1,NA,NA,NA,NA,NA,NA,"stop_gained"
"382","snp",130880137,130880138,"A","G",1,498,498,"Q/R","cAg/cGg","MODERATE","benign","missense_variant"
"383","snp",130880138,130880139,"G","T",1,498,498,"Q/H","caG/caT","MODERATE","benign","missense_variant"
"384","snp",130880141,130880142,"A","G",2,499,499,"E","gaA/gaG","LOW",NA,"synonymous_variant"
"385","snp",130880145,130880146,"A","G",1,501,501,"S/G","Agt/Ggt","MODERATE","benign","missense_variant"
"386","snp",130880145,130880146,"A","T",2,501,501,"S/C","Agt/Tgt","MODERATE","probably_damaging","missense_variant"
"387","snp",130880152,130880153,"C","A",1,NA,NA,NA,NA,NA,NA,"stop_gained"
"388","snp",130880156,130880157,"C","T",156,NA,NA,NA,NA,NA,NA,"splice_region_variant"
"389","snp",130880158,130880159,"G","A",43,NA,NA,NA,NA,NA,NA,"splice_donor_variant"
"390","snp",130880498,130880499,"A","C",50,NA,NA,NA,NA,NA,NA,"splice_acceptor_variant"
"391","snp",130880500,130880501,"A","T",2,NA,NA,NA,NA,NA,NA,"missense_variant"
"392","snp",130880505,130880506,"G","A",2,507,507,"E/K","Gaa/Aaa","MODERATE","possibly_damaging","missense_variant"
"393","snp",130880509,130880510,"A","T",1,508,508,"K/M","aAg/aTg","MODERATE","possibly_damaging","missense_variant"
"394","snp",130880514,130880515,"C","T",1,510,510,"L","Ctg/Ttg","LOW",NA,"synonymous_variant"
"395","snp",130880525,130880526,"A","T",2,513,513,"Q/H","caA/caT","MODERATE","benign","missense_variant"
"396","snp",130880526,130880527,"G","T",2,514,514,"G/C","Ggc/Tgc","MODERATE","possibly_damaging","missense_variant"
"397","snp",130880527,130880528,"G","A",1,514,514,"G/D","gGc/gAc","MODERATE","benign","missense_variant"
"398","snp",130880528,130880529,"C","T",2,514,514,"G","ggC/ggT","LOW",NA,"synonymous_variant"
"399","snp",130880529,130880530,"G","A",3,515,515,"V/I","Gtc/Atc","MODERATE","benign","missense_variant"
"400","snp",130880531,130880532,"C","T",2,515,515,"V","gtC/gtT","LOW",NA,"synonymous_variant"
"401","snp",130880532,130880533,"C","A",2,516,516,"R/S","Cgt/Agt","MODERATE","benign","missense_variant"
"402","snp",130880533,130880534,"G","A",1,516,516,"R/H","cGt/cAt","MODERATE","possibly_damaging","missense_variant"
"403","snp",130880538,130880539,"G","A",3,518,518,"A/T","Gct/Act","MODERATE","benign","missense_variant"
"404","snp",130880539,130880540,"C","T",1,518,518,"A/V","gCt/gTt","MODERATE","benign","missense_variant"
"405","snp",130880540,130880541,"T","A",1,518,518,"A","gcT/gcA","LOW",NA,"synonymous_variant"
"406","snp",130880541,130880542,"G","A",1,519,519,"V/M","Gtg/Atg","MODERATE","benign","missense_variant"
"407","snp",130880544,130880545,"A","G",1,520,520,"S/G","Agt/Ggt","MODERATE","benign","missense_variant"
"408","snp",130880547,130880548,"A","G",1,521,521,"T/A","Acc/Gcc","MODERATE","benign","missense_variant"
"409","snp",130880548,130880549,"C","T",3,521,521,"T/I","aCc/aTc","MODERATE","benign","missense_variant"
"410","snp",130880549,130880550,"C","A",1,521,521,"T","acC/acA","LOW",NA,"synonymous_variant"
"411","snp",130880552,130880553,"G","A",3,522,522,"L","ttG/ttA","LOW",NA,"synonymous_variant"
"412","snp",130880553,130880554,"C","T",1,523,523,"L","Ctg/Ttg","LOW",NA,"synonymous_variant"
"413","snp",130880554,130880555,"T","C",1,523,523,"L/P","cTg/cCg","MODERATE","possibly_damaging","missense_variant"
"414","snp",130880555,130880556,"G","A",2,523,523,"L","ctG/ctA","LOW",NA,"synonymous_variant"
"415","snp",130880556,130880557,"C","T",5,NA,NA,NA,NA,NA,NA,"stop_gained"
"416","snp",130880557,130880558,"A","T",1,524,524,"Q/L","cAg/cTg","MODERATE","benign","missense_variant"
"417","snp",130880560,130880561,"C","T",2,525,525,"A/V","gCc/gTc","MODERATE","benign","missense_variant"
"418","snp",130880567,130880568,"G","A",3,527,527,"E","gaG/gaA","LOW",NA,"synonymous_variant"
"419","snp",130880568,130880569,"C","T",4,528,528,"L","Ctg/Ttg","LOW",NA,"synonymous_variant"
"420","snp",130880570,130880571,"G","A",3,528,528,"L","ctG/ctA","LOW",NA,"synonymous_variant"
"421","snp",130880571,130880572,"C","T",3,529,529,"P/S","Ccc/Tcc","MODERATE","probably_damaging","missense_variant"
"422","snp",130880572,130880573,"C","T",3,529,529,"P/L","cCc/cTc","MODERATE","probably_damaging","missense_variant"
"423","snp",130880582,130880583,"G","A",3,532,532,"T","acG/acA","LOW",NA,"synonymous_variant"
"424","snp",130880582,130880583,"G","C",105,532,532,"T","acG/acC","LOW",NA,"synonymous_variant"
"425","snp",130880589,130880590,"T","C",2,535,535,"S/P","Tcc/Ccc","MODERATE","benign","missense_variant"
"426","snp",130880590,130880591,"C","A",3,535,535,"S/Y","tCc/tAc","MODERATE","benign","missense_variant"
"427","snp",130880597,130880598,"A","C",1,537,537,"R/S","agA/agC","MODERATE","benign","missense_variant"
"428","snp",130880598,130880599,"G","A",4,538,538,"A/T","Gct/Act","MODERATE","benign","missense_variant"
"429","snp",130880599,130880600,"C","T",5,538,538,"A/V","gCt/gTt","MODERATE","benign","missense_variant"
"430","snp",130880600,130880601,"T","A",2,538,538,"A","gcT/gcA","LOW",NA,"synonymous_variant"
"431","snp",130880601,130880602,"G","A",6,539,539,"A/T","Gca/Aca","MODERATE","benign","missense_variant"
"432","snp",130880602,130880603,"C","T",4,539,539,"A/V","gCa/gTa","MODERATE","benign","missense_variant"
"433","snp",130880611,130880612,"G","T",2,542,542,"R/I","aGa/aTa","MODERATE","benign","missense_variant"
"434","snp",130880615,130880616,"C","T",3,543,543,"D","gaC/gaT","LOW",NA,"synonymous_variant"
"435","snp",130880617,130880618,"C","A",2,544,544,"T/N","aCc/aAc","MODERATE","benign","missense_variant"
"436","snp",130880618,130880619,"C","A",1,544,544,"T","acC/acA","LOW",NA,"synonymous_variant"
"437","snp",130880620,130880621,"C","A",1,545,545,"T/N","aCt/aAt","MODERATE","benign","missense_variant"
"438","snp",130880620,130880621,"C","T",1,545,545,"T/I","aCt/aTt","MODERATE","benign","missense_variant"
"439","snp",130880622,130880623,"G","A",2,546,546,"D/N","Gac/Aac","MODERATE","benign","missense_variant"
"440","snp",130880624,130880625,"C","T",1,546,546,"D","gaC/gaT","LOW",NA,"synonymous_variant"
"441","snp",130880625,130880626,"G","A",1,547,547,"V/M","Gtg/Atg","MODERATE","benign","missense_variant"
"442","snp",130880627,130880628,"G","A",3,547,547,"V","gtG/gtA","LOW",NA,"synonymous_variant"
"443","snp",130880630,130880631,"T","C",1,548,548,"P","ccT/ccC","LOW",NA,"synonymous_variant"
"444","snp",130880631,130880632,"G","A",1,549,549,"E/K","Gag/Aag","MODERATE","benign","missense_variant"
"445","snp",130880632,130880633,"A","G",1,549,549,"E/G","gAg/gGg","MODERATE","benign","missense_variant"
"446","snp",130880633,130880634,"G","T",1,549,549,"E/D","gaG/gaT","MODERATE","benign","missense_variant"
"447","snp",130880636,130880637,"G","A",2,550,550,"M/I","atG/atA","MODERATE","benign","missense_variant"
"448","snp",130880637,130880638,"C","T",9,551,551,"P/S","Cct/Tct","MODERATE","benign","missense_variant"
"449","snp",130880638,130880639,"C","T",1,551,551,"P/L","cCt/cTt","MODERATE","benign","missense_variant"
"450","snp",130880639,130880640,"T","C",1,551,551,"P","ccT/ccC","LOW",NA,"synonymous_variant"
"451","snp",130880640,130880641,"C","T",1,552,552,"H/Y","Cac/Tac","MODERATE","benign","missense_variant"
"452","snp",130880647,130880648,"A","G",1,554,554,"K/R","aAg/aGg","MODERATE","benign","missense_variant"
"453","snp",130880647,130880648,"A","T",4,554,554,"K/M","aAg/aTg","MODERATE","benign","missense_variant"
"454","snp",130880648,130880649,"G","A",1,554,554,"K","aaG/aaA","LOW",NA,"synonymous_variant"
"455","snp",130880650,130880651,"G","A",5,555,555,"G/D","gGc/gAc","MODERATE","benign","missense_variant"
"456","snp",130880652,130880653,"C","T",1,NA,NA,NA,NA,NA,NA,"stop_gained"
"457","snp",130880653,130880654,"A","G",1,556,556,"Q/R","cAg/cGg","MODERATE","benign","missense_variant"
"458","snp",130880655,130880656,"G","A",1,557,557,"G/R","Gga/Aga","MODERATE","possibly_damaging","missense_variant"
"459","snp",130880665,130880666,"G","A",49,NA,NA,NA,NA,NA,NA,"splice_donor_variant"
"460","snp",130883967,130883968,"A","C",17,NA,NA,NA,NA,NA,NA,"splice_acceptor_variant"
"461","snp",130883979,130883980,"C","A",1,563,563,"D/E","gaC/gaA","MODERATE","benign","missense_variant"
"462","snp",130883980,130883981,"C","A",1,564,564,"H/N","Cat/Aat","MODERATE","benign","missense_variant"
"463","snp",130883984,130883985,"A","G",1,565,565,"E/G","gAg/gGg","MODERATE","benign","missense_variant"
"464","snp",130883984,130883985,"A","T",2,565,565,"E/V","gAg/gTg","MODERATE","benign","missense_variant"
"465","snp",130883986,130883987,"C","T",1,566,566,"P/S","Cct/Tct","MODERATE","benign","missense_variant"
"466","snp",130883989,130883990,"G","A",2,567,567,"A/T","Gcc/Acc","MODERATE","benign","missense_variant"
"467","snp",130883990,130883991,"C","T",2,567,567,"A/V","gCc/gTc","MODERATE","benign","missense_variant"
"468","snp",130883991,130883992,"C","T",1,567,567,"A","gcC/gcT","LOW",NA,"synonymous_variant"
"469","snp",130884003,130884004,"G","A",7,571,571,"L","ttG/ttA","LOW",NA,"synonymous_variant"
"470","snp",130884004,130884005,"C","T",4,572,572,"L/F","Ctc/Ttc","MODERATE","possibly_damaging","missense_variant"
"471","snp",130884009,130884010,"T","C",1,573,573,"P","ccT/ccC","LOW",NA,"synonymous_variant"
"472","snp",130884011,130884012,"G","A",1,574,574,"R/Q","cGa/cAa","MODERATE","probably_damaging","missense_variant"
"473","snp",130884022,130884023,"G","A",1,578,578,"G/S","Ggt/Agt","MODERATE","benign","missense_variant"
"474","snp",130884025,130884026,"C","T",1,579,579,"P/S","Ccc/Tcc","MODERATE","benign","missense_variant"
"475","snp",130884027,130884028,"C","T",1,579,579,"P","ccC/ccT","LOW",NA,"synonymous_variant"
"476","snp",130884031,130884032,"G","A",1,581,581,"E/K","Gag/Aag","MODERATE","benign","missense_variant"
"477","snp",130884034,130884035,"G","A",4,582,582,"G/S","Ggc/Agc","MODERATE","benign","missense_variant"
"478","snp",130884036,130884037,"C","T",2,582,582,"G","ggC/ggT","LOW",NA,"synonymous_variant"
"479","snp",130884037,130884038,"G","A",2,583,583,"G/S","Ggc/Agc","MODERATE","benign","missense_variant"
"480","snp",130884039,130884040,"C","T",2,583,583,"G","ggC/ggT","LOW",NA,"synonymous_variant"
"481","snp",130884048,130884049,"A","T",1,586,586,"E/D","gaA/gaT","MODERATE","benign","missense_variant"
"482","snp",130884050,130884051,"A","G",1,587,587,"D/G","gAt/gGt","MODERATE","probably_damaging","missense_variant"
"483","snp",130884051,130884052,"T","C",1,587,587,"D","gaT/gaC","LOW",NA,"synonymous_variant"
"484","snp",130884055,130884056,"C","T",6,589,589,"R/C","Cgc/Tgc","MODERATE","probably_damaging","missense_variant"
"485","snp",130884056,130884057,"G","A",1,589,589,"R/H","cGc/cAc","MODERATE","probably_damaging","missense_variant"
"486","snp",130884064,130884065,"C","A",1,592,592,"P/T","Ccc/Acc","MODERATE","benign","missense_variant"
"487","snp",130884093,130884094,"C","T",1,601,601,"S","agC/agT","LOW",NA,"synonymous_variant"
"488","snp",130884094,130884095,"G","A",1,602,602,"A/T","Gcc/Acc","MODERATE","benign","missense_variant"
"489","snp",130884119,130884120,"C","T",2,610,610,"T/I","aCa/aTa","MODERATE","benign","missense_variant"
"490","snp",130884122,130884123,"C","T",1,611,611,"A/V","gCc/gTc","MODERATE","possibly_damaging","missense_variant"
"491","snp",130884140,130884141,"G","A",1,617,617,"R/H","cGc/cAc","MODERATE","probably_damaging","missense_variant"
"492","snp",130884143,130884144,"G","A",1,618,618,"S/N","aGc/aAc","MODERATE","possibly_damaging","missense_variant"
"493","snp",130884144,130884145,"C","T",2,618,618,"S","agC/agT","LOW",NA,"synonymous_variant"
"494","snp",130884154,130884155,"C","T",2,622,622,"R/W","Cgg/Tgg","MODERATE","probably_damaging","missense_variant"
"495","snp",130884155,130884156,"G","A",1,622,622,"R/Q","cGg/cAg","MODERATE","possibly_damaging","missense_variant"
"496","snp",130884171,130884172,"G","A",1,627,627,"Q","caG/caA","LOW",NA,"synonymous_variant"
"497","snp",130884172,130884173,"C","T",3,628,628,"P/S","Ccg/Tcg","MODERATE","benign","missense_variant"
"498","snp",130884179,130884180,"G","A",1,630,630,"R/H","cGc/cAc","MODERATE","possibly_damaging","missense_variant"
"499","snp",130884192,130884193,"C","A",1,634,634,"G","ggC/ggA","LOW",NA,"synonymous_variant"
"500","snp",130884201,130884202,"G","T",1,637,637,"E/D","gaG/gaT","MODERATE","benign","missense_variant"
"501","snp",130884204,130884205,"C","T",1,638,638,"G","ggC/ggT","LOW",NA,"synonymous_variant"
"502","snp",130884215,130884216,"G","A",2,642,642,"S/N","aGc/aAc","MODERATE","benign","missense_variant"
"503","snp",130884221,130884222,"G","A",1,644,644,"G/E","gGg/gAg","MODERATE","probably_damaging","missense_variant"
"504","snp",130884230,130884231,"C","T",1,647,647,"A/V","gCt/gTt","MODERATE","benign","missense_variant"
"505","snp",130884236,130884237,"C","T",1,649,649,"T/I","aCc/aTc","MODERATE","benign","missense_variant"
"506","snp",130884250,130884251,"G","A",2,654,654,"A/T","Gct/Act","MODERATE","benign","missense_variant"
"507","snp",130884251,130884252,"C","T",1,654,654,"A/V","gCt/gTt","MODERATE","benign","missense_variant"
"508","snp",130884446,130884447,"C","T",58,719,719,"A/V","gCc/gTc","MODERATE","benign","missense_variant"
"509","mnv",130855022,130855024,"GG","AA",2,159,159,"G/N","GGc/AAc","MODERATE","probably_damaging","missense_variant"
"510","mnv",130855022,130855024,"GG","AGC",1,159,159,"G/SX","GGc/AGCc","HIGH",NA,"frameshift_variant"
"511","mnv",130855022,130855025,"GGC","AGC",1,159,159,"G/S","GGC/AGC","MODERATE","probably_damaging","missense_variant"
"512","mnv",130855022,130855025,"GGC","AGT",1,159,159,"G/S","GGC/AGT","MODERATE","probably_damaging","missense_variant"
"513","mnv",130862886,130862889,"GTC","ATC",1,225,225,"V/I","GTC/ATC","MODERATE","benign","missense_variant"
"514","mnv",130873012,130873014,"CT","TTG",313,354,354,"L/LX","CTg/TTGg","HIGH",NA,"frameshift_variant"
"515","mnv",130873012,130873015,"CTG","TTG",1,354,354,"L","CTG/TTG","LOW",NA,"synonymous_variant"
"516","mnv",130874938,130874940,"AG","GT",7,386,386,"R/V","AGg/GTg","MODERATE","probably_damaging","missense_variant"
"517","mnv",130878429,130878432,"CTT","ATC",2,429,429,"L/I","CTT/ATC","MODERATE","probably_damaging","missense_variant"
