"pos","ref","ref_codon","alt","alt_codon","frame_pos","depth","protein_start","protein_end","amino_acids","consequence_terms","cigar","seq","mdz","n_nuc","ct","type"
889,"G","GAG","A","AAG",0,2851,334,334,"E/K","missense_variant","133M","AACCTGGTGCAGCTCCTTGGGGTCTGCACCCGGGAGCCCCCGTTCTATATCATCACTGAGTTCATGACCTACGGGAACCTCCTGGACTACCTGAGGGAGTGCAACCGGCAGAAGGTGAACGCCGTGGTGCTGC","111G21",1,1,"snp"
1015,"G","CTG","A","CTA",2,1618,340,340,"L/L","synonymous_variant","133M","GTGCTACTGTACATGGCCACTCAGATCTCGTCAGCCATGGAGTACCTGGAGAAGAAAAACTTCATCCACAGAGATCTTGCTGCCCGAAACTGCCTGGTAGGGGAGAACCACTTGGTGAAGGTAGCTGATTTTG","5G127",1,1,"snp"
928,"G","GAG","A","AAG",0,2443,352,352,"E/K","missense_variant","133M","CCGTTCTATATCATCACTGAGTTCATGACCTACGGGAACCTCCTGGACTACCTGAGGGAGTGCAACCGGCAGGAGGTGAACGCCGTGGTGCTGCTGTACATGGCCACTCAGATCTCGTCAGCCATGAAGTACC","126G6",1,2,"snp"
972,"G","GAG","A","AAG",0,1864,352,352,"E/K","missense_variant","133M","GGACTACCTGAGGGAGTGCAACCGGCAGGAGGTGAACGCCGTGGTGCTGCTGTACATGGCCACTCAGATCTCGTCAGCCATGAAGTACCTGGAGAAGAAAAACTTCATCCACAGAGATCTTGCTGCCCGAAAC","82G50",1,2,"snp"
940,"G","GAG","A","GAA",2,2403,355,355,"E/E","synonymous_variant","133M","ATCACTGAGTTCATGACCTACGGGAACCTCCTGGACTACCTGAGGGAGTGCAACCGGCAGGAGGTGAACGCCGTGGTGCTGCTGTACATGGCCACTCAGATCTCGTCAGCCATGGAGTACCTGGAAAAGAAAA","125G7",1,3,"snp"
979,"G","GAG","A","GAA",2,1832,355,355,"E/E","synonymous_variant","133M","CTGAGGGAGTGCAACCGGCAGGAGGTGAACGCCGTGGTGCTGCTGTACATGGCCACTCAGATCTCGTCAGCCATGGAGTACCTGGAAAAGAAAAACTTCATCCACAGAGATCTTGCTGCCCGAAACTGCCTGG","86G46",1,3,"snp"
1011,"G","GAG","A","GAA",2,1632,355,355,"E/E","synonymous_variant","133M","CGTGGTGCTGCTGTACATGGCCACTCAGATCTCGTCAGCCATGGAGTACCTGGAAAAGAAAAACTTCATCCACAGAGATCTTGCTGCCCGAAACTGCCTGGTAGGGGAGAACCACTTGGTGAAGGTAGCTGAT","54G78",1,3,"snp"
1058,"G","CTG","A","CTA",2,1343,370,370,"L/L","synonymous_variant","133M","ACCTGGAGAAGAAAAACTTCATCCACAGAGATCTTGCTGCCCGAAACTGCCTAGTAGGGGAGAACCACTTGGTGAAGGTAGCTGATTTTGGCCTGAGCAGGTTGATGACAGGGGACACCTACACAGCCCATGC","52G80",1,1,"snp"
1066,"G","GGG","A","GGA",2,1278,372,372,"G/G","synonymous_variant","133M","AAGAAAAACTTCATCCACAGAGATCTTGCTGCCCGAAACTGCCTGGTAGGAGAGAACCACTTGGTGAAGGTAGCTGATTTTGGCCTGAGCAGGTTGATGACAGGGGACACCTACACAGCCCATGCTGGAGCCA","50G82",1,3,"snp"
1038,"G","GGG","A","GGA",2,1476,372,372,"G/G","synonymous_variant","133M","GATCTCGTCAGCCATGGAGTACCTGGAGAAGAAAAACTTCATCCACAGAGATCTTGCTGCCCGAAACTGCCTGGTAGGAGAGAACCACTTGGTGAAGGTAGCTGATTTTGGCCTGAGCAGGTTGATGACAGGG","78G54",1,3,"snp"
1114,"G","GGG","A","GGA",2,1289,372,372,"G/G","synonymous_variant","133M","GGAGAGAACCACTTGGTGAAGGTAGCTGATTTTGGCCTGAGCAGGTTGATGACAGGGGACACCTACACAGCCCATGCTGGAGCCAAGTTCCCCATCAAATGGACTGCACCCGAGAGCCTGGCCTACAACAAGT","2G130",1,3,"snp"
1007,"G","GTG","A","GTA",2,1657,377,377,"V/V","synonymous_variant","133M","ACGCCGTGGTGCTGCTGTACATGGCCACTCAGATCTCGTCAGCCATGGAGTACCTGGAGAAGAAAAACTTCATCCACAGAGATCTTGCTGCCCGAAACTGCCTGGTAGGGGAGAACCACTTGGTAAAGGTAGC","124G8",1,9,"snp"
1012,"G","GTG","A","GTA",2,1627,377,377,"V/V","synonymous_variant","133M","GTGGTGCTGCTGTACATGGCCACTCAGATCTCGTCAGCCATGGAGTACCTGGAGAAGAAAAACTTCATCCACAGAGATCTTGCTGCCCGAAACTGCCTGGTAGGGGAGAACCACTTGGTAAAGGTAGCTGATT","119G13",1,9,"snp"
1059,"G","GTG","A","GTA",2,1341,377,377,"V/V","synonymous_variant","133M","CCTGGAGAAGAAAAACTTCATCCACAGAGATCTTGCTGCCCGAAACTGCCTGGTAGGGGAGAACCACTTGGTAAAGGTAGCTGATTTTGGCCTGAGCAGGTTGATGACAGGGGACACCTACACAGCCCATGCT","72G60",1,9,"snp"
1107,"G","GTG","A","GTA",2,1195,377,377,"V/V","synonymous_variant","133M","CCTGGTAGGGGAGAACCACTTGGTAAAGGTAGCTGATTTTGGCCTGAGCAGGTTGATGACAGGGGACACCTACACAGCCCATGCTGGAGCCAAGTTCCCCATCAAATGGACTGCACCCGAGAGCCTGGCCTAC","24G108",1,9,"snp"
1068,"G","GTG","A","GTA",2,1244,377,377,"V/V","synonymous_variant","133M","GAAAAACTTCATCCACAGAGATCTTGCTGCCCGAAACTGCCTGGTAGGGGAGAACCACTTGGTAAAGGTAGCTGATTTTGGCCTGAGCAGGTTGATGACAGGGGACACCTACACAGCCCATGCTGGAGCCAAG","63G69",1,9,"snp"
1102,"G","GTG","A","GTA",2,1131,377,377,"V/V","synonymous_variant","133M","AACTGCCTGGTAGGGGAGAACCACTTGGTAAAGGTAGCTGATTTTGGCCTGAGCAGGTTGATGACAGGGGACACCTACACAGCCCATGCTGGAGCCAAGTTCCCCATCAAATGGACTGCACCCGAGAGCCTGG","29G103",1,9,"snp"
1065,"G","GTG","A","GTA",2,1297,377,377,"V/V","synonymous_variant","133M","GAAGAAAAACTTCATCCACAGAGATCTTGCTGCCCGAAACTGCCTGGTAGGGGAGAACCACTTGGTAAAGGTAGCTGATTTTGGCCTGAGCAGGTTGATGACAGGGGACACCTACACAGCCCATGCTGGAGCC","66G66",1,9,"snp"
1087,"G","GTG","A","GTA",2,1112,377,377,"V/V","synonymous_variant","133M","GATCTTGCTGCCCGAAACTGCCTGGTAGGGGAGAACCACTTGGTAAAGGTAGCTGATTTTGGCCTGAGCAGGTTGATGACAGGGGACACCTACACAGCCCATGCTGGAGCCAAGTTCCCCATCAAATGGACTG","44G88",1,9,"snp"
1120,"G","GTG","A","GTA",2,1368,377,377,"V/V","synonymous_variant","133M","AACCACTTGGTAAAGGTAGCTGATTTTGGCCTGAGCAGGTTGATGACAGGGGACACCTACACAGCCCATGCTGGAGCCAAGTTCCCCATCAAATGGACTGCACCCGAGAGCCTGGCCTACAACAAGTTCTCCA","11G121",1,9,"snp"
1107,"C","ACA","T","ATA",1,1195,389,389,"T/I","missense_variant","133M","CCTGGTAGGGGAGAACCACTTGGTGAAGGTAGCTGATTTTGGCCTGAGCAGGTTGATGATAGGGGACACCTACACAGCCCATGCTGGAGCCAAGTTCCCCATCAAATGGACTGCACCCGAGAGCCTGGCCTAC","59C73",1,2,"snp"
1095,"C","ACA","T","ATA",1,1137,389,389,"T/I","missense_variant","133M","TGCCCGAAACTGCCTGGTAGGGGAGAACCACTTGGTGAAGGTAGCTGATTTTGGCCTGAGCAGGTTGATGATAGGGGACACCTACACAGCCCATGCTGGAGCCAAGTTCCCCATCAAATGGACTGCACCCGAG","71C61",1,2,"snp"
1053,"G","GGG","A","GGA",2,1397,390,390,"G/G","synonymous_variant","133M","GGAGTACCTGGAGAAGAAAAACTTCATCCACAGAGATCTTGCTGCCCGAAACTGCCTGGTAGGGGAGAACCACTTGGTGAAGGTAGCTGATTTTGGCCTGAGCAGGTTGATGACAGGAGACACCTACACAGCC","117G15",1,2,"snp"
1109,"G","GGG","A","GGA",2,1247,390,390,"G/G","synonymous_variant","133M","TGGTAGGGGAGAACCACTTGGTGAAGGTAGCTGATTTTGGCCTGAGCAGGTTGATGACAGGAGACACCTACACAGCCCATGCTGGAGCCAAGTTCCCCATCAAATGGACTGCACCCGAGAGCCTGGCCTACAA","61G71",1,2,"snp"
1094,"C","ATC","T","ATT",2,1145,403,403,"I/I","synonymous_variant","133M","CTGCCCGAAACTGCCTGGTAGGGGAGAACCACTTGGTGAAGGTAGCTGATTTTGGCCTGAGCAGGTTGATGACAGGGGACACCTACACAGCCCATGCTGGAGCCAAGTTCCCCATTAAATGGACTGCACCCGA","115C17",1,7,"snp"
1148,"C","ATC","T","ATT",2,1458,403,403,"I/I","synonymous_variant","133M","GCCTGAGCAGGTTGATGACAGGGGACACCTACACAGCCCATGCTGGAGCCAAGTTCCCCATTAAATGGACTGCACCCGAGAGCCTGGCCTACAACAAGTTCTCCATCAAGTCCGACGTCTGGGCATTTGGAGT","61C71",1,7,"snp"
1087,"C","ATC","T","ATT",2,1112,403,403,"I/I","synonymous_variant","133M","GATCTTGCTGCCCGAAACTGCCTGGTAGGGGAGAACCACTTGGTGAAGGTAGCTGATTTTGGCCTGAGCAGGTTGATGACAGGGGACACCTACACAGCCCATGCTGGAGCCAAGTTCCCCATTAAATGGACTG","122C10",1,7,"snp"
1122,"C","ATC","T","ATT",2,1391,403,403,"I/I","synonymous_variant","133M","CCACTTGGTGAAGGTAGCTGATTTTGGCCTGAGCAGGTTGATGACAGGGGACACCTACACAGCCCATGCTGGAGCCAAGTTCCCCATTAAATGGACTGCACCCGAGAGCCTGGCCTACAACAAGTTCTCCATC","87C45",1,7,"snp"
1195,"C","ATC","T","ATT",2,1535,403,403,"I/I","synonymous_variant","132M","GCCAAGTTCCCCATTAAATGGACTGCACCCGAGAGCCTGGCCTACAACAAGTTCTCCATCAAGTCCGACGTCTGGGCATTTGGAGTATTGCTTTGGGAAATTGCTACCTATGGCATGTCCCCTTACCCGGGA","14C117",1,7,"snp"
1157,"C","ATC","T","ATT",2,1473,403,403,"I/I","synonymous_variant","133M","GGTTGATGACAGGGGACACCTACACAGCCCATGCTGGAGCCAAGTTCCCCATTAAATGGACTGCACCCGAGAGCCTGGCCTACAACAAGTTCTCCATCAAGTCCGACGTCTGGGCATTTGGAGTATTGCTTTG","52C80",1,7,"snp"
1182,"C","ATC","T","ATT",2,1554,403,403,"I/I","synonymous_variant","133M","AGCCCATGCTGGAGCCAAGTTCCCCATTAAATGGACTGCACCCGAGAGCCTGGCCTACAACAAGTTCTCCATCAAGTCCGACGTCTGGGCATTTGGAGTATTGCTTTGGGAAATTGCTACCTATGGCATGTCC","27C105",1,7,"snp"
1164,"C","TCC","T","TTC",1,1527,417,417,"S/F","missense_variant","133M","GACAGGGGACACCTACACAGCCCATGCTGGAGCCAAGTTCCCCATCAAATGGACTGCACCCGAGAGCCTGGCCTACAACAAGTTCTTCATCAAGTCCGACGTCTGGGCATTTGGAGTATTGCTTTGGGAAATT","86C46",1,1,"snp"
1262,"G","GCA","A","ACA",0,1494,424,424,"A/T","missense_variant","133M","ACGTCTGGACATTTGGAGTATTGCTTTGGGAAATTGCTACCTATGGCATGTCCCCTTACCCGGGAATTGACCTGTCCCAGGTGTATGAGCTGCTAGAGAAGGACTACCGCATGGAGCGCCCAGAAGGCTGCCC","8G124",1,1,"snp"
1277,"G","GTA","T","TTA",0,1808,427,427,"V/L","missense_variant","133M","GATTATTGCTTTGGGAAATTGCTACCTATGGCATGTCCCCTTACCCGGGAATTGACCTGTCCCAGGTGTATGAGCTGCTAGAGAAGGACTACCGCATGGAGCGCCCAGAAGGCTGCCCAGAGAAGGTCTATGA","2G130",1,2,"snp"
1274,"G","GTA","T","TTA",0,1738,427,427,"V/L","missense_variant","13S120M","CTCTTCCGATCTCTTGGATTATTGCTTTGGGAAATTGCTACCTATGGCATGTCCCCTTACCCGGGAATTGACCTGTCCCAGGTGTATGAGCTGCTAGAGAAGGACTACCGCATGGAGCGCCCAGAAGGCTGCC","5G114",1,2,"snp"
1221,"C","CTT","T","TTT",0,1461,429,429,"L/F","missense_variant","133M","ACCCGAGAGCCTGGCCTACAACAAGTTCTCCATCAAGTCCGACGTCTGGGCATTTGGAGTATTGTTTTGGGAAATTGCTACCTATGGCATGTCCCCTTACCCGGGAATTGACCTGTCCCAGGTGTATGAGCTG","64C68",1,11,"snp"
1235,"C","CTT","T","TTT",0,1460,429,429,"L/F","missense_variant","133M","CCTACAACAAGTTCTCCATCAAGTCCGACGTCTGGGCATTTGGAGTATTGTTTTGGGAAATTGCTACCTATGGCATGTCCCCTTACCCGGGAATTGACCTGTCCCAGGTGTATGAGCTGCTAGAGAAGGACTA","50C82",1,11,"snp"
1272,"C","CTT","T","TTT",0,1688,429,429,"L/F","missense_variant","133M","ATTTGGAGTATTGTTTTGGGAAATTGCTACCTATGGCATGTCCCCTTACCCGGGAATTGACCTGTCCCAGGTGTATGAGCTGCTAGAGAAGGACTACCGCATGGAGCGCCCAGAAGGCTGCCCAGAGAAGGTC","13C119",1,11,"snp"
1256,"C","CTT","T","TTT",0,1378,429,429,"L/F","missense_variant","133M","AGTCCGACGTCTGGGCATTTGGAGTATTGTTTTGGGAAATTGCTACCTATGGCATGTCCCCTTACCCGGGAATTGACCTGTCCCAGGTGTATGAGCTGCTAGAGAAGGACTACCGCATGGAGCGCCCAGAAGG","29C103",1,11,"snp"
1277,"C","CTT","T","TTT",0,1808,429,429,"L/F","missense_variant","133M","GAGTATTGTTTTGGGAAATTGCTACCTATGGCATGTCCCCTTACCCGGGAATTGACCTGTCCCAGGTGTATGAGCTGCTAGAGAAGGACTACCGCATGGAGCGCCCAGAAGGCTGCCCAGAGAAGGTCTATGA","8C124",1,11,"snp"
1247,"C","CTT","T","TTT",0,1379,429,429,"L/F","missense_variant","133M","TCTCCATCAAGTCCGACGTCTGGGCATTTGGAGTATTGTTTTGGGAAATTGCTACCTATGGCATGTCCCCTTACCCGGGAATTGACCTGTCCCAGGTGTATGAGCTGCTAGAGAAGGACTACCGCATGGAGCG","38C94",1,11,"snp"
1278,"C","CTT","T","TTT",0,1837,429,429,"L/F","missense_variant","133M","AGTATTGTTTTGGGAAATTGCTACCTATGGCATGTCCCCTTACCCGGGAATTGACCTGTCCCAGGTGTATGAGCTGCTAGAGAAGGACTACCGCATGGAGCGCCCAGAAGGCTGCCCAGAGAAGGTCTATGAA","7C125",1,11,"snp"
1263,"C","CTT","T","TTT",0,1520,429,429,"L/F","missense_variant","133M","CGTCTGGGCATTTGGAGTATTGTTTTGGGAAATTGCTACCTATGGCATGTCCCCTTACCCGGGAATTGACCTGTCCCAGGTGTATGAGCTGCTAGAGAAGGACTACCGCATGGAGCGCCCAGAAGGCTGCCCA","22C110",1,11,"snp"
1264,"C","CTT","T","TTT",0,1530,429,429,"L/F","missense_variant","133M","GTCTGGGCATTTGGAGTATTGTTTTGGGAAATTGCTACCTATGGCATGTCCCCTTACCCGGGAATTGACCTGTCCCAGGTGTATGAGCTGCTAGAGAAGGACTACCGCATGGAGCGCCCAGAAGGCTGCCCAG","21C111",1,11,"snp"
1262,"C","CTT","T","TTT",0,1494,429,429,"L/F","missense_variant","133M","ACGTCTGGGCATTTGGAGTATTGTTTTGGGAAATTGCTACCTATGGCATGTCCCCTTACCCGGGAATTGACCTGTCCCAGGTGTATGAGCTGCTAGAGAAGGACTACCGCATGGAGCGCCCAGAAGGCTGCCC","23C109",1,11,"snp"
1269,"C","CTT","T","TTT",0,1643,429,429,"L/F","missense_variant","133M","GGCATTTGGAGTATTGTTTTGGGAAATTGCTACCTATGGCATGTCCCCTTACCCGGGAATTGACCTGTCCCAGGTGTATGAGCTGCTAGAGAAGGACTACCGCATGGAGCGCCCAGAAGGCTGCCCAGAGAAG","16C116",1,11,"snp"
1261,"G","GAA","T","TAA",0,1467,431,431,"E/O","stop_gained","133M","GACGTCTGGGCATTTGGAGTATTGCTTTGGTAAATTGCTACCTATGGCATGTCCCCTTACCCGGGAATTGACCTGTCCCAGGTGTATGAGCTGCTAGAGAAGGACTACCGCATGGAGCGCCCAGAAGGCTGCC","30G102",1,1,"snp"
1295,"C","TAC","T","TAT",2,2026,440,440,"Y/Y","synonymous_variant","133M","TTGCTACCTATGGCATGTCCCCTTATCCGGGAATTGACCTGTCCCAGGTGTATGAGCTGCTAGAGAAGGACTACCGCATGGAGCGCCCAGAAGGCTGCCCAGAGAAGGTCTATGAACTCATGCGAGCATGTTG","25C107",1,2,"snp"
1300,"C","TAC","T","TAT",2,2084,440,440,"Y/Y","synonymous_variant","133M","ACCTATGGCATGTCCCCTTATCCGGGAATTGACCTGTCCCAGGTGTATGAGCTGCTAGAGAAGGACTACCGCATGGAGCGCCCAGAAGGCTGCCCAGAGAAGGTCTATGAACTCATGCGAGCATGTTGGCAGT","20C112",1,2,"snp"
1246,"G","CTG","A","CTA",2,1373,451,451,"L/L","synonymous_variant","133M","TTCTCCATCAAGTCCGACGTCTGGGCATTTGGAGTATTGCTTTGGGAAATTGCTACCTATGGCATGTCCCCTTACCCGGGAATTGACCTGTCCCAGGTGTATGAGCTACTAGAGAAGGACTACCGCATGGAGC","107G25",1,2,"snp"
1279,"G","CTG","A","CTA",2,1848,451,451,"L/L","synonymous_variant","133M","GTATTGCTTTGGGAAATTGCTACCTATGGCATGTCCCCTTACCCGGGAATTGACCTGTCCCAGGTGTATGAGCTACTAGAGAAGGACTACCGCATGGAGCGCCCAGAAGGCTGCCCAGAGAAGGTCTATGAAC","74G58",1,2,"snp"
1235,"G","GAC","A","AAC",0,1460,455,455,"D/N","missense_variant","133M","CCTACAACAAGTTCTCCATCAAGTCCGACGTCTGGGCATTTGGAGTATTGCTTTGGGAAATTGCTACCTATGGCATGTCCCCTTACCCGGGAATTGACCTGTCCCAGGTGTATGAGCTGCTAGAGAAGAACTA","128G4",1,7,"snp"
1254,"G","GAC","A","AAC",0,1362,455,455,"D/N","missense_variant","133M","CAAGTCCGACGTCTGGGCATTTGGAGTATTGCTTTGGGAAATTGCTACCTATGGCATGTCCCCTTACCCGGGAATTGACCTGTCCCAGGTGTATGAGCTGCTAGAGAAGAACTACCGCATGGAGCGCCCAGAA","109G23",1,7,"snp"
1256,"G","GAC","A","AAC",0,1378,455,455,"D/N","missense_variant","133M","AGTCCGACGTCTGGGCATTTGGAGTATTGCTTTGGGAAATTGCTACCTATGGCATGTCCCCTTACCCGGGAATTGACCTGTCCCAGGTGTATGAGCTGCTAGAGAAGAACTACCGCATGGAGCGCCCAGAAGG","107G25",1,7,"snp"
1246,"G","GAC","A","AAC",0,1373,455,455,"D/N","missense_variant","133M","TTCTCCATCAAGTCCGACGTCTGGGCATTTGGAGTATTGCTTTGGGAAATTGCTACCTATGGCATGTCCCCTTACCCGGGAATTGACCTGTCCCAGGTGTATGAGCTGCTAGAGAAGAACTACCGCATGGAGC","117G15",1,7,"snp"
1342,"G","GAC","A","AAC",0,2351,455,455,"D/N","missense_variant","133M","GTGTATGAGCTGCTAGAGAAGAACTACCGCATGGAGCGCCCAGAAGGCTGCCCAGAGAAGGTCTATGAACTCATGCGAGCATGTTGGCAGTGGAATCCCTCTGACCGGCCCTCCTTTGCTGAAATCCACCAAG","21G111",1,7,"snp"
1287,"G","GAC","A","AAC",0,1950,455,455,"D/N","missense_variant","133M","TTGGGAAATTGCTACCTATGGCATGTCCCCTTACCCGGGAATTGACCTGTCCCAGGTGTATGAGCTGCTAGAGAAGAACTACCGCATGGAGCGCCCAGAAGGCTGCCCAGAGAAGGTCTATGAACTCATGCGA","76G56",1,7,"snp"
1301,"G","GAC","A","AAC",0,2119,455,455,"D/N","missense_variant","133M","CCTATGGCATGTCCCCTTACCCGGGAATTGACCTGTCCCAGGTGTATGAGCTGCTAGAGAAGAACTACCGCATGGAGCGCCCAGAAGGCTGCCCAGAGAAGGTCTATGAACTCATGCGAGCATGTTGGCAGTG","62G70",1,7,"snp"
1355,"G","GAA","A","AAA",0,2403,470,470,"E/K","missense_variant","133M","TAGAGAAGGACTACCGCATGGAGCGCCCAGAAGGCTGCCCAGAGAAGGTCTATAAACTCATGCGAGCATGTTGGCAGTGGAATCCCTCTGACCGGCCCTCCTTTGCTGAAATCCACCAAGCCTTTGAAACAAT","53G79",1,1,"snp"
1299,"G","CGA","A","CAA",1,2055,473,473,"R/Q","missense_variant","133M","TACCTATGGCATGTCCCCTTACCCGGGAATTGACCTGTCCCAGGTGTATGAGCTGCTAGAGAAGGACTACCGCATGGAGCGCCCAGAAGGCTGCCCAGAGAAGGTCTATGAACTCATGCAAGCATGTTGGCAG","119G13",1,4,"snp"
1402,"G","CGA","A","CAA",1,2794,473,473,"R/Q","missense_variant","133M","GTCTATGAACTCATGCAAGCATGTTGGCAGTGGAATCCCTCTGACCGGCCCTCCTTTGCTGAAATCCACCAAGCCTTTGAAACAATGTTCCAGGAATCCAGTATCTCAGACGAAGTGGAAAAGGAGCTGGGGA","16G116",1,4,"snp"
1403,"G","CGA","A","CAA",1,2819,473,473,"R/Q","missense_variant","133M","TCTATGAACTCATGCAAGCATGTTGGCAGTGGAATCCCTCTGACCGGCCCTCCTTTGCTGAAATCCACCAAGCCTTTGAAACAATGTTCCAGGAATCCAGTATCTCAGACGAAGTGGAAAAGGAGCTGGGGAA","15G117",1,4,"snp"
1409,"G","CGA","A","CAA",1,2807,473,473,"R/Q","missense_variant","10S123M","AGAAAACCATAACTCATGCAAGCATGTTGGCAGTGGAATCCCTCTGACCGGCCCTCCTTTGCTGAAATCCACCAAGCCTTTGAAACAATGTTCCAGGAATCCAGTATCTCAGACGAAGTGGAAAAGGAGCTGG","9G113",1,4,"snp"
1327,"G","TGG","A","TAG",1,2294,476,476,"W/O","stop_gained","133M","ATTGACCTGTCCCAGGTGTATGAGCTGCTAGAGAAGGACTACCGCATGGAGCGCCCAGAAGGCTGCCCAGAGAAGGTCTATGAACTCATGCGAGCATGTTAGCAGTGGAATCCCTCTGACCGGCCCTCCTTTG","100G32",1,1,"snp"
1316,"T","AAT","A","AAA",2,2231,479,479,"N/K","missense_variant","133M","CTTACCCGGGAATTGACCTGTCCCAGGTGTATGAGCTGCTAGAGAAGGACTACCGCATGGAGCGCCCAGAAGGCTGCCCAGAGAAGGTCTATGAACTCATGCGAGCATGTTGGCAGTGGAAACCCTCTGACCG","121T11",1,2,"snp"
1367,"T","AAT","A","AAA",2,2431,479,479,"N/K","missense_variant","133M","ACCGCATGGAGCGCCCAGAAGGCTGCCCAGAGAAGGTCTATGAACTCATGCGAGCATGTTGGCAGTGGAAACCCTCTGACCGGCCCTCCTTTGCTGAAATCCACCAAGCCTTTGAAACAATGTTCCAGGAATC","70T62",1,2,"snp"
1419,"G","GCT","A","ACT",0,2956,487,487,"A/T","missense_variant","133M","AGCATGTTGGCAGTGGAATCCCTCTGACCGGCCCTCCTTTACTGAAATCCACCAAGCCTTTGAAACAATGTTCCAGGAATCCAGTATCTCAGACGAAGTGGAAAAGGAGCTGGGGAAACAAGGCGTCCGTGGG","40G92",1,2,"snp"
1439,"G","GCT","A","ACT",0,3336,487,487,"A/T","missense_variant","133M","CCTCTGACCGGCCCTCCTTTACTGAAATCCACCAAGCCTTTGAAACAATGTTCCAGGAATCCAGTATCTCAGACGAAGTGGAAAAGGAGCTGGGGAAACAAGGCGTCCGTGGGGCTGTGAGTACCTTGCTGCA","20G112",1,2,"snp"
1403,"G","GAA","A","AAA",0,2819,488,488,"E/K","missense_variant","133M","TCTATGAACTCATGCGAGCATGTTGGCAGTGGAATCCCTCTGACCGGCCCTCCTTTGCTAAAATCCACCAAGCCTTTGAAACAATGTTCCAGGAATCCAGTATCTCAGACGAAGTGGAAAAGGAGCTGGGGAA","59G73",1,9,"snp"
1432,"G","GAA","A","AAA",0,3331,488,488,"E/K","missense_variant","133M","TGGAATCCCTCTGACCGGCCCTCCTTTGCTAAAATCCACCAAGCCTTTGAAACAATGTTCCAGGAATCCAGTATCTCAGACGAAGTGGAAAAGGAGCTGGGGAAACAAGGCGTCCGTGGGGCTGTGAGTACCT","30G102",1,9,"snp"
1417,"G","GAA","A","AAA",0,2945,488,488,"E/K","missense_variant","18S115M","TCTTCCGATCTCGGTTGTCGAGCATGTTGGCAGTGGAATCCCTCTGACCGGCCCTCCTTTGCTAAAATCCACCAAGCCTTTGAAACAATGTTCCAGGAATCCAGTATCTCAGACGAAGTGGAAAAGGAGCTGG","45G69",1,9,"snp"
1427,"G","GAA","A","AAA",0,3233,488,488,"E/K","missense_variant","116M17S","GGCAGTGGAATCCCTCTGACCGGCCCTCCTTTGCTAAAATCCACCAAGCCTTTGAAACAATGTTCCAGGAATCCAGTATCTCAGACGAAGTGGAAAAGGAGCTGGGGAAACAAGGCAGTTGTAGATCGGAAGA","35G80",1,9,"snp"
1439,"G","GAA","A","AAA",0,3336,488,488,"E/K","missense_variant","133M","CCTCTGACCGGCCCTCCTTTGCTAAAATCCACCAAGCCTTTGAAACAATGTTCCAGGAATCCAGTATCTCAGACGAAGTGGAAAAGGAGCTGGGGAAACAAGGCGTCCGTGGGGCTGTGAGTACCTTGCTGCA","23G109",1,9,"snp"
1423,"G","GAA","A","AAA",0,3018,488,488,"E/K","missense_variant","133M","TGTTGGCAGTGGAATCCCTCTGACCGGCCCTCCTTTGCTAAAATCCACCAAGCCTTTGAAACAATGTTCCAGGAATCCAGTATCTCAGACGAAGTGGAAAAGGAGCTGGGGAAACAAGGCGTCCGTGGGGCTG","39G93",1,9,"snp"
1431,"G","GAA","A","AAA",0,3310,488,488,"E/K","missense_variant","133M","GTGGAATCCCTCTGACCGGCCCTCCTTTGCTAAAATCCACCAAGCCTTTGAAACAATGTTCCAGGAATCCAGTATCTCAGACGAAGTGGAAAAGGAGCTGGGGAAACAAGGCGTCCGTGGGGCTGTGAGTACC","31G101",1,9,"snp"
1460,"G","GAA","A","AAA",0,3316,488,488,"E/K","missense_variant","133M","CTAAAATCCACCAAGCCTTTGAAACAATGTTCCAGGAATCCAGTATCTCAGACGAAGTGGAAAAGGAGCTGGGGAAACAAGGCGTCCGTGGGGCTGTGAGTACCTTGCTGCAGGCCCCAGAGCTGCCCACCAA","2G130",1,9,"snp"
1433,"G","GAA","A","AAA",0,3319,488,488,"E/K","missense_variant","133M","GGAATCCCTCTGACCGGCCCTCCTTTGCTAAAATCCACCAAGCCTTTGAAACAATGTTCCAGGAATCCAGTATCTCAGACGAAGTGGAAAAGGAGCTGGGGAAACAAGGCGTCCGTGGGGCTGTGAGTACCTT","29G103",1,9,"snp"
1431,"G","GAA","A","AAA",0,3310,505,505,"E/K","missense_variant","133M","GTGGAATCCCTCTGACCGGCCCTCCTTTGCTGAAATCCACCAAGCCTTTGAAACAATGTTCCAGGAATCCAGTATCTCAGACAAAGTGGAAAAGGAGCTGGGGAAACAAGGCGTCCGTGGGGCTGTGAGTACC","82G50",1,3,"snp"
1510,"G","GAA","A","AAA",0,2913,505,505,"E/K","missense_variant","133M","GACAAAGTGGAAAAGGAGCTGGGGAAACAAGGCGTCCGTGGGGCTGTGAGTACCTTGCTGCAGGCCCCAGAGCTGCCCACCAAGACGAGGACCTCCAGGAGAGCTGCAGAGCACAGAGACACCACTGACGTGC","3G129",1,3,"snp"
1429,"G","GAA","A","AAA",0,3263,505,505,"E/K","missense_variant","133M","CAGTGGAATCCCTCTGACCGGCCCTCCTTTGCTGAAATCCACCAAGCCTTTGAAACAATGTTCCAGGAATCCAGTATCTCAGACAAAGTGGAAAAGGAGCTGGGGAAACAAGGCGTCCGTGGGGCTGTGAGTA","84G48",1,3,"snp"
1415,"G","GTG","A","GTA",2,2876,506,506,"V/V","synonymous_variant","133M","TGCGAGCATGTTGGCAGTGGAATCCCTCTGACCGGCCCTCCTTTGCTGAAATCCACCAAGCCTTTGAAACAATGTTCCAGGAATCCAGTATCTCAGACGAAGTAGAAAAGGAGCTGGGGAAACAAGGCGTCCG","103G29",1,1,"snp"
1398,"G","GAA","A","AAA",0,2706,507,507,"E/K","missense_variant","133M","GAAGGTCTATGAACTCATGCGAGCATGTTGGCAGTGGAATCCCTCTGACCGGCCCTCCTTTGCTGAAATCCACCAAGCCTTTGAAACAATGTTCCAGGAATCCAGTATCTCAGACGAAGTGAAAAAGGAGCTG","121G11",1,9,"snp"
1402,"G","GAA","A","AAA",0,2794,507,507,"E/K","missense_variant","133M","GTCTATGAACTCATGCGAGCATGTTGGCAGTGGAATCCCTCTGACCGGCCCTCCTTTGCTGAAATCCACCAAGCCTTTGAAACAATGTTCCAGGAATCCAGTATCTCAGACGAAGTGAAAAAGGAGCTGGGGA","117G15",1,9,"snp"
1392,"G","GAA","A","AAA",0,2708,507,507,"E/K","missense_variant","133M","CCCAGAGAAGGTCTATGAACTCATGCGAGCATGTTGGCAGTGGAATCCCTCTGACCGGCCCTCCTTTGCTGAAATCCACCAAGCCTTTGAAACAATGTTCCAGGAATCCAGTATCTCAGACGAAGTGAAAAAG","127G5",1,9,"snp"
1402,"G","GAA","A","AAA",0,2794,507,507,"E/K","missense_variant","2S131M","TTGTCTATGAACTCATGCGAGCATGTTGGCAGTGGAATCCCTCTGACCGGCCCTCCTTTGCTGAAATCCACCAAGCCTTTGAAACAATGTTCCAGGAATCCAGTATCTCAGACGAAGTGAAAAAGGAGCTGGG","117G13",1,9,"snp"
1480,"G","GAA","A","AAA",0,3191,507,507,"E/K","missense_variant","133M","GAAACAATGTTCCAGGAATCCAGTATCTCAGACGAAGTGAAAAAGGAGCTGGGGAAACAAGGCGTCCGTGGGGCTGTGAGTACCTTGCTGCAGGCCCCAGAGCTGCCCACCAAGACGAGGACCTCCAGGAGAG","39G93",1,9,"snp"
1407,"G","GAA","A","AAA",0,2826,507,507,"E/K","missense_variant","133M","TGAACTCATGCGAGCATGTTGGCAGTGGAATCCCTCTGACCGGCCCTCCTTTGCTGAAATCCACCAAGCCTTTGAAACAATGTTCCAGGAATCCAGTATCTCAGACGAAGTGAAAAAGGAGCTGGGGAAACAA","112G20",1,9,"snp"
1401,"G","GAA","A","AAA",0,2752,507,507,"E/K","missense_variant","133M","GGTCTATGAACTCATGCGAGCATGTTGGCAGTGGAATCCCTCTGACCGGCCCTCCTTTGCTGAAATCCACCAAGCCTTTGAAACAATGTTCCAGGAATCCAGTATCTCAGACGAAGTGAAAAAGGAGCTGGGG","118G14",1,9,"snp"
1417,"G","GAA","A","AAA",0,2945,507,507,"E/K","missense_variant","133M","CGAGCATGTTGGCAGTGGAATCCCTCTGACCGGCCCTCCTTTGCTGAAATCCACCAAGCCTTTGAAACAATGTTCCAGGAATCCAGTATCTCAGACGAAGTGAAAAAGGAGCTGGGGAAACAAGGCGTCCGTG","102G30",1,9,"snp"
1434,"G","GAA","A","AAA",0,3317,507,507,"E/K","missense_variant","133M","GAATCCCTCTGACCGGCCCTCCTTTGCTGAAATCCACCAAGCCTTTGAAACAATGTTCCAGGAATCCAGTATCTCAGACGAAGTGAAAAAGGAGCTGGGGAAACAAGGCGTCCGTGGGGCTGTGAGTACCTTG","85G47",1,9,"snp"
1438,"G","GAA","C","CAA",0,3322,507,507,"E/Q","missense_variant","133M","CCCTCTGACCGGCCCTCCTTTGCTGAAATCCACCAAGCCTTTGAAACAATGTTCCAGGAATCCAGTATCTCAGACGAAGTGCAAAAGGAGCTGGGGAAACAAGGCGTCCGTGGGGCTGTGAGTACCTTGCTGC","81G51",1,2,"snp"
1447,"G","GAA","C","CAA",0,3350,507,507,"E/Q","missense_variant","133M","CGGCCCTCCTTTGCTGAAATCCACCAAGCCTTTGAAACAATGTTCCAGGAATCCAGTATCTCAGACGAAGTGCAAAAGGAGCTGGGGAAACAAGGCGTCCGTGGGGCTGTGAGTACCTTGCTGCAGGCCCCAG","72G60",1,2,"snp"
1454,"A","GAA","C","GAC",2,3295,507,507,"E/D","missense_variant","133M","CCTTTGCTGAAATCCACCAAGCCTTTGAAACAATGTTCCAGGAATCCAGTATCTCAGACGAAGTGGACAAGGAGCTGGGGAAACAAGGCGTCCGTGGGGCTGTGAGTACCTTGCTGCAGGCCCCAGAGCTGCC","67A65",1,2,"snp"
1405,"A","GAA","C","GAC",2,2817,507,507,"E/D","missense_variant","133M","TATGAACTCATGCGAGCATGTTGGCAGTGGAATCCCTCTGACCGGCCCTCCTTTGCTGAAATCCACCAAGCCTTTGAAACAATGTTCCAGGAATCCAGTATCTCAGACGAAGTGGACAAGGAGCTGGGGAAAC","116A16",1,2,"snp"
1443,"G","AAG","A","AAA",2,3337,508,508,"K/K","synonymous_variant","133M","TGACCGGCCCTCCTTTGCTGAAATCCACCAAGCCTTTGAAACAATGTTCCAGGAATCCAGTATCTCAGACGAAGTGGAAAAAGAGCTGGGGAAACAAGGCGTCCGTGGGGCTGTGAGTACCTTGCTGCAGGCC","81G51",1,1,"snp"
1417,"C","CTG","A","ATG",0,2945,510,510,"L/M","missense_variant","18S115M","TCTTCCGATCTCGGTTGTCGAGCATGTTGGCAGTGGAATCCCTCTGACCGGCCCTCCTTTGCTGAAATCCACCAAGCCTTTGAAACAATGTTCCAGGAATCCAGTATCTCAGACGAAGTGGAAAAGGAGATGG","111C3",1,2,"snp"
1427,"C","CTG","A","ATG",0,3233,510,510,"L/M","missense_variant","115M18S","GGCAGTGGAATCCCTCTGACCGGCCCTCCTTTGCTGAAATCCACCAAGCCTTTGAAACAATGTTCCAGGAATCCAGTATCTCAGACGAAGTGGAAAAGGAGATGGGGAAACAAGGACAACCGAGATCGGAAGA","101C13",1,2,"snp"
1427,"G","GGG","A","GGA",2,3233,511,511,"G/G","synonymous_variant","114M19S","GGCAGTGGAATCCCTCTGACCGGCCCTCCTTTGCTGAAATCCACCAAGCCTTTGAAACAATGTTCCAGGAATCCAGTATCTCAGACGAAGTGGAAAAGGAGCTGGGAAAACAAGACGTCTGAGATCGGAAGAG","106G7",1,1,"snp"
1421,"G","GGG","A","GAG",1,2993,517,517,"G/E","missense_variant","133M","CATGTTGGCAGTGGAATCCCTCTGACCGGCCCTCCTTTGCTGAAATCCACCAAGCCTTTGAAACAATGTTCCAGGAATCCAGTATCTCAGACGAAGTGGAAAAGGAGCTGGGGAAACAAGGCGTCCGTGAGGC","129G3",1,1,"snp"
1540,"G","GCA","A","ACA",0,1731,539,539,"A/T","missense_variant","133M","GGCGTCCGTGGGGCTGTGAGTACCTTGCTGCAGGCCCCAGAGCTGCCCACCAAGACGAGGACCTCCAGGAGAGCTACAGAGCACAGAGACACCACTGACGTGCCTGAGATGCCTCACTCCAAGGGCCAGGGAG","75G57",1,1,"snp"
1553,"C","CCT","T","TCT",0,1286,551,551,"P/S","missense_variant","133M","CTGTGAGTACCTTGCTGCAGGCCCCAGAGCTGCCCACCAAGACGAGGACCTCCAGGAGAGCTGCAGAGCACAGAGACACCACTGACGTGCCTGAGATGTCTCACTCCAAGGGCCAGGGAGAGAGCGATCCTCT","98C34",1,1,"snp"
636,"G","ATG","A","ATA",2,97,244,244,"M/I","missense_variant","133M","GCTCCATTATCCAGCCCCAAAGCGCAACAAGCCCACTGTCTATGGTGTGTCCCCCAACTACGACAAGTGGGAGATGGAACGCACGGACATCACCATAAAGCACAAGCTGGGCGGGGGCCAGTACGGGGAGGTG","96G36",1,2,"snp"
722,"G","ATG","A","ATA",2,444,244,244,"M/I","missense_variant","132M","ACATCACCATAAAGCACAAGCTGGGCGGGGGCCAGTACGGGGAGGTGTACGAGGGCGTGTGGAAGAAATACAGCCTGACGGTGGCCGTGAAGACCTTGAAGGAGGACACCATGGAGGTGGAAGAGTTCTTGA","10G121",1,2,"snp"
633,"G","AAG","A","AAA",2,85,245,245,"K/K","synonymous_variant","133M","CACGCTCCATTATCCAGCCCCAAAGCGCAACAAGCCCACTGTCTATGGTGTGTCCCCCAACTACGACAAGTGGGAGATGGAACGCACGGACATCACCATGAAACACAAGCTGGGCGGGGGCCAGTACGGGGAG","102G30",1,1,"snp"
648,"G","CAG","A","CAA",2,130,252,252,"Q/Q","synonymous_variant","133M","AGCCCCAAAGCGCAACAAGCCCACTGTCTATGGTGTGTCCCCCAACTACGACAAGTGGGAGATGGAACGCACGGACATCACCATGAAGCACAAGCTGGGCGGGGGCCAATACGGGGAGGTGTACGAGGGCGTG","108G24",1,8,"snp"
682,"G","CAG","A","CAA",2,231,252,252,"Q/Q","synonymous_variant","133M","GTGTCCCCCAACTACGACAAGTGGGAGATGGAACGCACGGACATCACCATGAAGCACAAGCTGGGCGGGGGCCAATACGGGGAGGTGTACGAGGGCGTGTGGAAGAAATACAGCCTGACGGTGGCCGTGAAGA","74G58",1,8,"snp"
692,"G","CAG","A","CAA",2,280,252,252,"Q/Q","synonymous_variant","133M","ACTACGACAAGTGGGAGATGGAACGCACGGACATCACCATGAAGCACAAGCTGGGCGGGGGCCAATACGGGGAGGTGTACGAGGGCGTGTGGAAGAAATACAGCCTGACGGTGGCCGTGAAGACCTTGAAGGA","64G68",1,8,"snp"
698,"G","CAG","A","CAA",2,319,252,252,"Q/Q","synonymous_variant","133M","ACAAGTGGGAGATGGAACGCACGGACATCACCATGAAGCACAAGCTGGGCGGGGGCCAATACGGGGAGGTGTACGAGGGCGTGTGGAAGAAATACAGCCTGACGGTGGCCGTGAAGACCTTGAAGGAGGACAC","58G74",1,8,"snp"
671,"G","CAG","A","CAA",2,185,252,252,"Q/Q","synonymous_variant","133M","CTGTCTATGGTGTGTCCCCCAACTACGACAAGTGGGAGATGGAACGCACGGACATCACCATGAAGCACAAGCTGGGCGGGGGCCAATACGGGGAGGTGTACGAGGGCGTGTGGAAGAAATACAGCCTGACGGT","85G47",1,8,"snp"
704,"G","CAG","A","CAA",2,349,252,252,"Q/Q","synonymous_variant","133M","GGGAGATGGAACGCACGGACATCACCATGAAGCACAAGCTGGGCGGGGGCCAATACGGGGAGGTGTACGAGGGCGTGTGGAAGAAATACAGCCTGACGGTGGCCGTGAAGACCTTGAAGGAGGACACCATGGA","52G80",1,8,"snp"
737,"G","CAG","A","CAA",2,529,252,252,"Q/Q","synonymous_variant","133M","ACAAGCTGGGCGGGGGCCAATACGGGGAGGTGTACGAGGGCGTGTGGAAGAAATACAGCCTGACGGTGGCCGTGAAGACCTTGAAGGAGGACACCATGGAGGTGGAAGAGTTCTTGAAAGAAGCTGCAGTCAT","19G113",1,8,"snp"
701,"G","CAG","A","CAA",2,334,252,252,"Q/Q","synonymous_variant","133M","AGTGGGAGATGGAACGCACGGACATCACCATGAAGCACAAGCTGGGCGGGGGCCAATACGGGGAGGTGTACGAGGGCGTGTGGAAGAAATACAGCCTGACGGTGGCCGTGAAGACCTTGAAGGAGGACACCAT","55G77",1,8,"snp"
718,"G","GAG","A","AAG",0,408,255,255,"E/K","missense_variant","133M","ACGGACATCACCATGAAGCACAAGCTGGGCGGGGGCCAGTACGGGAAGGTGTACGAGGGCGTGTGGAAGAAATACAGCCTGACGGTGGCCGTGAAGACCTTGAAGGAGGACACCATGGAGGTGGAAGAGTTCT","45G87",1,2,"snp"
706,"G","GAG","A","AAG",0,353,255,255,"E/K","missense_variant","133M","GAGATGGAACGCACGGACATCACCATGAAGCACAAGCTGGGCGGGGGCCAGTACGGGAAGGTGTACGAGGGCGTGTGGAAGAAATACAGCCTGACGGTGGCCGTGAAGACCTTGAAGGAGGACACCATGGAGG","57G75",1,2,"snp"
768,"G","GAG","T","TAG",0,763,258,258,"E/O","stop_gained","133M","GTACTAGGGCGTGTGGAAGAAATACAGCCTGACGGTGGCCGTGAAGACCTTGAAGGAGGACACCATGGAGGTGGAAGAGTTCTTGAAAGAAGCTGCAGTCATGAAAGAGATCAAACACCCTAACCTGGTGCAG","4G128",1,1,"snp"
772,"G","GAG","T","GAT",2,811,258,258,"E/D","missense_variant","133M","GATGGCGTGTGGAAGAAATACAGCCTGACGGTGGCCGTGAAGACCTTGAAGGAGGACACCATGGAGGTGGAAGAGTTCTTGAAAGAAGCTGCAGTCATGAAAGAGATCAAACACCCTAACCTGGTGCAGCTCC","2G130",1,1,"snp"
737,"C","AGC","A","AGA",2,529,265,265,"S/R","missense_variant","133M","ACAAGCTGGGCGGGGGCCAGTACGGGGAGGTGTACGAGGGCGTGTGGAAGAAATACAGACTGACGGTGGCCGTGAAGACCTTGAAGGAGGACACCATGGAGGTGGAAGAGTTCTTGAAAGAAGCTGCAGTCAT","58C74",1,1,"snp"
757,"G","ACG","A","ACA",2,670,267,267,"T/T","synonymous_variant","133M","TACGGGGAGGTGTACGAGGGCGTGTGGAAGAAATACAGCCTGACAGTGGCCGTGAAGACCTTGAAGGAGGACACCATGGAGGTGGAAGAGTTCTTGAAAGAAGCTGCAGTCATGAAAGAGATCAAACACCCTA","44G88",1,3,"snp"
778,"G","ACG","A","ACA",2,951,267,267,"T/T","synonymous_variant","133M","GTGTGGAAGAAATACAGCCTGACAGTGGCCGTGAAGACCTTGAAGGAGGACACCATGGAGGTGGAAGAGTTCTTGAAAGAAGCTGCAGTCATGAAAGAGATCAAACACCCTAACCTGGTGCAGCTCCTTGGGG","23G109",1,3,"snp"
798,"G","ACG","A","ACA",2,1454,267,267,"T/T","synonymous_variant","133M","GACAGTGGCCGTGAAGACCTTGAAGGAGGACACCATGGAGGTGGAAGAGTTCTTGAAAGAAGCTGCAGTCATGAAAGAGATCAAACACCCTAACCTGGTGCAGCTCCTTGGGGTCTGCACCCGGGAGCCCCCG","3G129",1,3,"snp"
804,"G","GTG","A","GTA",2,1577,270,270,"V/V","synonymous_variant","133M","GGCCGTAAAGACCTTGAAGGAGGACACCATGGAGGTGGAAGAGTTCTTGAAAGAAGCTGCAGTCATGAAAGAGATCAAACACCCTAACCTGGTGCAGCTCCTTGGGGTCTGCACCCGGGAGCCCCCGTTCTAT","6G126",1,2,"snp"
799,"G","GTG","A","GTA",2,1476,270,270,"V/V","synonymous_variant","133M","ACGGTGGCCGTAAAGACCTTGAAGGAGGACACCATGGAGGTGGAAGAGTTCTTGAAAGAAGCTGCAGTCATGAAAGAGATCAAACACCCTAACCTGGTGCAGCTCCTTGGGGTCTGCACCCGGGAGCCCCCGT","11G121",1,2,"snp"
800,"G","AAG","A","AAA",2,1506,274,274,"K/K","synonymous_variant","133M","CGGTGGCCGTGAAGACCTTGAAAGAGGACACCATGGAGGTGGAAGAGTTCTTGAAAGAAGCTGCAGTCATGAAAGAGATCAAACACCCTAACCTGGTGCAGCTCCTTGGGGTCTGCACCCGGGAGCCCCCGTT","22G110",1,3,"snp"
816,"G","AAG","A","AAA",2,2016,274,274,"K/K","synonymous_variant","133M","CTTGAAAGAGGACACCATGGAGGTGGAAGAGTTCTTGAAAGAAGCTGCAGTCATGAAAGAGATCAAACACCCTAACCTGGTGCAGCTCCTTGGGGTCTGCACCCGGGAGCCCCCGTTCTATATCATCACTGAG","6G126",1,3,"snp"
817,"G","AAG","A","AAA",2,2048,274,274,"K/K","synonymous_variant","133M","TTGAAAGAGGACACCATGGAGGTGGAAGAGTTCTTGAAAGAAGCTGCAGTCATGAAAGAGATCAAACACCCTAACCTGGTGCAGCTCCTTGGGGTCTGCACCCGGGAGCCCCCGTTCTATATCATCACTGAGT","5G127",1,3,"snp"
821,"G","TTG","A","TTA",2,2189,284,284,"L/L","synonymous_variant","133M","AGGAGGACACCATGGAGGTGGAAGAGTTCTTAAAAGAAGCTGCAGTCATGAAAGAGATCAAACACCCTAACCTGGTGCAGCTCCTTGGGGTCTGCACCCGGGAGCCCCCGTTCTATATCATCACTGAGTTCAT","31G101",1,1,"snp"
831,"G","GAG","A","GAA",2,2466,292,292,"E/E","synonymous_variant","122M11S","CATGGAGGTGGAAGAGTTCTTGAAAGAAGCTGCAGTCATGAAAGAAATCAAACACCCTAACCTGGTGCAGCTCCTTGGGGTCTGCACCCGGGAGCCCCCGTTCTATATCATCACTGAGTTCAATCTCACAGAT","45G76",1,2,"snp"
820,"G","GAG","A","GAA",2,2158,292,292,"E/E","synonymous_variant","10S123M","ATCTGCCATTAAGGAGGACACCATGGAGGTGGAAGAGTTCTTGAAAGAAGCTGCAGTCATGAAAGAAATCAAACACCCTAACCTGGTGCAGCTCCTTGGGGTCTGCACCCGGGAGCCCCCGTTCTATATCATC","56G66",1,2,"snp"
863,"C","CCT","G","CGT",1,2737,296,296,"P/R","missense_variant","133M","CAGTCATGAAAGAGATCAAACACCGTAACCTGGTGCAGCTCCTTGGGGTCTGCACCCGGGAGCCCCCGTTCTATATCATCACTGAGTTCATGACCTACGGGAACCTCCTGGACTACCTGAGGGAGTGCAACCG","24C108",1,1,"snp"
781,"G","CTG","A","CTA",2,1029,298,298,"L/L","synonymous_variant","133M","TGGAAGAAATACAGCCTGACGGTGGCCGTGAAGACCTTGAAGGAGGACACCATGGAGGTGGAAGAGTTCTTGAAAGAAGCTGCAGTCATGAAAGAGATCAAACACCCTAACCTAGTGCAGCTCCTTGGGGTCT","113G19",1,8,"snp"
784,"G","CTG","A","CTA",2,1071,298,298,"L/L","synonymous_variant","133M","AAGAAATACAGCCTGACGGTGGCCGTGAAGACCTTGAAGGAGGACACCATGGAGGTGGAAGAGTTCTTGAAAGAAGCTGCAGTCATGAAAGAGATCAAACACCCTAACCTAGTGCAGCTCCTTGGGGTCTGCA","110G22",1,8,"snp"
825,"G","CTG","A","CTA",2,2315,298,298,"L/L","synonymous_variant","133M","GGACACCATGGAGGTGGAAGAGTTCTTGAAAGAAGCTGCAGTCATGAAAGAGATCAAACACCCTAACCTAGTGCAGCTCCTTGGGGTCTGCACCCGGGAGCCCCCGTTCTATATCATCACTGAGTTCATGACC","69G63",1,8,"snp"
806,"G","CTG","A","CTA",2,1672,298,298,"L/L","synonymous_variant","133M","CCGTGAAGACCTTGAAGGAGGACACCATGGAGGTGGAAGAGTTCTTGAAAGAAGCTGCAGTCATGAAAGAGATCAAACACCCTAACCTAGTGCAGCTCCTTGGGGTCTGCACCCGGGAGCCCCCGTTCTATAT","88G44",1,8,"snp"
836,"G","CTG","A","CTA",2,2523,298,298,"L/L","synonymous_variant","133M","AGGTGGAAGAGTTCTTGAAAGAAGCTGCAGTCATGAAAGAGATCAAACACCCTAACCTAGTGCAGCTCCTTGGGGTCTGCACCCGGGAGCCCCCGTTCTATATCATCACTGAGTTCATGACCTACGGGAACCT","58G74",1,8,"snp"
850,"G","CTG","A","CTA",2,2654,298,298,"L/L","synonymous_variant","133M","TTGAAAGAAGCTGCAGTCATGAAAGAGATCAAACACCCTAACCTAGTGCAGCTCCTTGGGGTCTGCACCCGGGAGCCCCCGTTCTATATCATCACTGAGTTCATGACCTACGGGAACCTCCTGGACTACCTGA","44G88",1,8,"snp"
821,"G","CTG","A","CTA",2,2189,298,298,"L/L","synonymous_variant","133M","AGGAGGACACCATGGAGGTGGAAGAGTTCTTGAAAGAAGCTGCAGTCATGAAAGAGATCAAACACCCTAACCTAGTGCAGCTCCTTGGGGTCTGCACCCGGGAGCCCCCGTTCTATATCATCACTGAGTTCAT","73G59",1,8,"snp"
828,"G","CTG","A","CTA",2,2416,298,298,"L/L","synonymous_variant","133M","CACCATGGAGGTGGAAGAGTTCTTGAAAGAAGCTGCAGTCATGAAAGAGATCAAACACCCTAACCTAGTGCAGCTCCTTGGGGTCTGCACCCGGGAGCCCCCGTTCTATATCATCACTGAGTTCATGACCTAC","66G66",1,8,"snp"
794,"G","GTC","A","ATC",0,1367,304,304,"V/I","missense_variant","133M","GCCTGACGGTGGCCGTGAAGACCTTGAAGGAGGACACCATGGAGGTGGAAGAGTTCTTGAAAGAAGCTGCAGTCATGAAAGAGATCAAACACCCTAACCTGGTGCAGCTCCTTGGGATCTGCACCCGGGAGCC","116G16",1,1,"snp"
806,"T","TAT","C","TAC",2,1672,312,312,"Y/Y","synonymous_variant","133M","CCGTGAAGACCTTGAAGGAGGACACCATGGAGGTGGAAGAGTTCTTGAAAGAAGCTGCAGTCATGAAAGAGATCAAACACCCTAACCTGGTGCAGCTCCTTGGGGTCTGCACCCGGGAGCCCCCGTTCTACAT","130T2",1,1,"snp"
836,"C","ACT","T","ATT",1,2523,315,315,"T/I","missense_variant","133M","AGGTGGAAGAGTTCTTGAAAGAAGCTGCAGTCATGAAAGAGATCAAACACCCTAACCTGGTGCAGCTCCTTGGGGTCTGCACCCGGGAGCCCCCGTTCTATATCATCATTGAGTTCATGACCTACGGGAACCT","108C24",1,4,"snp"
879,"C","ACT","T","ATT",1,2790,315,315,"T/I","missense_variant","133M","CAAACACCCTAACCTGGTGCAGCTCCTTGGGGTCTGCACCCGGGAGCCCCCGTTCTATATCATCATTGAGTTCATGACCTACGGGAACCTCCTGGACTACCTGAGGGAGTGCAACCGGCAGGAGGTGAACGCC","65C67",1,4,"snp"
922,"C","ACT","T","ATT",1,2554,315,315,"T/I","missense_variant","133M","GAGCCCCCGTTCTATATCATCATTGAGTTCATGACCTACGGGAACCTCCTGGACTACCTGAGGGAGTGCAACCGGCAGGAGGTGAACGCCGTGGTGCTGCTGTACATGGCCACTCAGATCTCGTCAGCCATGG","22C110",1,4,"snp"
913,"C","ACT","T","ATT",1,2671,315,315,"T/I","missense_variant","133M","TGCACCCGGGAGCCCCCGTTCTATATCATCATTGAGTTCATGACCTACGGGAACCTCCTGGACTACCTGAGGGAGTGCAACCGGCAGGAGGTGAACGCCGTGGTGCTGCTGTACATGGCCACTCAGATCTCGT","31C101",1,4,"snp"
822,"T","ACT","G","ACG",2,2217,315,315,"T/T","synonymous_variant","133M","GGAGGACACCATGGAGGTGGAAGAGTTCTTGAAAGAAGCTGCAGTCATGAAAGAGATCAAACACCCTAACCTGGTGCAGCTCCTTGGGGTCTGCACCCGGGAGCCCCCGTTCTATATCATCACGGAGTTCATG","123T9",1,8,"snp"
930,"T","ACT","G","ACG",2,2403,315,315,"T/T","synonymous_variant","133M","GTTCTATATCATCACGGAGTTCATGACCTACGGGAACCTCCTGGACTACCTGAGGGAGTGCAACCGGCAGGAGGTGAACGCCGTGGTGCTGCTGTACATGGCCACTCAGATCTCGTCAGCCATGGAGTACCTG","15T117",1,8,"snp"
852,"T","ACT","G","ACG",2,2691,315,315,"T/T","synonymous_variant","133M","GAAAGAAGCTGCAGTCATGAAAGAGATCAAACACCCTAACCTGGTGCAGCTCCTTGGGGTCTGCACCCGGGAGCCCCCGTTCTATATCATCACGGAGTTCATGACCTACGGGAACCTCCTGGACTACCTGAGG","93T39",1,8,"snp"
920,"T","ACT","G","ACG",2,2571,315,315,"T/T","synonymous_variant","133M","GGGAGCCCCCGTTCTATATCATCACGGAGTTCATGACCTACGGGAACCTCCTGGACTACCTGAGGGAGTGCAACCGGCAGGAGGTGAACGCCGTGGTGCTGCTGTACATGGCCACTCAGATCTCGTCAGCCAT","25T107",1,8,"snp"
866,"T","ACT","G","ACG",2,2745,315,315,"T/T","synonymous_variant","133M","TCATGAAAGAGATCAAACACCCTAACCTGGTGCAGCTCCTTGGGGTCTGCACCCGGGAGCCCCCGTTCTATATCATCACGGAGTTCATGACCTACGGGAACCTCCTGGACTACCTGAGGGAGTGCAACCGGCA","79T53",1,8,"snp"
942,"T","ACT","G","ACG",2,2377,315,315,"T/T","synonymous_variant","133M","CACGGAGTTCATGACCTACGGGAACCTCCTGGACTACCTGAGGGAGTGCAACCGGCAGGAGGTGAACGCCGTGGTGCTGCTGTACATGGCCACTCAGATCTCGTCAGCCATGGAGTACCTGGAGAAGAAAAAC","3T129",1,8,"snp"
910,"T","ACT","G","ACG",2,2742,315,315,"T/T","synonymous_variant","133M","GTCTGCACCCGGGAGCCCCCGTTCTATATCATCACGGAGTTCATGACCTACGGGAACCTCCTGGACTACCTGAGGGAGTGCAACCGGCAGGAGGTGAACGCCGTGGTGCTGCTGTACATGGCCACTCAGATCT","35T97",1,8,"snp"
923,"T","ACT","G","ACG",2,2559,315,315,"T/T","synonymous_variant","133M","AGCCCCCGTTCTATATCATCACGGAGTTCATGACCTACGGGAACCTCCTGGACTACCTGAGGGAGTGCAACCGGCAGGAGGTGAACGCCGTGGTGCTGCTGTACATGGCCACTCAGATCTCGTCAGCCATGGA","22T110",1,8,"snp"
922,"C","TAC","T","TAT",2,2554,326,326,"Y/Y","synonymous_variant","133M","GAGCCCCCGTTCTATATCATCACTGAGTTCATGACCTACGGGAACCTCCTGGACTATCTGAGGGAGTGCAACCGGCAGGAGGTGAACGCCGTGGTGCTGCTGTACATGGCCACTCAGATCTCGTCAGCCATGG","56C76",1,3,"snp"
871,"C","TAC","T","TAT",2,2759,326,326,"Y/Y","synonymous_variant","133M","AAAGAGATCAAACACCCTAACCTGGTGCAGCTCCTTGGGGTCTGCACCCGGGAGCCCCCGTTCTATATCATCACTGAGTTCATGACCTACGGGAACCTCCTGGACTATCTGAGGGAGTGCAACCGGCAGGAGG","107C25",1,3,"snp"
972,"C","TAC","T","TAT",2,1864,326,326,"Y/Y","synonymous_variant","133M","GGACTATCTGAGGGAGTGCAACCGGCAGGAGGTGAACGCCGTGGTGCTGCTGTACATGGCCACTCAGATCTCGTCAGCCATGGAGTACCTGGAGAAGAAAAACTTCATCCACAGAGATCTTGCTGCCCGAAAC","6C126",1,3,"snp"
866,"G","AGG","A","AGA",2,2745,328,328,"R/R","synonymous_variant","133M","TCATGAAAGAGATCAAACACCCTAACCTGGTGCAGCTCCTTGGGGTCTGCACCCGGGAGCCCCCGTTCTATATCATCACTGAGTTCATGACCTACGGGAACCTCCTGGACTACCTGAGAGAGTGCAACCGGCA","118G14",1,2,"snp"
938,"G","AGG","A","AGA",2,2458,328,328,"R/R","synonymous_variant","133M","TCATCACTGAGTTCATGACCTACGGGAACCTCCTGGACTACCTGAGAGAGTGCAACCGGCAGGAGGTGAACGCCGTGGTGCTGCTGTACATGGCCACTCAGATCTCGTCAGCCATGGAGTACCTGGAGAAGAA","46G86",1,2,"snp"
1108,"CTG","CTG","TTC","TTC",0,1225,411,411,"L/F","missense_variant","133M","CTGGTAGGGGAGAACCACTTGGTGAAGGTAGCTGATTTTGGCCTGAGCAGGTTGATGACAGGGGACACCTACACAGCCCATGCTGGAGCCAAGTTCCCCATCAAATGGACTGCACCCGAGAGCTTCGCCTACA","123C1G7",2,2,"mnv"
1146,"CTG","CTG","TTC","TTC",0,1428,411,411,"L/F","missense_variant","133M","TGGCCTGAGCAGGTTGATGACAGGGGACACCTACACAGCCCATGCTGGAGCCAAGTTCCCCATCAAATGGACTGCACCCGAGAGCTTCGCCTACAACAAGTTCTCCATCAAGTCCGACGTCTGGGCATTTGGA","85C1G45",2,2,"mnv"
1424,"CT","GCT","TG","GTG",1,3178,487,487,"A/V","missense_variant","133M","GTTGGCAGTGGAATCCCTCTGACCGGCCCTCCTTTGTGGAAATCCACCAAGCCTTTGAAACAATGTTCCAGGAATCCAGTATCTCAGACGAAGTGGAAAAGGAGCTGGGGAAACAAGGCGTCCGTGGGGCTGT","36C0T95",2,1,"mnv"
